nasabah_id,nik_terenkripsi,tanggal_lahir,jenis_kelamin,jenis_usaha,pendapatan_bulanan,lama_usaha_tahun,kota,provinsi
NS000001,NIK0000001,1993-07-27,L,Pedagang Pasar,3310000.0,20.0,Bekasi,Jawa Barat
NS000002,NIK0000002,1970-06-08,L,Warung Kelontong,2830000.0,11.0,Solo,Jawa Tengah
NS000003,NIK0000003,1996-03-01,L,Peternakan,9660000.0,13.0,Parepare,Sulawesi Selatan
NS000004,NIK0000004,1971-04-01,L,Kerajinan,6080000.0,17.0,Denpasar,Bali
NS000005,NIK0000005,2002-02-23,L,Kerajinan,,14.0,Kediri,Jawa Timur
NS000006,NIK0000006,1994-05-25,P,Pedagang Pasar,3200000.0,1.0,Gresik,Jawa Timur
NS000007,NIK0000007,1993-02-16,P,LAINNYA,3360000.0,3.0,Semarang,Jawa Tengah
NS000008,NIK0000008,1988-12-05,P,Laundry,3160000.0,9.0,Smg,Jawa Tengah
NS000009,NIK0000009,1973-04-29,P,Perikanan,4940000.0,2.0,makassar,Sulawesi Selatan
NS000010,NIK0000010,1968-11-11,P,Laundry,3520000.0,7.0,Cirebon,Jawa Barat
NS000011,NIK0000011,1970-10-19,P,Pedagang Pasar,10680000.0,7.0,  Surabaya,Jawa Timur
NS000012,NIK0000012,1994-01-17,P,Peternakan,4490000.0,9.0,Gresik,Jawa Timur
NS000013,NIK0000013,1995-05-19,L,Kuliner,3000000.0,11.0,Singaraja,Bali
NS000014,NIK0000014,1995-04-10,L,Kuliner,11930000.0,18.0,Makassar,Sulawesi Selatan
NS000015,NIK0000015,1987-12-11,L,Pertanian,4740000.0,12.0,Gresik,Jawa Timur
NS000016,NIK0000016,1973-07-15,P,Jasa Jahit,6410000.0,1.0,Surabaya,Jawa Timur
NS000017,NIK0000017,1979-06-18,P,Kerajinan,5980000.0,9.0,Kediri,Jawa Timur
NS000018,NIK0000018,1995-09-22,L,Kuliner,5050000.0,5.0,Singaraja,Bali
NS000019,NIK0000019,1970-02-13,L,Warung Kelontong,863460000.0,11.0,Kediri,Jawa Timur
NS000020,NIK0000020,1983-11-24,P,Pertanian,5260000.0,5.0,Makassar,Sulawesi Selatan
NS000021,NIK0000021,1966-08-14,L,Peternakan,7770000.0,18.0,Semarang ,Jawa Tengah
NS000022,NIK0000022,1990-01-06,P,Kerajinan,3960000.0,16.0,Solo,Jawa Tengah
NS000023,NIK0000023,1982-01-15,P,Kerajinan,5580000.0,19.0,Surabaya,Jawa Timur
NS000024,NIK0000024,1975-11-13,L,Kuliner,1860000.0,17.0,Solo,Jawa Tengah
NS000025,NIK0000025,1965-12-13,P,Kerajinan,18050000.0,2.0,Denpasar,Bali
NS000026,NIK0000026,1974-04-07,P,Toko Bangunan,421200000.0,4.0,Makassar,Sulawesi Selatan
NS000027,NIK0000027,1995-06-07,L,Peternakan,2620000.0,21.0,solo,Jawa Tengah
NS000028,NIK0000028,1964-08-06,L,Kuliner,2920000.0,21.0,Kudus,Jawa Tengah
NS000029,NIK0000029,1990-03-27,P,Peternakan,,16.0,Denpasar,Bali
NS000030,NIK0000030,1971-08-04,L,Pedagang Pasar,,12.0,Parepare,Sulawesi Selatan
NS000031,NIK0000031,2000-06-21,L,Laundry,3290000.0,21.0,Pematangsiantar,Sumatera Utara
NS000032,NIK0000032,2000-08-02,P,Pedagang Pasar,1328860000.0,4.0,Bandung,Jawa Barat
NS000033,NIK0000033,1989-07-31,P,Perikanan,5087750.0,15.0,Gresik,Jawa Timur
NS000034,NIK0000034,1970-12-08,P,Toko Bangunan,1490000.0,20.0,Parepare,Sulawesi Selatan
NS000035,NIK0000035,1965-09-26,P,Salon,5600000.0,20.0,Solo,Jawa Tengah
NS000036,NIK0000036,2002-03-22,P,Jasa Jahit,3440000.0,13.0,Makassar,Sulawesi Selatan
NS000037,NIK0000037,1995-09-18,L,Tidak Diketahui,,1.0,Cirebon,Jawa Barat
NS000038,NIK0000038,1960-02-07,P,Tidak Diketahui,2960000.0,17.0,Bandung,Jawa Barat
NS000039,NIK0000039,1974-09-10,P,Bengkel,4420000.0,21.0,Gresik,Jawa Timur
NS000040,NIK0000040,1999-02-02,P,Toko Bangunan,1710000.0,12.0,Jember,Jawa Timur
NS000041,NIK0000041,1967-06-07,P,Peternakan,1700000.0,7.0,Bekasi,Jawa Barat
NS000042,NIK0000042,1982-09-06,L,Bengkel,3019750.0,10.0,Cirebon,Jawa Barat
NS000043,NIK0000043,1977-07-30,P,Perikanan,5490000.0,9.0,Pematangsiantar,Sumatera Utara
NS000044,NIK0000044,1982-09-16,L,Perikanan,6300000.0,2.0,Surabaya,Jawa Timur
NS000045,NIK0000045,1995-04-25,L,Peternakan,3840000.0,19.0,Magelang,Jawa Tengah
NS000046,NIK0000046,1979-11-19,P,Jasa Jahit,,13.0,magelang,Jawa Tengah
NS000047,NIK0000047,1966-09-14,P,Warung Kelontong,3700000.0,3.0,Bandung,Jawa Barat
NS000048,NIK0000048,2001-02-09,L,Warung Kelontong,3750000.0,12.0,Parepare,Sulawesi Selatan
NS000049,NIK0000049,1982-08-31,P,Perikanan,2290000.0,10.0,Malang,Jawa Timur
NS000050,NIK0000050,1970-11-17,L,Jasa Jahit,2110000.0,11.0,Parepare,Sulawesi Selatan
NS000051,NIK0000051,1968-03-14,L,Warung Kelontong,5370000.0,1.0,Parepare,Sulawesi Selatan
NS000052,NIK0000052,1985-10-02,P,Pedagang Pasar,7400000.0,12.0,Bekasi,Jawa Barat
NS000053,NIK0000053,1987-02-13,L,Laundry,3530000.0,12.0,Pematangsiantar,Sumatera Utara
NS000054,NIK0000054,1997-01-20,P,Kerajinan,6838500.0,13.0,Semarang,Jawa Tengah
NS000055,NIK0000055,1964-12-09,L,Perikanan,9360000.0,15.0,  Jember,Jawa Timur
NS000056,NIK0000056,1992-06-28,L,Salon,3270000.0,13.0,Kediri,Jawa Timur
NS000057,NIK0000057,2000-08-08,P,Toko Bangunan,1300000.0,12.0,Makassar,Sulawesi Selatan
NS000058,NIK0000058,1992-04-01,L,Peternakan,11310000.0,17.0,Bandung,Jawa Barat
NS000059,NIK0000059,1978-09-05,L,Laundry,2690000.0,14.0,Bandung,Jawa Barat
NS000060,NIK0000060,1977-11-01,P,Bengkel,3240000.0,13.0,Gresik,Jawa Timur
NS000061,NIK0000061,1966-04-04,L,Bengkel,5030000.0,21.0,Solo,Jawa Tengah
NS000062,NIK0000062,1972-01-12,L,Pertanian,5170000.0,16.0,Kudus,Jawa Tengah
NS000063,NIK0000063,1990-03-28,P,Pedagang Pasar,3390000.0,6.0,Sidoarjo,Jawa Timur
NS000064,NIK0000064,1992-09-19,L,Kerajinan,4187820000.0,3.0,Denpasar,Bali
NS000065,NIK0000065,1994-04-26,P,Laundry,2010000.0,4.0,Sidoarjo,Jawa Timur
NS000066,NIK0000066,1965-04-05,L,Peternakan,,18.0,Solo,Jawa Tengah
NS000067,NIK0000067,1980-01-14,L,Jasa Jahit,10390000.0,13.0,Malang,Jawa Timur
NS000068,NIK0000068,1964-01-28,P,Pedagang Pasar,287760000.0,15.0,Semarang,Jawa Tengah
NS000069,NIK0000069,1963-06-09,P,Kerajinan,8410000.0,10.0,MALANG,Jawa Timur
NS000070,NIK0000070,1985-02-27,P,Perikanan,,3.0,Bandung,Jawa Barat
NS000071,NIK0000071,1978-11-17,P,Perikanan,9780000.0,9.0,Makassar,Sulawesi Selatan
NS000072,NIK0000072,1972-01-12,P,Perikanan,11480000.0,6.0,Medan,Sumatera Utara
NS000073,NIK0000073,1995-09-30,L,Pertanian,7720000.0,11.0,  Makassar,Sulawesi Selatan
NS000074,NIK0000074,1978-11-03,P,Laundry,4410000.0,5.0,Denpasar,Bali
NS000075,NIK0000075,1988-01-27,L,Perikanan,6010000.0,2.0,Magelang,Jawa Tengah
NS000076,NIK0000076,1973-10-15,P,Salon,8720000.0,6.0,Solo,Jawa Tengah
NS000077,NIK0000077,1982-11-20,L,Kerajinan,3240000.0,18.0,Bandung,Jawa Barat
NS000078,NIK0000078,1968-09-23,P,Toko Bangunan,2820000.0,5.0,Denpasar,Bali
NS000079,NIK0000079,1960-03-16,L,Warung Kelontong,6520000.0,17.0,Makassar,Sulawesi Selatan
NS000080,NIK0000080,1990-06-06,L,Pedagang Pasar,11850000.0,3.0,Kudus,Jawa Tengah
NS000081,NIK0000081,1997-01-01,P,Peternakan,6620000.0,14.0,Parepare,Sulawesi Selatan
NS000082,NIK0000082,1973-08-25,L,Bengkel,5480000.0,11.0,Cirebon,Jawa Barat
NS000083,NIK0000083,1988-06-10,P,Jasa Jahit,10960000.0,16.0,Medan,Sumatera Utara
NS000084,NIK0000084,1974-08-09,P,Pertanian,2840000.0,6.0,Malang,Jawa Timur
NS000085,NIK0000085,1991-05-11,P,Toko Bangunan,3880000.0,14.0,Surabaya,Jawa Timur
NS000086,NIK0000086,1974-03-27,P,Toko Bangunan,5780000.0,6.0,Gresik ,Jawa Timur
NS000087,NIK0000087,1981-05-31,P,Warung Kelontong,2400000.0,20.0,  Singaraja,Bali
NS000088,NIK0000088,1986-05-28,P,Pertanian,5650000.0,1.0,Sidoarjo,Jawa Timur
NS000089,NIK0000089,1984-11-30,P,Laundry,7340000.0,3.0,Solo,Jawa Tengah
NS000090,NIK0000090,1988-02-16,P,Salon,,2.0,Sidoarjo,Jawa Timur
NS000091,NIK0000091,1993-09-22,P,Bengkel,1779360000.0,6.0,Surabaya,Jawa Timur
NS000092,NIK0000092,1961-07-12,L,Toko Bangunan,4580000.0,11.0,Jember,Jawa Timur
NS000093,NIK0000093,1998-09-17,L,Laundry,3650000.0,13.0,Singaraja,Bali
NS000094,NIK0000094,1977-05-18,P,Laundry,2890000.0,5.0,Gresik,Jawa Timur
NS000095,NIK0000095,1965-07-05,P,Pertanian,6310000.0,20.0,Bandung,Jawa Barat
NS000096,NIK0000096,1978-01-31,P,Laundry,3150000.0,17.0,Solo,Jawa Tengah
NS000097,NIK0000097,1965-01-19,P,Salon,2930000.0,7.0,Parepare,Sulawesi Selatan
NS000098,NIK0000098,1997-01-26,P,Pertanian,5640000.0,7.0,malang,Jawa Timur
NS000099,NIK0000099,1992-08-24,P,Laundry,6970000.0,16.0,Kudus,Jawa Tengah
NS000100,NIK0000100,1974-03-17,P,Laundry,3690000.0,3.0,Bandung,Jawa Barat
NS000101,NIK0000101,1990-11-05,P,Perikanan,9106250.0,21.0,SURABAYA,Jawa Timur
NS000102,NIK0000102,1972-12-31,P,Pedagang Pasar,7490000.0,14.0,Solo,Jawa Tengah
NS000103,NIK0000103,1985-06-22,P,Salon,9650000.0,11.0,Bogor,Jawa Barat
NS000104,NIK0000104,1963-06-28,L,Bengkel,4640000.0,15.0,Cirebon,Jawa Barat
NS000105,NIK0000105,1969-06-17,L,Peternakan,3031080000.0,17.0,Cirebon,Jawa Barat
NS000106,NIK0000106,1970-09-23,L,Salon,2440000.0,8.0,Solo,Jawa Tengah
NS000107,NIK0000107,2000-03-11,P,Bengkel,7990000.0,10.0,Singaraja,Bali
NS000108,NIK0000108,1996-12-24,P,Bengkel,780000.0,21.0,Surabaya,Jawa Timur
NS000109,NIK0000109,1996-08-16,L,Toko Bangunan,3980000.0,15.0,Jember,Jawa Timur
NS000110,NIK0000110,1987-04-13,P,Pedagang Pasar,3330000.0,7.0,Semarang,Jawa Tengah
NS000111,NIK0000111,1984-05-06,L,Pertanian,3290000.0,5.0,Gresik,Jawa Timur
NS000112,NIK0000112,1971-12-11,L,Kerajinan,5090000.0,18.0,Bekasi,Jawa Barat
NS000113,NIK0000113,1995-07-18,P,Pertanian,3980000.0,21.0,Bekasi,Jawa Barat
NS000114,NIK0000114,1967-09-20,L,Kerajinan,6060000.0,9.0,Gresik,Jawa Timur
NS000115,NIK0000115,1964-03-22,P,LAINNYA,10590000.0,13.0,Pematangsiantar,Sumatera Utara
NS000116,NIK0000116,1996-01-03,L,Salon,6610000.0,2.0,Makassar,Sulawesi Selatan
NS000117,NIK0000117,1994-08-06,P,Kerajinan,1472250000.0,13.0,Kediri,Jawa Timur
NS000118,NIK0000118,1968-06-12,L,Kerajinan,4360000.0,17.0,Sidoarjo,Jawa Timur
NS000119,NIK0000119,1994-08-11,L,Warung Kelontong,4270000.0,5.0,Bandung,Jawa Barat
NS000120,NIK0000120,1989-07-16,L,Kuliner,,17.0,Surabaya,Jawa Timur
NS000121,NIK0000121,1985-10-01,P,Toko Bangunan,1596450000.0,18.0,Singaraja,Bali
NS000122,NIK0000122,1994-10-08,P,Tidak Diketahui,6460000.0,9.0,Bogor,Jawa Barat
NS000123,NIK0000123,2002-07-07,P,Jasa Jahit,2030000.0,10.0,Makassar,Sulawesi Selatan
NS000124,NIK0000124,1984-12-29,P,Salon,8000000.0,18.0,Kudus,Jawa Tengah
NS000125,NIK0000125,1980-02-13,P,Warung Kelontong,6130000.0,1.0,Kudus,Jawa Tengah
NS000126,NIK0000126,1971-01-29,L,Laundry,6430000.0,10.0,Semarang,Jawa Tengah
NS000127,NIK0000127,1999-09-29,L,Bengkel,4770000.0,6.0,Parepare,Sulawesi Selatan
NS000128,NIK0000128,1989-11-17,L,Laundry,3450000.0,19.0,Medan,Sumatera Utara
NS000129,NIK0000129,1992-04-12,L,Salon,2270000.0,5.0,Sidoarjo,Jawa Timur
NS000130,NIK0000130,1980-08-17,L,Laundry,3880000.0,2.0,Semarang,Jawa Tengah
NS000131,NIK0000131,1993-04-05,L,Pertanian,2390000.0,19.0,Pematangsiantar,Sumatera Utara
NS000132,NIK0000132,1982-02-17,P,Toko Bangunan,10120000.0,13.0,Magelang,Jawa Tengah
NS000133,NIK0000133,1971-09-26,P,Bengkel,4890000.0,21.0,Bandung,Jawa Barat
NS000134,NIK0000134,1987-09-09,L,Jasa Jahit,14870000.0,1.0,Bandung,Jawa Barat
NS000135,NIK0000135,1961-01-15,P,Pertanian,5720000.0,15.0,Solo,Jawa Tengah
NS000136,NIK0000136,2002-02-08,L,Salon,3380000.0,5.0,Denpasar,Bali
NS000137,NIK0000137,1998-02-22,L,Laundry,3390000.0,18.0,Medan,Sumatera Utara
NS000138,NIK0000138,1989-03-09,P,Peternakan,5150000.0,13.0,Bogor,Jawa Barat
NS000139,NIK0000139,1981-09-23,P,Bengkel,6121750.0,18.0,Solo,Jawa Tengah
NS000140,NIK0000140,1980-03-13,P,Jasa Jahit,3865750.0,6.0,Gresik,Jawa Timur
NS000141,NIK0000141,1990-06-13,L,Kerajinan,3230000.0,10.0,Bandung,Jawa Barat
NS000142,NIK0000142,1962-10-27,L,Laundry,4440000.0,12.0,Magelang,Jawa Tengah
NS000143,NIK0000143,1973-09-03,L,Pertanian,6160000.0,21.0,Semarang,Jawa Tengah
NS000144,NIK0000144,1978-09-10,P,Pedagang Pasar,3810000.0,15.0,Medan,Sumatera Utara
NS000145,NIK0000145,1979-03-13,L,Perikanan,3430000.0,10.0,Semarang,Jawa Tengah
NS000146,NIK0000146,1985-06-29,P,Pedagang Pasar,3466250.0,15.0,Sidoarjo,Jawa Timur
NS000147,NIK0000147,1980-11-23,P,Perikanan,8050000.0,9.0,Jember,Jawa Timur
NS000148,NIK0000148,1984-08-12,L,Pertanian,2780000.0,6.0,Jember,Jawa Timur
NS000149,NIK0000149,1985-04-03,P,Kerajinan,2840000.0,21.0,Makassar,Sulawesi Selatan
NS000150,NIK0000150,1991-05-14,P,Peternakan,1454100000.0,3.0,Bandung ,Jawa Barat
NS000151,NIK0000151,1998-01-18,L,Toko Bangunan,11270000.0,8.0,Singaraja,Bali
NS000152,NIK0000152,1990-05-18,P,Salon,8480000.0,18.0,Cirebon,Jawa Barat
NS000153,NIK0000153,1962-02-09,P,Bengkel,2080000.0,5.0,Malang,Jawa Timur
NS000154,NIK0000154,1991-09-18,P,Pertanian,6880000.0,3.0,Medan,Sumatera Utara
NS000155,NIK0000155,1982-08-08,P,Pertanian,4590000.0,13.0,Jember,Jawa Timur
NS000156,NIK0000156,1961-04-26,P,Jasa Jahit,2910000.0,6.0,Gresik,Jawa Timur
NS000157,NIK0000157,1981-07-01,L,Pedagang Pasar,7355500.0,7.0,Bogor,Jawa Barat
NS000158,NIK0000158,1977-05-31,L,Kerajinan,9300000.0,11.0,Bandung,Jawa Barat
NS000159,NIK0000159,1961-02-05,L,Salon,3100000.0,12.0,Semarang,Jawa Tengah
NS000160,NIK0000160,1999-02-28,L,Peternakan,4440000.0,11.0,Cirebon,Jawa Barat
NS000161,NIK0000161,1992-02-28,L,Laundry,4406250.0,17.0,Cirebon,Jawa Barat
NS000162,NIK0000162,1987-10-25,L,Pedagang Pasar,437750000.0,1.0,Surabaya,Jawa Timur
NS000163,NIK0000163,1995-01-10,P,Jasa Jahit,2340000.0,3.0,Sidoarjo,Jawa Timur
NS000164,NIK0000164,1970-04-15,P,Pedagang Pasar,2160000.0,21.0,Makassar,Sulawesi Selatan
NS000165,NIK0000165,1962-03-17,P,Kerajinan,4780000.0,20.0,Solo,Jawa Tengah
NS000166,NIK0000166,1983-07-12,L,LAINNYA,10160000.0,12.0,  Kudus,Jawa Tengah
NS000167,NIK0000167,1986-04-09,L,Peternakan,3610000.0,10.0,Gresik,Jawa Timur
NS000168,NIK0000168,2002-07-18,L,Jasa Jahit,1620000.0,12.0,  Gresik,Jawa Timur
NS000169,NIK0000169,2001-11-05,P,Tidak Diketahui,3240000.0,20.0,Bekasi,Jawa Barat
NS000170,NIK0000170,1967-03-02,P,Jasa Jahit,10590000.0,20.0,Surabaya,Jawa Timur
NS000171,NIK0000171,1964-07-06,P,Salon,,8.0,Makassar,Sulawesi Selatan
NS000172,NIK0000172,1999-11-11,L,Kerajinan,,5.0,Gresik,Jawa Timur
NS000173,NIK0000173,1989-12-11,P,Pertanian,5300000.0,13.0,Jember,Jawa Timur
NS000174,NIK0000174,1964-01-22,P,Bengkel,7090000.0,12.0,Malang,Jawa Timur
NS000175,NIK0000175,1989-10-10,P,Toko Bangunan,,15.0,Cirebon,Jawa Barat
NS000176,NIK0000176,2000-05-14,L,Kuliner,,5.0,Solo,Jawa Tengah
NS000177,NIK0000177,1984-07-05,P,Laundry,6603500.0,5.0,Bogor,Jawa Barat
NS000178,NIK0000178,1993-02-02,P,Pedagang Pasar,1310000.0,1.0,Bogor,Jawa Barat
NS000179,NIK0000179,1986-12-25,P,Toko Bangunan,5690000.0,8.0,Kediri,Jawa Timur
NS000180,NIK0000180,1977-08-24,P,Pedagang Pasar,4020000.0,21.0,Parepare,Sulawesi Selatan
NS000181,NIK0000181,1992-11-28,P,Kuliner,1560000.0,18.0,Sidoarjo,Jawa Timur
NS000182,NIK0000182,1998-03-17,P,Toko Bangunan,4180000.0,9.0,Kediri,Jawa Timur
NS000183,NIK0000183,1994-07-04,P,Laundry,,5.0,Parepare,Sulawesi Selatan
NS000184,NIK0000184,1992-06-02,P,Bengkel,6130000.0,18.0,Bogor,Jawa Barat
NS000185,NIK0000185,1967-03-10,P,Jasa Jahit,1580000.0,13.0,Cirebon,Jawa Barat
NS000186,NIK0000186,1962-04-25,L,Kerajinan,2470000.0,14.0,Bogor,Jawa Barat
NS000187,NIK0000187,2000-09-08,L,Bengkel,3010000.0,12.0,Bogor,Jawa Barat
NS000188,NIK0000188,1981-02-17,L,Tidak Diketahui,,21.0,Denpasar,Bali
NS000189,NIK0000189,2001-06-08,P,Toko Bangunan,10080000.0,11.0,Kediri,Jawa Timur
NS000190,NIK0000190,1999-11-14,P,Bengkel,5530000.0,15.0,Sidoarjo,Jawa Timur
NS000191,NIK0000191,1997-12-21,P,Kerajinan,6080000.0,8.0,Solo,Jawa Tengah
NS000192,NIK0000192,1999-07-29,P,Perikanan,5740000.0,10.0,Sidoarjo,Jawa Timur
NS000193,NIK0000193,1982-11-15,L,Bengkel,4160000.0,16.0,Parepare,Sulawesi Selatan
NS000194,NIK0000194,1965-09-04,L,Salon,4770000.0,13.0,Solo,Jawa Tengah
NS000195,NIK0000195,1984-10-07,L,Pedagang Pasar,8200000.0,17.0,Singaraja,Bali
NS000196,NIK0000196,1991-11-10,P,Laundry,9670000.0,11.0,semarang,Jawa Tengah
NS000197,NIK0000197,1995-09-15,L,Jasa Jahit,2760000.0,19.0,SINGARAJA,Bali
NS000198,NIK0000198,2001-12-02,L,Kerajinan,2980000.0,14.0,Bogor,Jawa Barat
NS000199,NIK0000199,1964-04-04,P,Perikanan,424880000.0,11.0,Medan,Sumatera Utara
NS000200,NIK0000200,1983-12-28,P,Kerajinan,3050000.0,20.0,Cirebon,Jawa Barat
NS000201,NIK0000201,1970-07-21,P,Kuliner,3660000.0,18.0,Makassar,Sulawesi Selatan
NS000202,NIK0000202,1976-01-24,L,Jasa Jahit,2470000.0,8.0,Solo,Jawa Tengah
NS000203,NIK0000203,1968-04-24,P,Pedagang Pasar,3800000.0,21.0,Bandung,Jawa Barat
NS000204,NIK0000204,1972-05-14,L,Toko Bangunan,3230000.0,1.0,Bandung,Jawa Barat
NS000205,NIK0000205,1987-08-31,L,Tidak Diketahui,6130000.0,18.0,Parepare,Sulawesi Selatan
NS000206,NIK0000206,1986-03-01,P,Kerajinan,4610000.0,21.0,Kediri ,Jawa Timur
NS000207,NIK0000207,1962-07-17,P,Tidak Diketahui,5330000.0,10.0,Pematangsiantar,Sumatera Utara
NS000208,NIK0000208,1993-05-15,P,Bengkel,4290000.0,12.0,Semarang,Jawa Tengah
NS000209,NIK0000209,1989-09-29,P,Pertanian,7238000.0,19.0,Medan,Sumatera Utara
NS000210,NIK0000210,1970-02-07,L,Laundry,6732750.0,10.0,Denpasar,Bali
NS000211,NIK0000211,1981-02-14,P,Warung Kelontong,3720000.0,4.0,Gresik,Jawa Timur
NS000212,NIK0000212,1986-10-24,P,Pedagang Pasar,3260000.0,3.0,Medan,Sumatera Utara
NS000213,NIK0000213,1961-08-11,P,Warung Kelontong,3370000.0,19.0,Kudus,Jawa Tengah
NS000214,NIK0000214,1967-10-28,P,Jasa Jahit,6090000.0,15.0,Magelang,Jawa Tengah
NS000215,NIK0000215,1975-07-30,L,Laundry,,10.0,Bandung,Jawa Barat
NS000216,NIK0000216,1985-11-18,P,Warung Kelontong,4960000.0,11.0,Semarang,Jawa Tengah
NS000217,NIK0000217,1995-08-15,P,Laundry,1950000.0,13.0,Bogor,Jawa Barat
NS000218,NIK0000218,1984-12-06,P,Bengkel,6100000.0,19.0,Surabaya,Jawa Timur
NS000219,NIK0000219,1965-09-18,L,Laundry,7710000.0,18.0,Malang,Jawa Timur
NS000220,NIK0000220,1994-02-26,P,Bengkel,3740000.0,13.0,Kudus,Jawa Tengah
NS000221,NIK0000221,1974-03-06,P,Tidak Diketahui,,2.0,Makassar,Sulawesi Selatan
NS000222,NIK0000222,2001-07-23,P,Bengkel,3170000.0,13.0,Cirebon,Jawa Barat
NS000223,NIK0000223,1998-10-03,L,Kerajinan,5130000.0,18.0,Medan,Sumatera Utara
NS000224,NIK0000224,1969-02-01,P,Kerajinan,3920000.0,4.0,Semarang,Jawa Tengah
NS000225,NIK0000225,1968-07-12,P,Jasa Jahit,,17.0,Malang,Jawa Timur
NS000226,NIK0000226,1978-01-03,L,Kuliner,3280000.0,11.0,kudus,Jawa Tengah
NS000227,NIK0000227,2003-10-09,L,Peternakan,8280000.0,2.0,Parepare,Sulawesi Selatan
NS000228,NIK0000228,1969-11-25,P,Pedagang Pasar,5099500.0,7.0,Bogor,Jawa Barat
NS000229,NIK0000229,1977-08-09,P,Salon,6580000.0,3.0,Solo,Jawa Tengah
NS000230,NIK0000230,1972-10-13,P,Peternakan,9360000.0,12.0,Bandung,Jawa Barat
NS000231,NIK0000231,1969-02-18,L,Toko Bangunan,1970000.0,15.0,Bekasi,Jawa Barat
NS000232,NIK0000232,1990-05-27,P,Warung Kelontong,990000.0,17.0,  Kudus,Jawa Tengah
NS000233,NIK0000233,1984-12-10,P,Pedagang Pasar,4700000.0,16.0,Singaraja,Bali
NS000234,NIK0000234,1980-12-03,P,Pertanian,6030000.0,8.0,Pematangsiantar,Sumatera Utara
NS000235,NIK0000235,1995-07-06,P,Kerajinan,5140000.0,2.0,Sidoarjo,Jawa Timur
NS000236,NIK0000236,1968-05-10,P,Toko Bangunan,2110000.0,21.0,Kediri,Jawa Timur
NS000237,NIK0000237,1964-02-02,L,Laundry,1520000.0,10.0,Cirebon,Jawa Barat
NS000238,NIK0000238,1971-12-08,P,Perikanan,4110000.0,5.0,Makassar,Sulawesi Selatan
NS000239,NIK0000239,1992-05-30,P,Jasa Jahit,4680000.0,11.0,Denpasar,Bali
NS000240,NIK0000240,1987-02-27,L,Salon,4670000.0,14.0,Solo,Jawa Tengah
NS000241,NIK0000241,1997-12-24,L,LAINNYA,3560000.0,21.0,Medan,Sumatera Utara
NS000242,NIK0000242,1993-09-20,P,Pertanian,11920000.0,19.0,PEMATANGSIANTAR,Sumatera Utara
NS000243,NIK0000243,1982-11-02,P,Kerajinan,,18.0,kediri,Jawa Timur
NS000244,NIK0000244,1970-07-08,P,Kuliner,6070000.0,12.0,Kediri,Jawa Timur
NS000245,NIK0000245,1988-02-24,L,Pertanian,4410000.0,19.0,Pematangsiantar,Sumatera Utara
NS000246,NIK0000246,1963-08-21,P,Laundry,960000.0,5.0,Denpasar,Bali
NS000247,NIK0000247,1995-01-30,P,Peternakan,3770000.0,11.0,Kudus,Jawa Tengah
NS000248,NIK0000248,1988-10-31,P,Pertanian,,10.0,Makassar,Sulawesi Selatan
NS000249,NIK0000249,1964-03-02,L,Laundry,5400000.0,7.0,Solo,Jawa Tengah
NS000250,NIK0000250,1999-06-08,L,Kuliner,3340000.0,14.0,Malang,Jawa Timur
NS000251,NIK0000251,1975-03-07,L,Warung Kelontong,1230000.0,15.0,Makassar,Sulawesi Selatan
NS000252,NIK0000252,1996-12-31,P,Peternakan,7890000.0,2.0,Surabaya,Jawa Timur
NS000253,NIK0000253,2002-10-22,L,Pedagang Pasar,6570000.0,10.0,Solo,Jawa Tengah
NS000254,NIK0000254,1991-08-18,L,Kerajinan,6280000.0,7.0,Pematangsiantar,Sumatera Utara
NS000255,NIK0000255,1967-11-07,L,Kuliner,3050000.0,3.0,Cirebon,Jawa Barat
NS000256,NIK0000256,1974-11-17,P,Toko Bangunan,20540000.0,2.0,Magelang,Jawa Tengah
NS000257,NIK0000257,1991-09-04,L,Kerajinan,2410000.0,9.0,Kudus,Jawa Tengah
NS000258,NIK0000258,1960-04-12,P,Laundry,3340000.0,8.0,Gresik,Jawa Timur
NS000259,NIK0000259,1984-08-06,P,Peternakan,1600000.0,4.0,Bogor,Jawa Barat
NS000260,NIK0000260,1973-11-03,L,Pertanian,6330000.0,10.0,Surabaya,Jawa Timur
NS000261,NIK0000261,1990-03-30,L,Toko Bangunan,4810000.0,21.0,gresik,Jawa Timur
NS000262,NIK0000262,1987-11-15,P,Pedagang Pasar,45530000.0,13.0,Gresik,Jawa Timur
NS000263,NIK0000263,1988-02-20,L,Perikanan,2160000.0,9.0,Bekasi,Jawa Barat
NS000264,NIK0000264,1965-11-26,P,Kuliner,5180000.0,7.0,Parepare,Sulawesi Selatan
NS000265,NIK0000265,1993-12-12,L,Tidak Diketahui,,16.0,Cirebon,Jawa Barat
NS000266,NIK0000266,2001-05-16,L,Jasa Jahit,5220000.0,9.0,Singaraja,Bali
NS000267,NIK0000267,1985-03-27,P,Perikanan,1790000.0,6.0,Kudus,Jawa Tengah
NS000268,NIK0000268,1960-06-14,P,Perikanan,,11.0,Pematangsiantar,Sumatera Utara
NS000269,NIK0000269,1981-04-15,P,Laundry,9650000.0,13.0,Malang,Jawa Timur
NS000270,NIK0000270,1977-04-19,P,Bengkel,3250000.0,10.0,Makassar,Sulawesi Selatan
NS000271,NIK0000271,1967-10-21,P,Pedagang Pasar,12280000.0,16.0,Magelang,Jawa Tengah
NS000272,NIK0000272,1973-07-05,P,Bengkel,5790000.0,17.0,Kudus,Jawa Tengah
NS000273,NIK0000273,1991-02-07,L,Pertanian,4240000.0,6.0,  Magelang,Jawa Tengah
NS000274,NIK0000274,1988-11-11,P,Kuliner,5260000.0,8.0,Medan,Sumatera Utara
NS000275,NIK0000275,1974-01-21,P,Salon,2080000.0,12.0,Bogor,Jawa Barat
NS000276,NIK0000276,1982-01-18,P,Tidak Diketahui,5240000.0,13.0,Gresik,Jawa Timur
NS000277,NIK0000277,1970-08-26,L,Pedagang Pasar,5870000.0,13.0,Semarang,Jawa Tengah
NS000278,NIK0000278,1992-02-16,P,Kuliner,10550000.0,9.0,Malang,Jawa Timur
NS000279,NIK0000279,1980-07-29,L,Warung Kelontong,3890000.0,13.0,Semarang,Jawa Tengah
NS000280,NIK0000280,1984-08-30,P,Pedagang Pasar,4580000.0,13.0,Surabaya,Jawa Timur
NS000281,NIK0000281,1996-01-02,L,Kerajinan,5280000.0,17.0,Denpasar,Bali
NS000282,NIK0000282,1988-04-02,L,Perikanan,,5.0,Bandung,Jawa Barat
NS000283,NIK0000283,2001-03-21,L,Jasa Jahit,4160000.0,15.0,Sidoarjo,Jawa Timur
NS000284,NIK0000284,1972-05-05,L,Toko Bangunan,,17.0,BOGOR,Jawa Barat
NS000285,NIK0000285,1980-11-13,P,Peternakan,2940000.0,6.0,Solo,Jawa Tengah
NS000286,NIK0000286,1990-08-07,L,Laundry,3250000.0,19.0,Solo,Jawa Tengah
NS000287,NIK0000287,1981-10-11,L,Salon,5110000.0,20.0,GRESIK,Jawa Timur
NS000288,NIK0000288,1978-01-09,P,Pertanian,5300000.0,4.0,Cirebon,Jawa Barat
NS000289,NIK0000289,1960-09-11,P,Jasa Jahit,3170000.0,5.0,Surabaya,Jawa Timur
NS000290,NIK0000290,1977-12-17,P,Kuliner,7520000.0,17.0,Kediri,Jawa Timur
NS000291,NIK0000291,1979-01-23,P,Pertanian,3950000.0,3.0,Bogor,Jawa Barat
NS000292,NIK0000292,1989-06-27,L,Laundry,2430000.0,8.0,Malang,Jawa Timur
NS000293,NIK0000293,2001-06-04,L,Kuliner,3350000.0,4.0,Cirebon,Jawa Barat
NS000294,NIK0000294,1989-03-31,P,Bengkel,2420000.0,11.0,Bekasi,Jawa Barat
NS000295,NIK0000295,1978-10-13,P,Warung Kelontong,10370000.0,9.0,Medan,Sumatera Utara
NS000296,NIK0000296,1987-10-15,P,Pertanian,3110000.0,2.0,Surabaya,Jawa Timur
NS000297,NIK0000297,1979-05-20,P,Pertanian,3680000.0,6.0,Bandung,Jawa Barat
NS000298,NIK0000298,1970-01-04,L,Toko Bangunan,8650000.0,10.0,Solo,Jawa Tengah
NS000299,NIK0000299,1994-06-24,L,Pedagang Pasar,3800000.0,7.0,Kediri,Jawa Timur
NS000300,NIK0000300,1982-02-25,L,Kuliner,,18.0,Jember,Jawa Timur
NS000301,NIK0000301,1980-12-28,L,Kerajinan,,4.0,Cirebon,Jawa Barat
NS000302,NIK0000302,1991-04-22,L,Laundry,3200000.0,19.0,Bogor,Jawa Barat
NS000303,NIK0000303,1995-07-09,P,Peternakan,4470000.0,6.0,Singaraja,Bali
NS000304,NIK0000304,1960-05-14,L,Laundry,1730000.0,7.0,Bandung,Jawa Barat
NS000305,NIK0000305,1992-12-08,P,Warung Kelontong,9640000.0,21.0,Denpasar ,Bali
NS000306,NIK0000306,1962-07-08,P,Pedagang Pasar,2690000.0,11.0,Bogor,Jawa Barat
NS000307,NIK0000307,1982-10-26,P,Pedagang Pasar,5880000.0,10.0,Makassar,Sulawesi Selatan
NS000308,NIK0000308,1965-04-17,L,Kuliner,8040000.0,2.0,Solo,Jawa Tengah
NS000309,NIK0000309,1994-01-24,P,Kerajinan,3689500.0,9.0,Kediri,Jawa Timur
NS000310,NIK0000310,1976-08-09,L,Peternakan,5980000.0,14.0,Malang,Jawa Timur
NS000311,NIK0000311,1984-04-01,L,Salon,5370000.0,16.0,Malang,Jawa Timur
NS000312,NIK0000312,1994-08-01,L,Salon,1600000.0,2.0,makassar,Sulawesi Selatan
NS000313,NIK0000313,1981-03-18,P,Jasa Jahit,3000000.0,21.0,Sidoarjo,Jawa Timur
NS000314,NIK0000314,1967-07-25,P,Jasa Jahit,6890000.0,15.0,Kediri,Jawa Timur
NS000315,NIK0000315,1992-03-19,L,Bengkel,7450000.0,4.0,Magelang,Jawa Tengah
NS000316,NIK0000316,1968-11-19,P,Peternakan,2330000.0,7.0,Magelang,Jawa Tengah
NS000317,NIK0000317,2000-12-23,P,Laundry,10390000.0,11.0,Denpasar,Bali
NS000318,NIK0000318,1963-09-18,L,Pertanian,2430000.0,8.0,Malang,Jawa Timur
NS000319,NIK0000319,1981-10-13,L,Pertanian,4490000.0,4.0,Kudus,Jawa Tengah
NS000320,NIK0000320,1988-02-05,P,Pertanian,3880000.0,7.0,Bekasi,Jawa Barat
NS000321,NIK0000321,1964-07-28,P,Kerajinan,2720000.0,2.0,Bandung,Jawa Barat
NS000322,NIK0000322,1986-12-19,L,Jasa Jahit,10400000.0,13.0,  Gresik,Jawa Timur
NS000323,NIK0000323,1994-02-11,L,Kerajinan,10030000.0,21.0,Sidoarjo,Jawa Timur
NS000324,NIK0000324,1962-07-08,P,Perikanan,9530000.0,1.0,Surabaya,Jawa Timur
NS000325,NIK0000325,1969-04-01,P,Laundry,,17.0,Denpasar,Bali
NS000326,NIK0000326,1988-06-06,L,Jasa Jahit,3930000.0,19.0,Semarang,Jawa Tengah
NS000327,NIK0000327,1999-03-13,L,Perikanan,1550000.0,19.0,Malang,Jawa Timur
NS000328,NIK0000328,1993-06-01,P,Jasa Jahit,,2.0,Surabaya,Jawa Timur
NS000329,NIK0000329,2002-06-08,L,Jasa Jahit,4300000.0,9.0,Pematangsiantar,Sumatera Utara
NS000330,NIK0000330,1971-07-17,P,Warung Kelontong,,20.0,Jember,Jawa Timur
NS000331,NIK0000331,2002-06-06,P,Salon,,15.0,Medan,Sumatera Utara
NS000332,NIK0000332,1988-06-06,P,Bengkel,5500000.0,11.0,Makassar,Sulawesi Selatan
NS000333,NIK0000333,1974-04-22,L,Toko Bangunan,4640000.0,3.0,Cirebon,Jawa Barat
NS000334,NIK0000334,1965-12-29,P,Jasa Jahit,3530000.0,8.0,SBY,Jawa Timur
NS000335,NIK0000335,1979-06-25,L,Salon,6309750.0,5.0,Solo,Jawa Tengah
NS000336,NIK0000336,1977-03-25,P,Warung Kelontong,1850000.0,4.0,Medan,Sumatera Utara
NS000337,NIK0000337,1994-08-15,L,Jasa Jahit,4270000.0,1.0,Kudus,Jawa Tengah
NS000338,NIK0000338,1994-10-13,P,Jasa Jahit,6800000.0,17.0,Makassar,Sulawesi Selatan
NS000339,NIK0000339,2001-03-16,L,Peternakan,3820000.0,18.0,Kediri,Jawa Timur
NS000340,NIK0000340,1971-04-16,L,Tidak Diketahui,6760000.0,9.0,makassar,Sulawesi Selatan
NS000341,NIK0000341,2001-12-21,P,Laundry,5830000.0,4.0,Sidoarjo,Jawa Timur
NS000342,NIK0000342,1982-11-05,P,Laundry,2310000.0,16.0,Makassar,Sulawesi Selatan
NS000343,NIK0000343,1963-11-10,P,Tidak Diketahui,2210000.0,12.0,medan,Sumatera Utara
NS000344,NIK0000344,1969-07-13,L,Bengkel,2610000.0,4.0,Solo,Jawa Tengah
NS000345,NIK0000345,1961-11-25,P,Kerajinan,,14.0,Denpasar,Bali
NS000346,NIK0000346,1964-08-30,P,Tidak Diketahui,4770000.0,17.0,Makassar,Sulawesi Selatan
NS000347,NIK0000347,1977-11-01,P,Perikanan,5430000.0,3.0,Semarang,Jawa Tengah
NS000348,NIK0000348,1997-03-26,P,Kerajinan,5710000.0,5.0,Bandung,Jawa Barat
NS000349,NIK0000349,1960-12-22,P,Bengkel,10920000.0,10.0,Surabaya,Jawa Timur
NS000350,NIK0000350,1996-01-12,L,Kerajinan,9450000.0,12.0,Magelang,Jawa Tengah
NS000351,NIK0000351,1960-06-01,P,Toko Bangunan,15270000.0,16.0,Denpasar ,Bali
NS000352,NIK0000352,1964-04-07,L,Toko Bangunan,6440000.0,10.0,Medan,Sumatera Utara
NS000353,NIK0000353,1962-07-12,P,Tidak Diketahui,3680000.0,1.0,Parepare,Sulawesi Selatan
NS000354,NIK0000354,1992-06-18,L,Toko Bangunan,4140000.0,9.0,Gresik,Jawa Timur
NS000355,NIK0000355,2003-05-14,P,LAINNYA,7340000.0,10.0,kudus,Jawa Tengah
NS000356,NIK0000356,1972-09-30,L,Tidak Diketahui,,9.0,Singaraja,Bali
NS000357,NIK0000357,1984-10-09,P,Bengkel,2050000.0,9.0,Bogor,Jawa Barat
NS000358,NIK0000358,1993-12-13,L,Perikanan,3140000.0,17.0,Pematangsiantar,Sumatera Utara
NS000359,NIK0000359,1995-10-08,L,Perikanan,7090000.0,7.0,Medan ,Sumatera Utara
NS000360,NIK0000360,1960-12-05,L,Salon,,5.0,Magelang,Jawa Tengah
NS000361,NIK0000361,2000-08-15,L,Pertanian,6320000.0,9.0,Kudus,Jawa Tengah
NS000362,NIK0000362,1999-06-20,P,Peternakan,4380000.0,10.0,Singaraja,Bali
NS000363,NIK0000363,1960-08-31,P,Salon,1690000.0,4.0,Parepare,Sulawesi Selatan
NS000364,NIK0000364,1983-11-21,P,LAINNYA,3480000.0,11.0,Bogor,Jawa Barat
NS000365,NIK0000365,1996-08-21,P,Bengkel,636000000.0,19.0,Gresik,Jawa Timur
NS000366,NIK0000366,1992-05-21,L,Kuliner,4360000.0,8.0,Makassar,Sulawesi Selatan
NS000367,NIK0000367,1992-05-02,L,Laundry,4160000.0,15.0,Bekasi,Jawa Barat
NS000368,NIK0000368,1978-07-24,L,Jasa Jahit,1490000.0,14.0,Semarang,Jawa Tengah
NS000369,NIK0000369,1975-05-09,P,Kuliner,5280000.0,7.0,Gresik,Jawa Timur
NS000370,NIK0000370,1997-08-27,L,Laundry,3860000.0,1.0,Kudus,Jawa Tengah
NS000371,NIK0000371,1968-03-02,L,Salon,4480000.0,21.0,KEDIRI,Jawa Timur
NS000372,NIK0000372,1978-09-28,L,Tidak Diketahui,2820000.0,12.0,Pematangsiantar,Sumatera Utara
NS000373,NIK0000373,1995-06-03,L,Laundry,3310000.0,6.0,Jember,Jawa Timur
NS000374,NIK0000374,1992-07-22,L,Bengkel,4800000.0,15.0,Semarang ,Jawa Tengah
NS000375,NIK0000375,1990-12-18,P,Pedagang Pasar,6130000.0,15.0,Medan,Sumatera Utara
NS000376,NIK0000376,1973-09-06,L,Kuliner,5150000.0,6.0,Makassar,Sulawesi Selatan
NS000377,NIK0000377,1998-01-18,L,Kuliner,,5.0,Bekasi,Jawa Barat
NS000378,NIK0000378,1993-07-07,L,Kuliner,,3.0,Solo,Jawa Tengah
NS000379,NIK0000379,1967-08-10,P,Laundry,2140000.0,5.0,Bogor,Jawa Barat
NS000380,NIK0000380,1974-08-28,L,Laundry,2790000.0,10.0,Sidoarjo,Jawa Timur
NS000381,NIK0000381,1994-12-07,P,Salon,2420000.0,15.0,Parepare,Sulawesi Selatan
NS000382,NIK0000382,1986-06-25,L,Peternakan,3490000.0,10.0,Gresik,Jawa Timur
NS000383,NIK0000383,1983-09-26,L,Kerajinan,7720000.0,14.0,Parepare,Sulawesi Selatan
NS000384,NIK0000384,1993-06-16,L,Salon,4180000.0,10.0,Solo,Jawa Tengah
NS000385,NIK0000385,1997-09-26,P,Jasa Jahit,3050000.0,1.0,Kediri ,Jawa Timur
NS000386,NIK0000386,1962-08-04,P,Peternakan,5770000.0,12.0,Bogor,Jawa Barat
NS000387,NIK0000387,2000-11-17,P,Kerajinan,2920000.0,17.0,Jember,Jawa Timur
NS000388,NIK0000388,2000-05-15,P,Tidak Diketahui,6350000.0,21.0,Makassar,Sulawesi Selatan
NS000389,NIK0000389,1980-10-14,P,Laundry,4350000.0,10.0,Sidoarjo,Jawa Timur
NS000390,NIK0000390,1983-03-06,L,Toko Bangunan,7970000.0,21.0,Kediri,Jawa Timur
NS000391,NIK0000391,1965-11-26,P,Laundry,4350000.0,11.0,Pematangsiantar,Sumatera Utara
NS000392,NIK0000392,1984-04-06,P,Pertanian,4360000.0,17.0,Solo,Jawa Tengah
NS000393,NIK0000393,1964-10-01,L,Perikanan,,21.0,Denpasar,Bali
NS000394,NIK0000394,1976-02-13,P,Pedagang Pasar,8070000.0,14.0,Makassar,Sulawesi Selatan
NS000395,NIK0000395,1961-11-09,P,Pedagang Pasar,5870000.0,21.0,Parepare,Sulawesi Selatan
NS000396,NIK0000396,1974-03-01,L,Tidak Diketahui,5950000.0,20.0,Denpasar,Bali
NS000397,NIK0000397,1960-01-25,P,Warung Kelontong,1960000.0,18.0,Jember,Jawa Timur
NS000398,NIK0000398,1987-05-23,P,Pedagang Pasar,7030000.0,4.0,Surabaya,Jawa Timur
NS000399,NIK0000399,1961-12-22,P,Toko Bangunan,3670000.0,12.0,Bogor,Jawa Barat
NS000400,NIK0000400,1997-08-09,L,Warung Kelontong,1720000.0,8.0,Medan,Sumatera Utara
NS000401,NIK0000401,1967-01-06,P,Toko Bangunan,,15.0,Pematangsiantar,Sumatera Utara
NS000402,NIK0000402,1986-06-22,P,Kuliner,5340000.0,10.0,Singaraja,Bali
NS000403,NIK0000403,2002-11-16,L,Laundry,6070000.0,4.0,Pematangsiantar,Sumatera Utara
NS000404,NIK0000404,1961-11-14,L,Laundry,15560000.0,19.0,Medan,Sumatera Utara
NS000405,NIK0000405,1991-12-08,L,Pedagang Pasar,4680000.0,1.0,Bekasi,Jawa Barat
NS000406,NIK0000406,1997-07-10,P,Toko Bangunan,3640000.0,9.0,pematangsiantar,Sumatera Utara
NS000407,NIK0000407,1962-03-25,P,Jasa Jahit,424440000.0,19.0,  Solo,Jawa Tengah
NS000408,NIK0000408,1971-08-27,P,Pertanian,5310000.0,18.0,Parepare,Sulawesi Selatan
NS000409,NIK0000409,1982-11-29,P,Toko Bangunan,4680000.0,18.0,Jember,Jawa Timur
NS000410,NIK0000410,1968-08-06,P,Laundry,4490000.0,17.0,Kediri,Jawa Timur
NS000411,NIK0000411,2002-04-29,L,Laundry,613600000.0,9.0,Medan,Sumatera Utara
NS000412,NIK0000412,1990-11-11,L,Kerajinan,17070000.0,14.0,Bekasi ,Jawa Barat
NS000413,NIK0000413,1974-04-04,P,Peternakan,4380000.0,6.0,Bekasi,Jawa Barat
NS000414,NIK0000414,1978-08-02,P,Jasa Jahit,8500000.0,7.0,Solo,Jawa Tengah
NS000415,NIK0000415,1983-10-09,P,Laundry,2030000.0,20.0,Pematangsiantar,Sumatera Utara
NS000416,NIK0000416,1985-11-02,P,Pedagang Pasar,6800000.0,16.0,Sidoarjo,Jawa Timur
NS000417,NIK0000417,1994-12-27,P,Jasa Jahit,2350000.0,7.0,Surabaya,Jawa Timur
NS000418,NIK0000418,1992-01-10,P,Laundry,4290000.0,13.0,Solo,Jawa Tengah
NS000419,NIK0000419,1983-05-05,P,Perikanan,24590000.0,9.0,Jember,Jawa Timur
NS000420,NIK0000420,1971-02-15,L,Kuliner,2690000.0,14.0,Kediri,Jawa Timur
NS000421,NIK0000421,1979-05-18,P,Jasa Jahit,4480000.0,6.0,Malang,Jawa Timur
NS000422,NIK0000422,1977-06-29,L,Salon,2170000.0,20.0,Medan,Sumatera Utara
NS000423,NIK0000423,2002-03-04,P,Perikanan,4220000.0,10.0,Parepare,Sulawesi Selatan
NS000424,NIK0000424,1995-10-24,P,Toko Bangunan,,18.0,Pematangsiantar,Sumatera Utara
NS000425,NIK0000425,1972-07-28,L,Bengkel,14170000.0,19.0,Denpasar,Bali
NS000426,NIK0000426,1993-01-09,L,Pedagang Pasar,3840000.0,14.0,Parepare,Sulawesi Selatan
NS000427,NIK0000427,1972-08-23,P,Pertanian,4560000.0,7.0,Bogor,Jawa Barat
NS000428,NIK0000428,1963-02-20,L,Bengkel,5769250.0,13.0,Pematangsiantar,Sumatera Utara
NS000429,NIK0000429,2002-12-21,P,Pertanian,1920000.0,7.0,Surabaya,Jawa Timur
NS000430,NIK0000430,1971-11-08,P,Pertanian,10090000.0,21.0,Malang,Jawa Timur
NS000431,NIK0000431,1983-12-28,L,Kerajinan,1860000.0,13.0,Kudus,Jawa Tengah
NS000432,NIK0000432,1970-08-02,P,Tidak Diketahui,3440000.0,8.0,Jember,Jawa Timur
NS000433,NIK0000433,2002-09-28,L,Bengkel,,15.0,Bandung,Jawa Barat
NS000434,NIK0000434,1979-11-03,P,Laundry,3200000.0,19.0,Sidoarjo,Jawa Timur
NS000435,NIK0000435,1977-01-12,L,Kerajinan,2080000.0,19.0,Malang,Jawa Timur
NS000436,NIK0000436,1978-06-24,P,Kerajinan,7825500.0,3.0,Bogor,Jawa Barat
NS000437,NIK0000437,1989-08-15,P,Toko Bangunan,3620000.0,21.0,Semarang,Jawa Tengah
NS000438,NIK0000438,1976-02-07,L,Laundry,,12.0,Kediri,Jawa Timur
NS000439,NIK0000439,1981-06-10,P,Salon,2370000.0,2.0,Singaraja,Bali
NS000440,NIK0000440,1978-06-13,L,Kerajinan,,1.0,Bekasi,Jawa Barat
NS000441,NIK0000441,1976-01-09,L,Jasa Jahit,2440000.0,10.0,Medan,Sumatera Utara
NS000442,NIK0000442,1983-04-28,L,Bengkel,3110000.0,9.0,Bogor,Jawa Barat
NS000443,NIK0000443,1961-07-29,P,Laundry,3520000.0,8.0,Bandung,Jawa Barat
NS000444,NIK0000444,1996-06-28,P,Laundry,5990000.0,16.0,Pematangsiantar,Sumatera Utara
NS000445,NIK0000445,1993-04-04,L,Kerajinan,6690000.0,6.0,Cirebon,Jawa Barat
NS000446,NIK0000446,1964-07-12,P,Salon,1890000.0,16.0,Medan,Sumatera Utara
NS000447,NIK0000447,1983-11-11,L,Laundry,2480000.0,15.0,Jember,Jawa Timur
NS000448,NIK0000448,1964-12-25,P,Perikanan,3460000.0,18.0,Kediri,Jawa Timur
NS000449,NIK0000449,1990-02-01,L,Jasa Jahit,6090000.0,16.0,Bekasi,Jawa Barat
NS000450,NIK0000450,1969-09-15,P,Salon,2510000.0,8.0,Bandung,Jawa Barat
NS000451,NIK0000451,1969-12-25,L,Bengkel,1930000.0,2.0,Medan,Sumatera Utara
NS000452,NIK0000452,1965-07-30,L,Peternakan,6160000.0,5.0,Bekasi,Jawa Barat
NS000453,NIK0000453,1977-02-04,L,Laundry,3380000.0,13.0,Kudus,Jawa Tengah
NS000454,NIK0000454,1971-12-20,P,Kuliner,5000000.0,21.0,Jember,Jawa Timur
NS000455,NIK0000455,1970-10-12,P,Peternakan,2910000.0,13.0,Malang,Jawa Timur
NS000456,NIK0000456,1960-12-26,P,Salon,1330000.0,21.0,Parepare,Sulawesi Selatan
NS000457,NIK0000457,1960-01-03,P,Salon,3560000.0,6.0,Bogor,Jawa Barat
NS000458,NIK0000458,1980-07-23,P,Toko Bangunan,10740000.0,18.0,Medan,Sumatera Utara
NS000459,NIK0000459,1992-09-26,P,Kerajinan,1810000.0,17.0,BOGOR,Jawa Barat
NS000460,NIK0000460,1966-08-28,P,Toko Bangunan,2270000.0,20.0,Bandung,Jawa Barat
NS000461,NIK0000461,2001-06-06,P,Kerajinan,7720000.0,1.0,Gresik,Jawa Timur
NS000462,NIK0000462,1961-10-28,P,Peternakan,4660000.0,9.0,Solo,Jawa Tengah
NS000463,NIK0000463,2000-05-02,L,Pedagang Pasar,5350000.0,10.0,Gresik,Jawa Timur
NS000464,NIK0000464,1989-11-30,P,Pertanian,9200000.0,13.0,Magelang,Jawa Tengah
NS000465,NIK0000465,1971-08-04,P,Laundry,,1.0,Bandung,Jawa Barat
NS000466,NIK0000466,1971-01-08,P,Kuliner,,19.0,Makassar,Sulawesi Selatan
NS000467,NIK0000467,1965-07-30,P,LAINNYA,,4.0,Bekasi,Jawa Barat
NS000468,NIK0000468,1976-01-05,P,Salon,6490000.0,13.0,Gresik,Jawa Timur
NS000469,NIK0000469,2001-08-16,L,Kerajinan,3820000.0,1.0,Kudus,Jawa Tengah
NS000470,NIK0000470,1989-06-05,L,Salon,3870000.0,3.0,Jember,Jawa Timur
NS000471,NIK0000471,2000-08-19,P,Kuliner,2800000.0,17.0,Parepare,Sulawesi Selatan
NS000472,NIK0000472,1985-07-16,P,Warung Kelontong,1980000.0,9.0,Smg,Jawa Tengah
NS000473,NIK0000473,1964-11-17,L,Kerajinan,5490000.0,2.0,MALANG,Jawa Timur
NS000474,NIK0000474,1982-10-10,L,Tidak Diketahui,2790000.0,7.0,Bekasi,Jawa Barat
NS000475,NIK0000475,1993-01-12,P,Kerajinan,7120000.0,11.0,Denpasar,Bali
NS000476,NIK0000476,1996-01-06,P,Kuliner,9460000.0,19.0,Makassar,Sulawesi Selatan
NS000477,NIK0000477,1981-03-19,P,Bengkel,4080000.0,18.0,  Pematangsiantar,Sumatera Utara
NS000478,NIK0000478,1993-12-22,L,Bengkel,1990000.0,21.0,  Malang,Jawa Timur
NS000479,NIK0000479,1967-12-27,L,Perikanan,4810000.0,9.0,Bandung,Jawa Barat
NS000480,NIK0000480,1996-01-01,L,Kerajinan,4620000.0,17.0,Kudus,Jawa Tengah
NS000481,NIK0000481,1971-10-11,P,Bengkel,2840000.0,17.0,Makassar,Sulawesi Selatan
NS000482,NIK0000482,1984-12-31,L,Bengkel,3372250.0,6.0,Parepare,Sulawesi Selatan
NS000483,NIK0000483,1992-08-05,P,Toko Bangunan,16040000.0,20.0,Bekasi,Jawa Barat
NS000484,NIK0000484,1990-07-08,L,Salon,2910000.0,4.0,Gresik,Jawa Timur
NS000485,NIK0000485,1989-05-14,L,Laundry,4270000.0,11.0,  Singaraja,Bali
NS000486,NIK0000486,1978-05-25,L,Salon,4510000.0,1.0,Cirebon,Jawa Barat
NS000487,NIK0000487,1963-02-01,L,Laundry,2060000.0,3.0,Solo,Jawa Tengah
NS000488,NIK0000488,1965-03-17,P,Jasa Jahit,3320000.0,11.0,Bekasi,Jawa Barat
NS000489,NIK0000489,1996-12-02,P,Jasa Jahit,5460000.0,7.0,Medan,Sumatera Utara
NS000490,NIK0000490,1962-05-04,L,Warung Kelontong,2030000.0,13.0,cirebon,Jawa Barat
NS000491,NIK0000491,1987-12-12,P,Peternakan,3680000.0,10.0,Gresik,Jawa Timur
NS000492,NIK0000492,1994-08-02,P,Pedagang Pasar,7270000.0,9.0,Solo,Jawa Tengah
NS000493,NIK0000493,1966-07-11,L,Kuliner,2330000.0,10.0,Bogor,Jawa Barat
NS000494,NIK0000494,1987-09-09,L,Warung Kelontong,3370000.0,14.0,Makassar,Sulawesi Selatan
NS000495,NIK0000495,1971-01-11,L,Laundry,3630000.0,17.0,Bogor,Jawa Barat
NS000496,NIK0000496,1992-03-14,P,Pedagang Pasar,680000.0,8.0,Makassar ,Sulawesi Selatan
NS000497,NIK0000497,1969-12-24,P,Toko Bangunan,5722250.0,16.0,Kudus,Jawa Tengah
NS000498,NIK0000498,2003-02-16,P,Warung Kelontong,,16.0,MALANG,Jawa Timur
NS000499,NIK0000499,1969-07-28,P,Kuliner,11910000.0,15.0,Semarang,Jawa Tengah
NS000500,NIK0000500,1990-11-23,L,Tidak Diketahui,6370000.0,14.0,Solo,Jawa Tengah
NS000501,NIK0000501,1966-09-09,L,Salon,3590000.0,12.0,jember,Jawa Timur
NS000502,NIK0000502,1960-09-30,P,Laundry,9040000.0,14.0,Bekasi,Jawa Barat
NS000503,NIK0000503,1988-01-02,P,Pertanian,3250000.0,13.0,Surabaya,Jawa Timur
NS000504,NIK0000504,1970-04-24,L,Peternakan,5600000.0,21.0,Solo,Jawa Tengah
NS000505,NIK0000505,1999-01-20,L,Pertanian,1990000.0,12.0,Surabaya,Jawa Timur
NS000506,NIK0000506,1965-04-25,P,Laundry,8350000.0,21.0,Bandung,Jawa Barat
NS000507,NIK0000507,1993-09-29,L,Pedagang Pasar,4260000.0,14.0,Semarang,Jawa Tengah
NS000508,NIK0000508,1995-02-06,P,Pertanian,2340000.0,11.0,Sidoarjo,Jawa Timur
NS000509,NIK0000509,1989-04-01,L,Perikanan,,13.0,Bandung,Jawa Barat
NS000510,NIK0000510,1986-04-26,P,Jasa Jahit,4170000.0,7.0,Sidoarjo,Jawa Timur
NS000511,NIK0000511,1992-08-16,L,Perikanan,3920000.0,10.0,Bogor,Jawa Barat
NS000512,NIK0000512,1978-08-08,P,Peternakan,5970000.0,6.0,Bekasi,Jawa Barat
NS000513,NIK0000513,1998-04-22,P,Salon,2590000.0,19.0,Magelang,Jawa Tengah
NS000514,NIK0000514,1973-02-25,L,Kerajinan,9660000.0,7.0,Bogor,Jawa Barat
NS000515,NIK0000515,1966-12-10,P,Pedagang Pasar,2800000.0,4.0,Singaraja,Bali
NS000516,NIK0000516,1962-05-04,L,Laundry,9250000.0,20.0,Bandung,Jawa Barat
NS000517,NIK0000517,1981-03-16,P,Jasa Jahit,2910000.0,18.0,Kediri,Jawa Timur
NS000518,NIK0000518,2001-10-04,P,Toko Bangunan,1420000.0,2.0,  Denpasar,Bali
NS000519,NIK0000519,1984-08-06,P,Salon,1300000.0,20.0,Magelang,Jawa Tengah
NS000520,NIK0000520,1974-02-17,P,Laundry,3380000.0,3.0,Denpasar,Bali
NS000521,NIK0000521,1990-11-13,P,Warung Kelontong,5630000.0,10.0,Bogor,Jawa Barat
NS000522,NIK0000522,1981-12-22,L,Kuliner,4640000.0,7.0,Jember,Jawa Timur
NS000523,NIK0000523,2000-06-12,P,Laundry,3470000.0,1.0,Kediri,Jawa Timur
NS000524,NIK0000524,1975-01-02,L,Bengkel,,14.0,SOLO,Jawa Tengah
NS000525,NIK0000525,1982-01-04,P,Salon,2930000.0,7.0,Medan,Sumatera Utara
NS000526,NIK0000526,1967-01-24,P,Salon,10520000.0,12.0,BEKASI,Jawa Barat
NS000527,NIK0000527,1990-07-17,P,Toko Bangunan,3090000.0,9.0,Gresik,Jawa Timur
NS000528,NIK0000528,1968-04-22,P,Peternakan,2510000.0,3.0,Pematangsiantar,Sumatera Utara
NS000529,NIK0000529,1970-05-15,L,Peternakan,2880000.0,3.0,Malang,Jawa Timur
NS000530,NIK0000530,1973-11-19,L,Jasa Jahit,6180000.0,13.0,Medan,Sumatera Utara
NS000531,NIK0000531,2002-11-09,L,Perikanan,1656750.0,15.0,Cirebon,Jawa Barat
NS000532,NIK0000532,1984-03-11,P,LAINNYA,,3.0,kediri,Jawa Timur
NS000533,NIK0000533,1994-06-25,L,Bengkel,13820000.0,13.0,Medan,Sumatera Utara
NS000534,NIK0000534,1980-05-16,P,Pedagang Pasar,4653000.0,20.0,Bandung,Jawa Barat
NS000535,NIK0000535,1979-01-21,L,Pedagang Pasar,4400000.0,13.0,Pematangsiantar,Sumatera Utara
NS000536,NIK0000536,1993-03-07,P,Warung Kelontong,4960000.0,11.0,Magelang,Jawa Tengah
NS000537,NIK0000537,1978-02-14,P,Pertanian,4080000.0,17.0,Bogor,Jawa Barat
NS000538,NIK0000538,1971-12-25,L,Jasa Jahit,1900000.0,3.0,Jember,Jawa Timur
NS000539,NIK0000539,1961-03-07,P,Pedagang Pasar,1760000.0,7.0,Bogor,Jawa Barat
NS000540,NIK0000540,1993-09-24,L,Pertanian,6210000.0,16.0,Semarang,Jawa Tengah
NS000541,NIK0000541,1983-05-02,P,Kerajinan,5680000.0,3.0,Kudus,Jawa Tengah
NS000542,NIK0000542,1971-06-23,L,Toko Bangunan,5450000.0,8.0,Kudus,Jawa Tengah
NS000543,NIK0000543,1965-10-18,P,Pedagang Pasar,6760000.0,16.0,Singaraja,Bali
NS000544,NIK0000544,1975-11-12,L,Perikanan,5170000.0,2.0,Singaraja,Bali
NS000545,NIK0000545,1996-08-12,P,Jasa Jahit,6180000.0,9.0,Singaraja,Bali
NS000546,NIK0000546,1991-07-23,L,Kerajinan,,8.0,  Sidoarjo,Jawa Timur
NS000547,NIK0000547,1980-01-24,L,Jasa Jahit,3380000.0,20.0,Medan,Sumatera Utara
NS000548,NIK0000548,1985-07-13,P,Pertanian,3600000.0,6.0,KUDUS,Jawa Tengah
NS000549,NIK0000549,1960-09-21,P,Kuliner,1030750000.0,15.0,Solo,Jawa Tengah
NS000550,NIK0000550,1982-06-17,P,Toko Bangunan,4190000.0,12.0,Denpasar,Bali
NS000551,NIK0000551,1975-08-26,P,Kerajinan,5150000.0,5.0,Solo,Jawa Tengah
NS000552,NIK0000552,1993-08-05,L,Salon,4950000.0,20.0,Solo,Jawa Tengah
NS000553,NIK0000553,1978-02-22,L,Laundry,3430000.0,17.0,Denpasar,Bali
NS000554,NIK0000554,1988-04-28,P,Jasa Jahit,860000.0,1.0,Magelang ,Jawa Tengah
NS000555,NIK0000555,1971-04-07,P,Tidak Diketahui,,7.0,Kudus,Jawa Tengah
NS000556,NIK0000556,1970-06-30,P,Pedagang Pasar,2420000.0,8.0,Sidoarjo,Jawa Timur
NS000557,NIK0000557,1960-09-04,P,Salon,2420000.0,21.0,Jember,Jawa Timur
NS000558,NIK0000558,1991-07-19,P,Kuliner,6270000.0,10.0,Solo,Jawa Tengah
NS000559,NIK0000559,2002-10-17,P,Kuliner,6150000.0,6.0,Surabaya,Jawa Timur
NS000560,NIK0000560,2000-06-17,P,Laundry,8560000.0,8.0,Semarang,Jawa Tengah
NS000561,NIK0000561,1978-05-11,L,Toko Bangunan,,5.0,Malang,Jawa Timur
NS000562,NIK0000562,1978-09-16,P,Toko Bangunan,5150000.0,10.0,Pematangsiantar,Sumatera Utara
NS000563,NIK0000563,1996-06-22,L,Laundry,,15.0,Sidoarjo,Jawa Timur
NS000564,NIK0000564,1994-05-05,L,Pertanian,1790000.0,13.0,Solo,Jawa Tengah
NS000565,NIK0000565,1974-01-02,L,Warung Kelontong,6520000.0,15.0,Parepare,Sulawesi Selatan
NS000566,NIK0000566,1990-03-29,P,Toko Bangunan,1167320000.0,13.0,Parepare,Sulawesi Selatan
NS000567,NIK0000567,1981-05-10,P,Laundry,13990000.0,11.0,Sidoarjo,Jawa Timur
NS000568,NIK0000568,1965-02-02,P,Salon,2010000.0,17.0,Sidoarjo,Jawa Timur
NS000569,NIK0000569,1998-01-21,L,Kuliner,2430000.0,3.0,Cirebon,Jawa Barat
NS000570,NIK0000570,1987-04-13,L,Kerajinan,8200000.0,11.0,Malang,Jawa Timur
NS000571,NIK0000571,1960-10-29,L,Bengkel,2150000.0,6.0,Kudus,Jawa Tengah
NS000572,NIK0000572,1972-08-25,L,Jasa Jahit,5670000.0,3.0,Surabaya,Jawa Timur
NS000573,NIK0000573,1999-04-23,L,Perikanan,4520000.0,13.0,Singaraja,Bali
NS000574,NIK0000574,1975-03-26,P,Warung Kelontong,3480000.0,18.0,Singaraja,Bali
NS000575,NIK0000575,1994-08-26,L,Peternakan,5670000.0,11.0,Pematangsiantar,Sumatera Utara
NS000576,NIK0000576,1991-11-28,P,Salon,368500000.0,2.0,Kudus,Jawa Tengah
NS000577,NIK0000577,1992-01-11,P,Pedagang Pasar,8080000.0,11.0,Surabaya,Jawa Timur
NS000578,NIK0000578,1968-10-12,P,Toko Bangunan,7790000.0,12.0,Parepare,Sulawesi Selatan
NS000579,NIK0000579,1961-06-02,P,Bengkel,5134750.0,7.0,Makassar,Sulawesi Selatan
NS000580,NIK0000580,1974-02-05,P,Pertanian,2230000.0,6.0,Singaraja,Bali
NS000581,NIK0000581,1983-10-09,P,Laundry,2860000.0,9.0,Solo,Jawa Tengah
NS000582,NIK0000582,1982-03-24,L,Salon,9480000.0,20.0,Gresik,Jawa Timur
NS000583,NIK0000583,1988-03-26,L,Kuliner,3442750.0,3.0,Jember,Jawa Timur
NS000584,NIK0000584,1994-05-12,L,Warung Kelontong,3530000.0,4.0,Makassar,Sulawesi Selatan
NS000585,NIK0000585,1990-04-12,P,Salon,1650000.0,15.0,Jember,Jawa Timur
NS000586,NIK0000586,1961-08-27,L,Toko Bangunan,3130000.0,5.0,Singaraja,Bali
NS000587,NIK0000587,1967-05-24,P,Kerajinan,7210000.0,10.0,Parepare,Sulawesi Selatan
NS000588,NIK0000588,1993-06-07,P,Perikanan,2800000.0,2.0,Bekasi,Jawa Barat
NS000589,NIK0000589,2003-01-24,L,Kerajinan,4330000.0,8.0,Singaraja,Bali
NS000590,NIK0000590,1960-10-05,P,Pedagang Pasar,4350000.0,19.0,Surabaya,Jawa Timur
NS000591,NIK0000591,2003-08-20,P,Bengkel,3680000.0,21.0,Cirebon,Jawa Barat
NS000592,NIK0000592,1984-06-09,L,LAINNYA,4580000.0,4.0,denpasar,Bali
NS000593,NIK0000593,1989-04-15,L,Kerajinan,3860000.0,8.0,Jember,Jawa Timur
NS000594,NIK0000594,1977-04-02,P,Pertanian,4760000.0,3.0,Denpasar,Bali
NS000595,NIK0000595,1962-06-07,L,Kuliner,4440000.0,18.0,Denpasar,Bali
NS000596,NIK0000596,1997-07-31,L,Tidak Diketahui,4290000.0,15.0,Magelang,Jawa Tengah
NS000597,NIK0000597,1991-01-28,L,Peternakan,1880000.0,5.0,Surabaya,Jawa Timur
NS000598,NIK0000598,1971-06-06,P,Bengkel,3420000.0,20.0,Pematangsiantar,Sumatera Utara
NS000599,NIK0000599,1991-04-12,L,Toko Bangunan,4820000.0,16.0,Bekasi,Jawa Barat
NS000600,NIK0000600,1975-06-21,L,Perikanan,2600000.0,19.0,Jember,Jawa Timur
NS000601,NIK0000601,1980-08-21,P,Jasa Jahit,10140000.0,5.0,Denpasar,Bali
NS000602,NIK0000602,1986-03-26,P,Laundry,,2.0,Cirebon,Jawa Barat
NS000603,NIK0000603,1971-05-24,P,Bengkel,3780000.0,13.0,Solo,Jawa Tengah
NS000604,NIK0000604,1984-02-02,P,Jasa Jahit,2300000.0,21.0,Kudus,Jawa Tengah
NS000605,NIK0000605,1981-05-06,L,Peternakan,3130000.0,4.0,SIDOARJO,Jawa Timur
NS000606,NIK0000606,1978-12-26,P,Kerajinan,4400000.0,6.0,Gresik,Jawa Timur
NS000607,NIK0000607,1966-11-19,P,Toko Bangunan,2690000.0,14.0,Magelang,Jawa Tengah
NS000608,NIK0000608,1988-10-02,L,Kerajinan,4240000.0,10.0,Bekasi,Jawa Barat
NS000609,NIK0000609,1966-11-04,L,Peternakan,,9.0,Sidoarjo,Jawa Timur
NS000610,NIK0000610,1963-03-01,L,Jasa Jahit,7300000.0,7.0,Gresik,Jawa Timur
NS000611,NIK0000611,1999-05-04,L,Peternakan,2550000.0,12.0,Pematangsiantar,Sumatera Utara
NS000612,NIK0000612,1979-12-23,L,Bengkel,16770000.0,5.0,Sidoarjo,Jawa Timur
NS000613,NIK0000613,1964-02-19,P,Warung Kelontong,6240000.0,10.0,Bogor,Jawa Barat
NS000614,NIK0000614,1997-03-07,L,Perikanan,1740000.0,7.0,Pematangsiantar,Sumatera Utara
NS000615,NIK0000615,1961-12-20,P,Laundry,8840000.0,1.0,Medan,Sumatera Utara
NS000616,NIK0000616,1998-06-11,P,Toko Bangunan,3940000.0,20.0,Jember,Jawa Timur
NS000617,NIK0000617,1994-09-08,L,Bengkel,3380000.0,21.0,Kudus,Jawa Tengah
NS000618,NIK0000618,1981-02-14,P,Perikanan,9130000.0,15.0,Bandung,Jawa Barat
NS000619,NIK0000619,1965-03-15,L,Bengkel,1640000.0,13.0,Cirebon,Jawa Barat
NS000620,NIK0000620,1987-05-16,P,Peternakan,6390000.0,3.0,Solo,Jawa Tengah
NS000621,NIK0000621,1989-09-11,L,Tidak Diketahui,,8.0,  Kudus,Jawa Tengah
NS000622,NIK0000622,1961-08-16,P,Kerajinan,5870000.0,19.0,Semarang,Jawa Tengah
NS000623,NIK0000623,1993-06-23,L,Peternakan,6440000.0,16.0,Denpasar,Bali
NS000624,NIK0000624,1965-07-23,P,Toko Bangunan,6340000.0,13.0,Bogor,Jawa Barat
NS000625,NIK0000625,1975-10-11,P,Tidak Diketahui,3050000.0,7.0,Singaraja,Bali
NS000626,NIK0000626,1985-05-04,P,Tidak Diketahui,3130000.0,20.0,Makassar,Sulawesi Selatan
NS000627,NIK0000627,1983-10-06,L,Warung Kelontong,3530000.0,20.0,Denpasar,Bali
NS000628,NIK0000628,1974-07-08,L,Pertanian,1400000.0,11.0,Gresik,Jawa Timur
NS000629,NIK0000629,1985-10-13,P,Toko Bangunan,12640000.0,10.0,Jember,Jawa Timur
NS000630,NIK0000630,1986-04-27,P,Jasa Jahit,7350000.0,14.0,Bekasi,Jawa Barat
NS000631,NIK0000631,1979-10-18,L,Pertanian,6410000.0,5.0,Jember,Jawa Timur
NS000632,NIK0000632,1994-09-19,P,Kerajinan,7180000.0,4.0,Pematangsiantar,Sumatera Utara
NS000633,NIK0000633,1976-12-24,P,Pedagang Pasar,1930000.0,3.0,Pematangsiantar,Sumatera Utara
NS000634,NIK0000634,1996-01-04,P,Bengkel,8690000.0,15.0,Medan,Sumatera Utara
NS000635,NIK0000635,2003-08-12,P,Warung Kelontong,7170000.0,2.0,Pematangsiantar,Sumatera Utara
NS000636,NIK0000636,1988-05-15,P,Kerajinan,3610000.0,5.0,Bandung,Jawa Barat
NS000637,NIK0000637,1963-11-03,L,Toko Bangunan,3550000.0,21.0,Medan,Sumatera Utara
NS000638,NIK0000638,1995-10-12,L,Kerajinan,5040000.0,15.0,Singaraja,Bali
NS000639,NIK0000639,1990-09-02,P,Toko Bangunan,2330000.0,8.0,Sidoarjo,Jawa Timur
NS000640,NIK0000640,1983-09-01,P,Laundry,5210000.0,6.0,Solo,Jawa Tengah
NS000641,NIK0000641,1961-11-13,P,Pertanian,2990000.0,13.0,Parepare,Sulawesi Selatan
NS000642,NIK0000642,1989-04-13,P,Warung Kelontong,2380000.0,19.0,  Kudus,Jawa Tengah
NS000643,NIK0000643,1968-03-16,P,LAINNYA,7790000.0,17.0,Denpasar,Bali
NS000644,NIK0000644,1973-01-31,L,Kerajinan,2470000.0,8.0,Kudus ,Jawa Tengah
NS000645,NIK0000645,1998-10-25,L,Jasa Jahit,10690000.0,19.0,semarang,Jawa Tengah
NS000646,NIK0000646,1974-06-11,L,Peternakan,5060000.0,8.0,Magelang,Jawa Tengah
NS000647,NIK0000647,1990-08-18,L,Laundry,4340000.0,19.0,  Kediri,Jawa Timur
NS000648,NIK0000648,1967-12-14,P,Perikanan,,6.0,Gresik,Jawa Timur
NS000649,NIK0000649,1970-12-25,P,Jasa Jahit,2960000.0,3.0,Sidoarjo,Jawa Timur
NS000650,NIK0000650,1992-08-25,L,Pertanian,4500000.0,14.0,Makassar,Sulawesi Selatan
NS000651,NIK0000651,1987-09-02,P,Salon,5520000.0,2.0,Jember,Jawa Timur
NS000652,NIK0000652,1993-11-19,L,Jasa Jahit,,11.0,Singaraja ,Bali
NS000653,NIK0000653,1997-12-09,P,Toko Bangunan,6050000.0,6.0,Jember,Jawa Timur
NS000654,NIK0000654,1990-10-01,P,Jasa Jahit,4700000.0,13.0,Kudus,Jawa Tengah
NS000655,NIK0000655,1960-07-30,P,Perikanan,2800000.0,11.0,Sidoarjo,Jawa Timur
NS000656,NIK0000656,1998-01-03,P,Pedagang Pasar,2530000.0,7.0,Sidoarjo,Jawa Timur
NS000657,NIK0000657,1991-12-12,L,Kerajinan,6220000.0,13.0,Solo,Jawa Tengah
NS000658,NIK0000658,1964-09-19,P,Warung Kelontong,7170000.0,9.0,Magelang,Jawa Tengah
NS000659,NIK0000659,1981-10-18,L,Bengkel,11300000.0,7.0,Surabaya,Jawa Timur
NS000660,NIK0000660,2000-01-23,L,Perikanan,2790000.0,20.0,Gresik,Jawa Timur
NS000661,NIK0000661,1979-05-28,P,Jasa Jahit,2440000.0,14.0,Sidoarjo,Jawa Timur
NS000662,NIK0000662,1965-03-07,L,LAINNYA,3350000.0,10.0,Singaraja,Bali
NS000663,NIK0000663,1988-09-13,P,Perikanan,4090000.0,14.0,Magelang,Jawa Tengah
NS000664,NIK0000664,1969-06-14,P,Kuliner,1510000.0,15.0,Solo,Jawa Tengah
NS000665,NIK0000665,1981-08-19,P,Jasa Jahit,,18.0,Gresik,Jawa Timur
NS000666,NIK0000666,2002-08-23,L,Peternakan,4210000.0,13.0,  Malang,Jawa Timur
NS000667,NIK0000667,1981-07-21,P,Kuliner,3970000.0,21.0,Bandung,Jawa Barat
NS000668,NIK0000668,1989-02-10,L,Peternakan,2090000.0,3.0,Makassar,Sulawesi Selatan
NS000669,NIK0000669,1983-04-07,P,Peternakan,3650000.0,8.0,Bogor,Jawa Barat
NS000670,NIK0000670,1999-10-30,P,Laundry,4280000.0,4.0,Singaraja,Bali
NS000671,NIK0000671,1991-08-27,L,Pertanian,4330000.0,14.0,Parepare,Sulawesi Selatan
NS000672,NIK0000672,1969-06-11,L,Warung Kelontong,9340000.0,11.0,Singaraja,Bali
NS000673,NIK0000673,1996-01-21,P,Warung Kelontong,4120000.0,12.0,Semarang,Jawa Tengah
NS000674,NIK0000674,1975-11-28,P,Bengkel,3960000.0,21.0,Gresik,Jawa Timur
NS000675,NIK0000675,1970-12-07,P,Pedagang Pasar,981750000.0,7.0,Kediri,Jawa Timur
NS000676,NIK0000676,1972-05-20,P,Perikanan,8670000.0,16.0,Gresik,Jawa Timur
NS000677,NIK0000677,1983-11-29,L,Laundry,4510000.0,11.0,Surabaya,Jawa Timur
NS000678,NIK0000678,2003-12-08,L,Warung Kelontong,2230000.0,11.0,Surabaya,Jawa Timur
NS000679,NIK0000679,1998-06-21,L,Warung Kelontong,4020000.0,4.0,Sidoarjo,Jawa Timur
NS000680,NIK0000680,1967-06-02,P,Jasa Jahit,2960000.0,3.0,Jember,Jawa Timur
NS000681,NIK0000681,1960-02-29,P,Warung Kelontong,1010000.0,1.0,medan,Sumatera Utara
NS000682,NIK0000682,1964-03-08,P,Kuliner,7040000.0,10.0,Denpasar,Bali
NS000683,NIK0000683,1975-12-26,P,Pertanian,2810000.0,21.0,Makassar,Sulawesi Selatan
NS000684,NIK0000684,1985-08-25,P,Warung Kelontong,4660000.0,16.0,Semarang,Jawa Tengah
NS000685,NIK0000685,1986-01-15,P,Salon,4820000.0,5.0,Gresik,Jawa Timur
NS000686,NIK0000686,1977-02-22,L,Jasa Jahit,8100000.0,13.0,Singaraja,Bali
NS000687,NIK0000687,1977-09-02,P,Bengkel,5100000.0,11.0,Semarang,Jawa Tengah
NS000688,NIK0000688,1962-11-29,L,Pedagang Pasar,4110000.0,8.0,Pematangsiantar,Sumatera Utara
NS000689,NIK0000689,1965-07-04,P,Laundry,4360000.0,6.0,Bandung,Jawa Barat
NS000690,NIK0000690,1980-10-23,L,Bengkel,,15.0,GRESIK,Jawa Timur
NS000691,NIK0000691,1982-12-29,L,Salon,6720000.0,5.0,Cirebon,Jawa Barat
NS000692,NIK0000692,1960-03-27,P,Laundry,10030000.0,10.0,Sidoarjo,Jawa Timur
NS000693,NIK0000693,1997-09-17,L,Jasa Jahit,5500000.0,12.0,Surabaya,Jawa Timur
NS000694,NIK0000694,1990-09-04,P,Bengkel,8180000.0,11.0,Parepare,Sulawesi Selatan
NS000695,NIK0000695,1961-11-29,P,Laundry,8230000.0,17.0,Solo,Jawa Tengah
NS000696,NIK0000696,1965-11-25,P,Pertanian,2770000.0,5.0,Parepare,Sulawesi Selatan
NS000697,NIK0000697,1990-09-06,L,Tidak Diketahui,,1.0,Pematangsiantar,Sumatera Utara
NS000698,NIK0000698,1982-06-21,P,LAINNYA,2070000.0,5.0,Magelang,Jawa Tengah
NS000699,NIK0000699,1981-06-26,P,Toko Bangunan,,11.0,Cirebon,Jawa Barat
NS000700,NIK0000700,1965-01-11,L,Peternakan,,5.0,Bogor,Jawa Barat
NS000701,NIK0000701,1997-04-03,P,Kuliner,3530000.0,20.0,Medan,Sumatera Utara
NS000702,NIK0000702,1983-05-27,L,Salon,,4.0,Kediri,Jawa Timur
NS000703,NIK0000703,1969-12-11,L,Toko Bangunan,5430000.0,2.0,Gresik,Jawa Timur
NS000704,NIK0000704,1993-06-12,P,Kuliner,8410000.0,7.0,Denpasar,Bali
NS000705,NIK0000705,1986-12-10,L,Perikanan,9860000.0,4.0,Semarang,Jawa Tengah
NS000706,NIK0000706,1987-06-04,P,Toko Bangunan,3990000.0,6.0,Solo,Jawa Tengah
NS000707,NIK0000707,1961-10-19,P,Jasa Jahit,,2.0,Bogor,Jawa Barat
NS000708,NIK0000708,1997-04-18,L,Laundry,3490000.0,20.0,Sidoarjo,Jawa Timur
NS000709,NIK0000709,1960-04-15,P,Pertanian,10770000.0,4.0,Kudus,Jawa Tengah
NS000710,NIK0000710,1998-06-25,P,Peternakan,3120000.0,12.0,Bandung ,Jawa Barat
NS000711,NIK0000711,1998-12-26,P,Kerajinan,,8.0,Malang,Jawa Timur
NS000712,NIK0000712,1997-11-07,P,Jasa Jahit,5430000.0,3.0,Medan,Sumatera Utara
NS000713,NIK0000713,1968-08-31,L,Salon,,18.0,Jember,Jawa Timur
NS000714,NIK0000714,1973-04-24,L,Pedagang Pasar,11050000.0,7.0,Sidoarjo,Jawa Timur
NS000715,NIK0000715,1982-11-14,P,Perikanan,6830000.0,12.0,Kediri,Jawa Timur
NS000716,NIK0000716,1971-02-02,P,Peternakan,3890000.0,17.0,SEMARANG,Jawa Tengah
NS000717,NIK0000717,2002-02-03,P,Peternakan,5020000.0,4.0,Parepare,Sulawesi Selatan
NS000718,NIK0000718,1988-03-27,P,Pertanian,3490000.0,2.0,Jember,Jawa Timur
NS000719,NIK0000719,1975-09-16,P,Kuliner,6490000.0,5.0,KUDUS,Jawa Tengah
NS000720,NIK0000720,1969-03-28,P,Jasa Jahit,6260000.0,20.0,Bogor,Jawa Barat
NS000721,NIK0000721,1961-03-20,P,Peternakan,990000.0,4.0,Bogor,Jawa Barat
NS000722,NIK0000722,1973-08-06,L,Salon,1340000.0,10.0,Cirebon,Jawa Barat
NS000723,NIK0000723,1963-01-24,L,Kerajinan,,19.0,Bandung ,Jawa Barat
NS000724,NIK0000724,1974-06-10,L,Pedagang Pasar,7790250.0,20.0,Parepare,Sulawesi Selatan
NS000725,NIK0000725,1973-11-02,P,Salon,8610000.0,16.0,Pematangsiantar,Sumatera Utara
NS000726,NIK0000726,1996-09-18,L,Pedagang Pasar,3920000.0,7.0,Semarang,Jawa Tengah
NS000727,NIK0000727,1968-12-21,P,Laundry,4090000.0,5.0,sidoarjo,Jawa Timur
NS000728,NIK0000728,1993-07-27,P,Bengkel,7140000.0,17.0,Parepare,Sulawesi Selatan
NS000729,NIK0000729,1973-03-14,P,Peternakan,3860000.0,12.0,Medan,Sumatera Utara
NS000730,NIK0000730,1966-12-11,L,Salon,8680000.0,12.0,Bandung,Jawa Barat
NS000731,NIK0000731,2002-01-10,P,Peternakan,8500000.0,8.0,Makassar,Sulawesi Selatan
NS000732,NIK0000732,1962-11-08,P,LAINNYA,3220000.0,17.0,Gresik,Jawa Timur
NS000733,NIK0000733,1974-08-19,P,Toko Bangunan,5370000.0,18.0,Solo,Jawa Tengah
NS000734,NIK0000734,1997-04-12,P,Toko Bangunan,3050000.0,19.0,Semarang,Jawa Tengah
NS000735,NIK0000735,1973-03-11,P,Salon,4930000.0,4.0,Denpasar,Bali
NS000736,NIK0000736,1996-08-03,P,Tidak Diketahui,4770000.0,10.0,Jember,Jawa Timur
NS000737,NIK0000737,1991-05-28,P,Salon,,11.0,Singaraja,Bali
NS000738,NIK0000738,1997-09-22,P,Pertanian,2670000.0,8.0,Jember,Jawa Timur
NS000739,NIK0000739,1993-09-25,L,Warung Kelontong,2360000.0,19.0,Bekasi,Jawa Barat
NS000740,NIK0000740,1973-12-30,P,Kuliner,4750000.0,5.0,Malang,Jawa Timur
NS000741,NIK0000741,1997-05-15,L,Tidak Diketahui,5628250.0,8.0,Sidoarjo,Jawa Timur
NS000742,NIK0000742,1984-06-19,P,Toko Bangunan,3800000.0,14.0,Gresik,Jawa Timur
NS000743,NIK0000743,1987-08-09,P,Pedagang Pasar,9060000.0,3.0,Gresik,Jawa Timur
NS000744,NIK0000744,1985-07-09,P,Pedagang Pasar,4440000.0,1.0,  Parepare,Sulawesi Selatan
NS000745,NIK0000745,1996-04-04,L,Pedagang Pasar,3231250.0,9.0,Bogor,Jawa Barat
NS000746,NIK0000746,1993-11-03,L,Warung Kelontong,9030000.0,8.0,Malang,Jawa Timur
NS000747,NIK0000747,1976-12-02,P,Kuliner,2070000.0,8.0,Singaraja,Bali
NS000748,NIK0000748,1978-01-28,P,Toko Bangunan,,8.0,Bekasi,Jawa Barat
NS000749,NIK0000749,1961-09-20,P,Jasa Jahit,4410000.0,17.0,Parepare,Sulawesi Selatan
NS000750,NIK0000750,1960-02-23,P,Jasa Jahit,2660000.0,4.0,Medan ,Sumatera Utara
NS000751,NIK0000751,1966-02-21,P,Perikanan,4030000.0,4.0,Surabaya,Jawa Timur
NS000752,NIK0000752,1991-06-21,L,Kuliner,3690000.0,2.0,Magelang,Jawa Tengah
NS000753,NIK0000753,1966-11-09,L,Peternakan,3350000.0,6.0,Solo ,Jawa Tengah
NS000754,NIK0000754,1960-07-23,P,Kuliner,246240000.0,17.0,Bekasi,Jawa Barat
NS000755,NIK0000755,1995-11-27,L,Pertanian,3265530000.0,13.0,Kudus,Jawa Tengah
NS000756,NIK0000756,1965-08-26,P,Kerajinan,5650000.0,2.0,  Denpasar,Bali
NS000757,NIK0000757,1963-03-20,L,Laundry,6400000.0,10.0,Jember,Jawa Timur
NS000758,NIK0000758,1968-11-03,P,Toko Bangunan,3840000.0,1.0,Jember,Jawa Timur
NS000759,NIK0000759,1975-11-11,L,Bengkel,2710000.0,19.0,Magelang,Jawa Tengah
NS000760,NIK0000760,1965-12-17,L,Kuliner,1240000.0,8.0,Makassar,Sulawesi Selatan
NS000761,NIK0000761,1975-09-19,L,Jasa Jahit,11450000.0,17.0,Sidoarjo,Jawa Timur
NS000762,NIK0000762,1981-07-05,P,Peternakan,7449500.0,5.0,solo,Jawa Tengah
NS000763,NIK0000763,1964-10-02,P,Pertanian,4980000.0,9.0,Cirebon,Jawa Barat
NS000764,NIK0000764,1969-01-21,P,Perikanan,4930000.0,14.0,Kediri,Jawa Timur
NS000765,NIK0000765,1977-05-06,L,Toko Bangunan,7880000.0,10.0,Kediri,Jawa Timur
NS000766,NIK0000766,1980-08-27,P,Jasa Jahit,5430000.0,3.0,Bandung,Jawa Barat
NS000767,NIK0000767,1971-11-11,L,Tidak Diketahui,3820000.0,6.0,Magelang,Jawa Tengah
NS000768,NIK0000768,1961-02-24,L,Pertanian,2540000.0,15.0,Sidoarjo,Jawa Timur
NS000769,NIK0000769,1961-05-17,P,Pedagang Pasar,3600000.0,16.0,Jember,Jawa Timur
NS000770,NIK0000770,2003-05-19,P,Laundry,5260000.0,4.0,Parepare,Sulawesi Selatan
NS000771,NIK0000771,1989-07-03,P,Kerajinan,3230000.0,19.0,Sidoarjo,Jawa Timur
NS000772,NIK0000772,1964-11-05,L,Kuliner,3270000.0,17.0,Bekasi,Jawa Barat
NS000773,NIK0000773,1993-06-12,P,Peternakan,3450000.0,17.0,Gresik,Jawa Timur
NS000774,NIK0000774,1966-09-11,P,Salon,2730000.0,20.0,Kudus,Jawa Tengah
NS000775,NIK0000775,1995-02-19,P,Tidak Diketahui,2990000.0,9.0,Pematangsiantar,Sumatera Utara
NS000776,NIK0000776,1976-02-07,P,Warung Kelontong,8910000.0,2.0,Magelang,Jawa Tengah
NS000777,NIK0000777,1989-05-04,P,Kerajinan,12120000.0,8.0,Bekasi,Jawa Barat
NS000778,NIK0000778,1982-10-06,L,Tidak Diketahui,,8.0,Parepare,Sulawesi Selatan
NS000779,NIK0000779,2000-04-17,P,Pertanian,6820000.0,14.0,Cirebon,Jawa Barat
NS000780,NIK0000780,1979-08-22,P,Bengkel,7140000.0,14.0,Bekasi,Jawa Barat
NS000781,NIK0000781,1962-11-13,P,Perikanan,3230000.0,7.0,Magelang,Jawa Tengah
NS000782,NIK0000782,1995-12-10,P,Kuliner,6180000.0,17.0,Kediri,Jawa Timur
NS000783,NIK0000783,1971-09-06,L,Perikanan,6051250.0,15.0,Sidoarjo,Jawa Timur
NS000784,NIK0000784,1991-02-11,L,Salon,4300000.0,2.0,Gresik,Jawa Timur
NS000785,NIK0000785,1963-12-14,P,Peternakan,4020000.0,1.0,Singaraja,Bali
NS000786,NIK0000786,1976-07-01,L,Perikanan,8680000.0,19.0,gresik,Jawa Timur
NS000787,NIK0000787,1963-06-24,P,Toko Bangunan,7450000.0,17.0,Jember,Jawa Timur
NS000788,NIK0000788,1979-03-15,P,Pedagang Pasar,2750000.0,13.0,Sidoarjo,Jawa Timur
NS000789,NIK0000789,1999-04-05,P,Jasa Jahit,4400000.0,6.0,Kediri,Jawa Timur
NS000790,NIK0000790,1975-01-10,P,Kerajinan,5140000.0,13.0,Jember,Jawa Timur
NS000791,NIK0000791,2001-06-04,L,Warung Kelontong,4300000.0,19.0,Kediri,Jawa Timur
NS000792,NIK0000792,1980-07-12,L,Tidak Diketahui,8970000.0,7.0,Gresik,Jawa Timur
NS000793,NIK0000793,2000-09-14,P,Pedagang Pasar,14230000.0,7.0,Solo,Jawa Tengah
NS000794,NIK0000794,1960-04-02,P,Kuliner,4440000.0,2.0,solo,Jawa Tengah
NS000795,NIK0000795,1997-05-03,P,Peternakan,2100000.0,3.0,Magelang,Jawa Tengah
NS000796,NIK0000796,1975-05-24,P,Jasa Jahit,2000000.0,10.0,MAKASSAR,Sulawesi Selatan
NS000797,NIK0000797,1964-09-03,L,Pedagang Pasar,4740000.0,13.0,Sidoarjo,Jawa Timur
NS000798,NIK0000798,1960-01-16,P,Laundry,4660000.0,11.0,  Solo,Jawa Tengah
NS000799,NIK0000799,1991-07-10,L,Salon,4050000.0,9.0,Surabaya,Jawa Timur
NS000800,NIK0000800,2002-07-24,P,Salon,3900000.0,11.0,Jember,Jawa Timur
NS000801,NIK0000801,1981-04-01,P,Warung Kelontong,4220000.0,8.0,  Singaraja,Bali
NS000802,NIK0000802,2002-09-03,L,Warung Kelontong,2380000.0,20.0,Singaraja,Bali
NS000803,NIK0000803,1981-08-13,P,Peternakan,1690000.0,13.0,Sidoarjo,Jawa Timur
NS000804,NIK0000804,1971-04-04,P,Jasa Jahit,5060000.0,8.0,Denpasar,Bali
NS000805,NIK0000805,1990-04-30,L,Warung Kelontong,9380000.0,12.0,Denpasar,Bali
NS000806,NIK0000806,1984-03-20,P,Pertanian,,8.0,Jember,Jawa Timur
NS000807,NIK0000807,1960-02-01,L,Toko Bangunan,4660000.0,15.0,Solo,Jawa Tengah
NS000808,NIK0000808,1967-07-12,P,Bengkel,3380000.0,21.0,Malang,Jawa Timur
NS000809,NIK0000809,1995-08-30,L,Tidak Diketahui,1150000.0,15.0,Singaraja,Bali
NS000810,NIK0000810,1996-08-15,L,Warung Kelontong,,3.0,Bogor,Jawa Barat
NS000811,NIK0000811,1975-04-06,L,Peternakan,3590000.0,1.0,Solo,Jawa Tengah
NS000812,NIK0000812,1975-05-30,P,Pedagang Pasar,3770000.0,12.0,Cirebon,Jawa Barat
NS000813,NIK0000813,1986-05-28,P,Salon,3340000.0,5.0,Parepare,Sulawesi Selatan
NS000814,NIK0000814,1981-08-01,L,Bengkel,150480000.0,11.0,Makassar,Sulawesi Selatan
NS000815,NIK0000815,1986-04-15,P,Perikanan,1640000.0,10.0,Kediri,Jawa Timur
NS000816,NIK0000816,1970-10-24,L,Kerajinan,3900000.0,9.0,Malang,Jawa Timur
NS000817,NIK0000817,1972-11-23,L,Pertanian,1790000.0,4.0,Bandung,Jawa Barat
NS000818,NIK0000818,1986-03-01,L,Kuliner,1210000.0,16.0,Semarang,Jawa Tengah
NS000819,NIK0000819,1991-02-03,L,Tidak Diketahui,,8.0,Kediri,Jawa Timur
NS000820,NIK0000820,1996-08-11,P,Kerajinan,5210000.0,17.0,Kudus,Jawa Tengah
NS000821,NIK0000821,1967-02-07,P,Laundry,10630000.0,4.0,Bekasi,Jawa Barat
NS000822,NIK0000822,1967-07-25,L,Kerajinan,5430000.0,14.0,Kudus,Jawa Tengah
NS000823,NIK0000823,1986-06-06,P,Salon,4070000.0,18.0,Kediri,Jawa Timur
NS000824,NIK0000824,1967-11-17,P,Pedagang Pasar,6300000.0,16.0,Kediri,Jawa Timur
NS000825,NIK0000825,1968-12-07,P,Salon,1640000.0,3.0,Bandung ,Jawa Barat
NS000826,NIK0000826,1969-10-10,P,Warung Kelontong,4220000.0,9.0,Magelang ,Jawa Tengah
NS000827,NIK0000827,1971-05-19,P,Pedagang Pasar,3660000.0,19.0,Sidoarjo,Jawa Timur
NS000828,NIK0000828,1993-09-11,L,Kuliner,7020000.0,19.0,Semarang,Jawa Tengah
NS000829,NIK0000829,1987-10-06,P,Pertanian,2790000.0,15.0,Semarang,Jawa Tengah
NS000830,NIK0000830,1978-04-28,P,Pertanian,4800000.0,15.0,Jember,Jawa Timur
NS000831,NIK0000831,1967-10-20,P,Perikanan,7410000.0,14.0,Singaraja,Bali
NS000832,NIK0000832,1964-11-12,P,Pedagang Pasar,5440000.0,11.0,Parepare,Sulawesi Selatan
NS000833,NIK0000833,1987-08-18,P,Kuliner,7360000.0,16.0,Parepare,Sulawesi Selatan
NS000834,NIK0000834,1977-07-18,L,Bengkel,1050000.0,9.0,Kudus,Jawa Tengah
NS000835,NIK0000835,2001-08-12,P,Jasa Jahit,8030000.0,10.0,Denpasar,Bali
NS000836,NIK0000836,1997-06-22,P,Bengkel,5980000.0,12.0,Bekasi,Jawa Barat
NS000837,NIK0000837,1982-12-12,P,Kuliner,5950000.0,18.0,Makassar,Sulawesi Selatan
NS000838,NIK0000838,1993-02-08,P,Warung Kelontong,5790000.0,4.0,bandung,Jawa Barat
NS000839,NIK0000839,2002-01-18,L,Laundry,4130000.0,13.0,Solo,Jawa Tengah
NS000840,NIK0000840,1972-07-03,L,Jasa Jahit,2260000.0,9.0,Kediri,Jawa Timur
NS000841,NIK0000841,1990-10-08,P,Salon,,7.0,Semarang,Jawa Tengah
NS000842,NIK0000842,1995-06-25,L,Toko Bangunan,6280000.0,2.0,Kudus,Jawa Tengah
NS000843,NIK0000843,1966-12-13,L,Warung Kelontong,3150000.0,6.0,Gresik,Jawa Timur
NS000844,NIK0000844,1971-10-28,P,Warung Kelontong,8400000.0,14.0,Solo,Jawa Tengah
NS000845,NIK0000845,1970-04-15,P,Kerajinan,4190000.0,6.0,Kudus,Jawa Tengah
NS000846,NIK0000846,1985-06-21,P,Kerajinan,5060000.0,16.0,Gresik,Jawa Timur
NS000847,NIK0000847,1965-05-12,P,Peternakan,3460000.0,7.0,Bogor,Jawa Barat
NS000848,NIK0000848,1983-12-05,P,Perikanan,2820000.0,11.0,Pematangsiantar,Sumatera Utara
NS000849,NIK0000849,1978-12-05,P,Pertanian,3480000.0,8.0,Malang,Jawa Timur
NS000850,NIK0000850,1986-09-14,P,Bengkel,5340000.0,8.0,Bogor,Jawa Barat
NS000851,NIK0000851,1999-10-25,L,Jasa Jahit,8790000.0,21.0,Sidoarjo,Jawa Timur
NS000852,NIK0000852,1961-11-15,L,Laundry,5930000.0,21.0,Semarang,Jawa Tengah
NS000853,NIK0000853,1968-04-07,L,Perikanan,5210000.0,3.0,BANDUNG,Jawa Barat
NS000854,NIK0000854,1972-07-22,P,Tidak Diketahui,7440000.0,15.0,PAREPARE,Sulawesi Selatan
NS000855,NIK0000855,1964-07-24,L,Laundry,7990000.0,21.0,Denpasar,Bali
NS000856,NIK0000856,1996-09-16,L,Peternakan,6180000.0,17.0,Bekasi,Jawa Barat
NS000857,NIK0000857,1973-04-27,P,Salon,6140000.0,6.0,Pematangsiantar ,Sumatera Utara
NS000858,NIK0000858,1981-07-02,P,Pedagang Pasar,2360000.0,18.0,Solo,Jawa Tengah
NS000859,NIK0000859,1968-10-24,P,Salon,13960000.0,6.0,Semarang,Jawa Tengah
NS000860,NIK0000860,2002-12-02,L,Warung Kelontong,1930000.0,16.0,Bogor,Jawa Barat
NS000861,NIK0000861,1990-06-30,P,Tidak Diketahui,1560000.0,6.0,Pematangsiantar ,Sumatera Utara
NS000862,NIK0000862,1981-02-06,L,Perikanan,7550000.0,15.0,MALANG,Jawa Timur
NS000863,NIK0000863,2002-04-21,P,Jasa Jahit,6730000.0,14.0,Surabaya,Jawa Timur
NS000864,NIK0000864,1978-04-15,P,Perikanan,4000000.0,1.0,Kudus,Jawa Tengah
NS000865,NIK0000865,1985-05-16,P,Peternakan,2660000.0,18.0,Solo,Jawa Tengah
NS000866,NIK0000866,1963-05-04,L,Kerajinan,5770000.0,16.0,Kudus,Jawa Tengah
NS000867,NIK0000867,2003-11-29,L,Pertanian,5930000.0,9.0,Singaraja,Bali
NS000868,NIK0000868,1967-08-11,L,Warung Kelontong,4630000.0,21.0,Kudus,Jawa Tengah
NS000869,NIK0000869,1966-11-04,L,Warung Kelontong,2450000.0,3.0,Bekasi,Jawa Barat
NS000870,NIK0000870,1962-09-26,P,Pertanian,6590000.0,16.0,Surabaya,Jawa Timur
NS000871,NIK0000871,2000-01-13,P,Pertanian,4970000.0,6.0,Denpasar,Bali
NS000872,NIK0000872,1964-07-26,P,Bengkel,12250000.0,10.0,Magelang,Jawa Tengah
NS000873,NIK0000873,1971-07-22,L,Toko Bangunan,3590000.0,15.0,Sidoarjo,Jawa Timur
NS000874,NIK0000874,1968-02-07,P,Pedagang Pasar,3865750.0,18.0,Magelang,Jawa Tengah
NS000875,NIK0000875,2003-02-11,L,Bengkel,6700000.0,9.0,Kudus,Jawa Tengah
NS000876,NIK0000876,1962-05-29,P,Laundry,4220000.0,13.0,Makassar,Sulawesi Selatan
NS000877,NIK0000877,1989-01-03,L,Pertanian,4630000.0,19.0,Kudus,Jawa Tengah
NS000878,NIK0000878,1988-02-24,P,Perikanan,5800000.0,20.0,Sidoarjo,Jawa Timur
NS000879,NIK0000879,1974-10-28,P,Jasa Jahit,3470000.0,17.0,Kudus,Jawa Tengah
NS000880,NIK0000880,1981-07-17,P,Pedagang Pasar,6130000.0,1.0,Bekasi,Jawa Barat
NS000881,NIK0000881,1981-07-25,P,Pedagang Pasar,7200000.0,5.0,Denpasar,Bali
NS000882,NIK0000882,2000-01-08,P,Tidak Diketahui,6470000.0,17.0,Bogor,Jawa Barat
NS000883,NIK0000883,1966-12-21,P,Tidak Diketahui,3520000.0,18.0,Bandung,Jawa Barat
NS000884,NIK0000884,1994-11-08,L,Bengkel,6060000.0,11.0,  Malang,Jawa Timur
NS000885,NIK0000885,1993-07-03,P,Pertanian,5120000.0,10.0,Magelang,Jawa Tengah
NS000886,NIK0000886,1976-12-11,L,Pedagang Pasar,5330000.0,11.0,Denpasar,Bali
NS000887,NIK0000887,2000-11-13,L,Bengkel,6460000.0,5.0,Malang,Jawa Timur
NS000888,NIK0000888,1971-05-17,L,Salon,9500000.0,5.0,Solo,Jawa Tengah
NS000889,NIK0000889,1994-07-15,P,Peternakan,6580000.0,15.0,Malang,Jawa Timur
NS000890,NIK0000890,1967-05-19,L,Salon,2100000.0,20.0,Gresik,Jawa Timur
NS000891,NIK0000891,1999-05-08,P,Warung Kelontong,5620000.0,8.0,Sidoarjo,Jawa Timur
NS000892,NIK0000892,1994-04-21,P,Peternakan,7580000.0,14.0,Sidoarjo,Jawa Timur
NS000893,NIK0000893,1984-10-05,P,Jasa Jahit,9920000.0,19.0,Kudus,Jawa Tengah
NS000894,NIK0000894,2002-11-10,P,Perikanan,3410000.0,10.0,Solo,Jawa Tengah
NS000895,NIK0000895,1968-12-21,P,LAINNYA,1980000.0,20.0,Jember,Jawa Timur
NS000896,NIK0000896,1962-12-28,P,Toko Bangunan,6450000.0,7.0,Parepare,Sulawesi Selatan
NS000897,NIK0000897,1978-10-21,L,Pertanian,2440000.0,15.0,Singaraja,Bali
NS000898,NIK0000898,1990-05-06,L,Laundry,5590000.0,14.0,Makassar,Sulawesi Selatan
NS000899,NIK0000899,1973-01-25,P,Pertanian,,9.0,Cirebon,Jawa Barat
NS000900,NIK0000900,2001-12-22,P,Perikanan,2460000.0,6.0,Bekasi,Jawa Barat
NS000901,NIK0000901,1963-12-11,L,Laundry,5651750.0,13.0,Makassar,Sulawesi Selatan
NS000902,NIK0000902,1988-03-01,P,Pedagang Pasar,8070000.0,16.0,Jember,Jawa Timur
NS000903,NIK0000903,1992-10-21,L,Peternakan,4310000.0,8.0,Cirebon,Jawa Barat
NS000904,NIK0000904,1966-09-09,P,Pedagang Pasar,16003500.0,7.0,Surabaya,Jawa Timur
NS000905,NIK0000905,1992-09-02,P,Toko Bangunan,10390000.0,10.0,Parepare,Sulawesi Selatan
NS000906,NIK0000906,1981-06-12,P,Warung Kelontong,3430000.0,5.0,Kudus,Jawa Tengah
NS000907,NIK0000907,2003-07-21,P,Jasa Jahit,5810000.0,14.0,Surabaya,Jawa Timur
NS000908,NIK0000908,2002-03-24,P,Warung Kelontong,,14.0,Pematangsiantar,Sumatera Utara
NS000909,NIK0000909,1992-01-31,L,Warung Kelontong,3140000.0,5.0,Denpasar,Bali
NS000910,NIK0000910,1963-07-14,P,Toko Bangunan,4630000.0,5.0,Cirebon,Jawa Barat
NS000911,NIK0000911,1969-12-29,P,Laundry,8590000.0,21.0,Denpasar,Bali
NS000912,NIK0000912,1967-12-10,P,Jasa Jahit,3070000.0,15.0,Bogor,Jawa Barat
NS000913,NIK0000913,1995-06-30,L,Perikanan,5700000.0,12.0,Cirebon,Jawa Barat
NS000914,NIK0000914,1962-11-14,L,Perikanan,3600000.0,15.0,Malang,Jawa Timur
NS000915,NIK0000915,1996-11-07,L,Perikanan,2360000.0,18.0,Magelang,Jawa Tengah
NS000916,NIK0000916,1970-03-09,P,Salon,7400000.0,2.0,Gresik,Jawa Timur
NS000917,NIK0000917,1972-07-11,P,Kerajinan,6030000.0,19.0,Kediri,Jawa Timur
NS000918,NIK0000918,1977-02-18,P,Kuliner,6580000.0,20.0,Sidoarjo,Jawa Timur
NS000919,NIK0000919,1966-11-20,P,Peternakan,4230000.0,18.0,Solo ,Jawa Tengah
NS000920,NIK0000920,1986-11-17,L,Salon,12090750.0,15.0,Semarang,Jawa Tengah
NS000921,NIK0000921,1994-03-27,P,Pedagang Pasar,5850000.0,19.0,Medan,Sumatera Utara
NS000922,NIK0000922,1964-12-14,L,Kuliner,8260000.0,9.0,Surabaya,Jawa Timur
NS000923,NIK0000923,1967-11-13,P,Kerajinan,2230000.0,13.0,Kudus,Jawa Tengah
NS000924,NIK0000924,1973-10-04,L,Jasa Jahit,,2.0,Bogor,Jawa Barat
NS000925,NIK0000925,1960-05-07,P,Kuliner,4010000.0,13.0,Magelang,Jawa Tengah
NS000926,NIK0000926,1969-02-25,P,Laundry,7100000.0,2.0,Singaraja,Bali
NS000927,NIK0000927,1996-03-08,P,Warung Kelontong,7740000.0,10.0,Semarang,Jawa Tengah
NS000928,NIK0000928,1973-03-25,L,Jasa Jahit,4530000.0,12.0,Solo,Jawa Tengah
NS000929,NIK0000929,1976-08-15,L,Kuliner,4310000.0,5.0,Bogor,Jawa Barat
NS000930,NIK0000930,1973-08-23,L,Salon,,3.0,Semarang,Jawa Tengah
NS000931,NIK0000931,1982-08-21,L,Bengkel,6300000.0,18.0,Bandung,Jawa Barat
NS000932,NIK0000932,1968-06-16,L,Pedagang Pasar,6290000.0,5.0,  Malang,Jawa Timur
NS000933,NIK0000933,1971-02-28,L,Pertanian,3070000.0,4.0,Kudus,Jawa Tengah
NS000934,NIK0000934,1998-06-02,L,Salon,1900000.0,2.0,Pematangsiantar,Sumatera Utara
NS000935,NIK0000935,1981-07-12,P,Bengkel,7650000.0,9.0,Parepare,Sulawesi Selatan
NS000936,NIK0000936,1973-05-06,L,Peternakan,2390000.0,19.0,Magelang,Jawa Tengah
NS000937,NIK0000937,1982-06-05,L,Peternakan,1436940000.0,14.0,Jember,Jawa Timur
NS000938,NIK0000938,1998-02-10,P,Tidak Diketahui,2040000.0,18.0,Parepare,Sulawesi Selatan
NS000939,NIK0000939,1989-01-27,L,Kuliner,3600000.0,20.0,Bogor ,Jawa Barat
NS000940,NIK0000940,1976-11-23,P,Pedagang Pasar,5210000.0,1.0,Semarang,Jawa Tengah
NS000941,NIK0000941,1962-02-21,P,Peternakan,4730000.0,5.0,Cirebon,Jawa Barat
NS000942,NIK0000942,1960-04-09,L,Toko Bangunan,3700000.0,12.0,  Magelang,Jawa Tengah
NS000943,NIK0000943,1970-10-18,P,Kerajinan,465600000.0,15.0,Denpasar,Bali
NS000944,NIK0000944,1975-01-31,L,Laundry,6210000.0,21.0,Malang,Jawa Timur
NS000945,NIK0000945,1965-06-02,P,Perikanan,,9.0,Bandung,Jawa Barat
NS000946,NIK0000946,1963-04-03,P,Kerajinan,,6.0,Solo,Jawa Tengah
NS000947,NIK0000947,1969-07-21,L,Warung Kelontong,3501500.0,17.0,Surabaya,Jawa Timur
NS000948,NIK0000948,1980-01-06,L,Tidak Diketahui,7500000.0,14.0,Kediri,Jawa Timur
NS000949,NIK0000949,1997-01-10,P,Warung Kelontong,7940000.0,15.0,Medan,Sumatera Utara
NS000950,NIK0000950,1962-11-14,L,Toko Bangunan,2800000.0,17.0,Singaraja,Bali
NS000951,NIK0000951,1973-06-24,P,Perikanan,2100000.0,18.0,Medan,Sumatera Utara
NS000952,NIK0000952,1970-09-18,P,Bengkel,2210000.0,10.0,Jember,Jawa Timur
NS000953,NIK0000953,1996-01-14,L,Peternakan,1188270000.0,10.0,Surabaya,Jawa Timur
NS000954,NIK0000954,1972-06-22,P,Peternakan,5100000.0,6.0,Kudus,Jawa Tengah
NS000955,NIK0000955,1981-02-11,P,Tidak Diketahui,4300000.0,6.0,Solo,Jawa Tengah
NS000956,NIK0000956,1972-09-15,P,Laundry,2710000.0,20.0,Gresik,Jawa Timur
NS000957,NIK0000957,2001-01-31,P,Bengkel,3710000.0,16.0,Bekasi,Jawa Barat
NS000958,NIK0000958,1960-11-19,P,Warung Kelontong,3870000.0,13.0,Surabaya,Jawa Timur
NS000959,NIK0000959,1999-01-29,L,Perikanan,6310000.0,9.0,  Singaraja,Bali
NS000960,NIK0000960,1964-07-15,L,Salon,3190000.0,1.0,Malang,Jawa Timur
NS000961,NIK0000961,1996-07-04,P,Tidak Diketahui,,3.0,Malang,Jawa Timur
NS000962,NIK0000962,2002-03-21,L,Bengkel,3970000.0,2.0,Kediri,Jawa Timur
NS000963,NIK0000963,1992-10-30,L,Tidak Diketahui,5510000.0,13.0,Parepare,Sulawesi Selatan
NS000964,NIK0000964,1989-02-07,L,Salon,2180000.0,7.0,  Malang,Jawa Timur
NS000965,NIK0000965,1992-09-09,P,Salon,5290000.0,16.0,Medan,Sumatera Utara
NS000966,NIK0000966,1990-09-17,P,Pedagang Pasar,1590000.0,19.0,Bandung,Jawa Barat
NS000967,NIK0000967,1970-02-05,L,Peternakan,4540000.0,6.0,Singaraja,Bali
NS000968,NIK0000968,1995-04-19,P,Perikanan,,16.0,Bekasi,Jawa Barat
NS000969,NIK0000969,1962-06-15,P,Warung Kelontong,3380000.0,16.0,Kudus,Jawa Tengah
NS000970,NIK0000970,1970-11-23,L,Pertanian,7150000.0,8.0,BEKASI,Jawa Barat
NS000971,NIK0000971,1985-09-15,P,Perikanan,5290000.0,4.0,Magelang,Jawa Tengah
NS000972,NIK0000972,1982-07-07,L,Pedagang Pasar,3780000.0,20.0,Malang,Jawa Timur
NS000973,NIK0000973,1968-08-28,L,Bengkel,3530000.0,3.0,Kediri,Jawa Timur
NS000974,NIK0000974,1990-02-19,P,Peternakan,6120000.0,16.0,Kudus,Jawa Tengah
NS000975,NIK0000975,2002-09-25,L,Toko Bangunan,2680000.0,15.0,Cirebon,Jawa Barat
NS000976,NIK0000976,1975-11-15,P,Toko Bangunan,8300000.0,4.0,Pematangsiantar,Sumatera Utara
NS000977,NIK0000977,1975-10-16,L,Bengkel,3960000.0,2.0,Pematangsiantar,Sumatera Utara
NS000978,NIK0000978,1965-05-06,P,Kerajinan,4700000.0,15.0,Denpasar,Bali
NS000979,NIK0000979,1993-02-12,P,Bengkel,6070000.0,16.0,Bekasi,Jawa Barat
NS000980,NIK0000980,1975-05-09,L,Kerajinan,6240000.0,14.0,Malang,Jawa Timur
NS000981,NIK0000981,1963-03-04,L,Jasa Jahit,4700000.0,8.0,denpasar,Bali
NS000982,NIK0000982,1996-02-17,L,Laundry,4660000.0,14.0,Kediri,Jawa Timur
NS000983,NIK0000983,1990-05-17,P,Bengkel,12710000.0,7.0,Solo,Jawa Tengah
NS000984,NIK0000984,1994-06-17,L,Peternakan,6190000.0,3.0,Makassar,Sulawesi Selatan
NS000985,NIK0000985,1992-12-26,L,Kuliner,2050000.0,2.0,Medan,Sumatera Utara
NS000986,NIK0000986,2003-02-25,P,Perikanan,3190000.0,15.0,Magelang,Jawa Tengah
NS000987,NIK0000987,1983-12-20,L,Peternakan,4160000.0,20.0,Bandung,Jawa Barat
NS000988,NIK0000988,1963-08-14,P,Warung Kelontong,3260000.0,21.0,Solo,Jawa Tengah
NS000989,NIK0000989,1988-05-13,P,Pertanian,11980000.0,7.0,Solo,Jawa Tengah
NS000990,NIK0000990,1983-09-27,L,Kerajinan,,2.0,Kudus,Jawa Tengah
NS000991,NIK0000991,2001-09-01,L,Pertanian,3270000.0,5.0,Denpasar,Bali
NS000992,NIK0000992,1964-04-22,P,Pedagang Pasar,4418000.0,3.0,Bekasi,Jawa Barat
NS000993,NIK0000993,1962-08-20,P,Warung Kelontong,3880000.0,12.0,Denpasar,Bali
NS000994,NIK0000994,1998-02-17,L,Jasa Jahit,,1.0,Jember,Jawa Timur
NS000995,NIK0000995,2003-04-06,P,Kuliner,6590000.0,13.0,Magelang,Jawa Tengah
NS000996,NIK0000996,1990-01-23,P,Kuliner,9600000.0,6.0,Malang,Jawa Timur
NS000997,NIK0000997,1963-08-23,L,Kuliner,6730000.0,5.0,Kudus,Jawa Tengah
NS000998,NIK0000998,1990-09-04,P,Pertanian,11130000.0,17.0,Kudus,Jawa Tengah
NS000999,NIK0000999,1973-09-06,P,Perikanan,3470000.0,17.0,Semarang,Jawa Tengah
NS001000,NIK0001000,1962-02-28,L,Salon,2650000.0,11.0,Surabaya,Jawa Timur
NS001001,NIK0001001,2002-12-03,P,Pertanian,2990000.0,19.0,Kediri,Jawa Timur
NS001002,NIK0001002,1983-06-06,P,Warung Kelontong,3410000.0,14.0,Surabaya,Jawa Timur
NS001003,NIK0001003,1967-08-01,P,Pedagang Pasar,2610000.0,12.0,Pematangsiantar,Sumatera Utara
NS001004,NIK0001004,1998-07-09,L,Warung Kelontong,,18.0,Makassar,Sulawesi Selatan
NS001005,NIK0001005,1992-01-12,L,Tidak Diketahui,3610000.0,12.0,Parepare,Sulawesi Selatan
NS001006,NIK0001006,1970-02-23,L,Pedagang Pasar,4670000.0,10.0,BOGOR,Jawa Barat
NS001007,NIK0001007,1974-02-17,L,Laundry,2100000.0,19.0,Medan,Sumatera Utara
NS001008,NIK0001008,1967-06-28,L,Toko Bangunan,4660000.0,21.0,Kudus,Jawa Tengah
NS001009,NIK0001009,1960-05-18,P,Kerajinan,10304750.0,2.0,Kediri,Jawa Timur
NS001010,NIK0001010,1979-02-08,P,Peternakan,,20.0,kediri,Jawa Timur
NS001011,NIK0001011,1995-07-23,P,Kuliner,3860000.0,3.0,Singaraja,Bali
NS001012,NIK0001012,1987-06-02,L,Kerajinan,10000000.0,15.0,Bogor,Jawa Barat
NS001013,NIK0001013,1961-12-11,L,Perikanan,6090000.0,2.0,Bandung,Jawa Barat
NS001014,NIK0001014,1980-08-23,P,Salon,186.0,15.0,Kediri ,Jawa Timur
NS001015,NIK0001015,1985-01-26,P,Kuliner,,9.0,Gresik,Jawa Timur
NS001016,NIK0001016,1998-05-17,L,Kerajinan,2280000.0,12.0,Parepare,Sulawesi Selatan
NS001017,NIK0001017,1978-02-16,L,Kerajinan,4420000.0,6.0,Surabaya,Jawa Timur
NS001018,NIK0001018,1974-09-16,P,Kuliner,8650000.0,5.0,Sidoarjo,Jawa Timur
NS001019,NIK0001019,1990-06-06,P,Kuliner,7380000.0,14.0,Surabaya,Jawa Timur
NS001020,NIK0001020,1981-04-15,L,Kuliner,7850000.0,17.0,DENPASAR,Bali
NS001021,NIK0001021,2002-04-26,L,Tidak Diketahui,9340000.0,18.0,makassar,Sulawesi Selatan
NS001022,NIK0001022,1998-01-15,L,Kerajinan,4920000.0,9.0,Kediri,Jawa Timur
NS001023,NIK0001023,1995-05-31,P,Salon,4940000.0,11.0,Bogor,Jawa Barat
NS001024,NIK0001024,1991-03-20,P,Tidak Diketahui,11450000.0,3.0,Medan,Sumatera Utara
NS001025,NIK0001025,1960-02-28,P,Peternakan,4400000.0,17.0,Makassar,Sulawesi Selatan
NS001026,NIK0001026,1978-06-09,L,Peternakan,2540000.0,5.0,Parepare,Sulawesi Selatan
NS001027,NIK0001027,1974-10-25,P,Salon,10620000.0,4.0,Medan,Sumatera Utara
NS001028,NIK0001028,1991-01-07,P,Laundry,3800000.0,20.0,Semarang,Jawa Tengah
NS001029,NIK0001029,1991-09-30,P,Pedagang Pasar,5000000.0,14.0,Singaraja,Bali
NS001030,NIK0001030,1989-04-15,L,Salon,3680000.0,5.0,Jember,Jawa Timur
NS001031,NIK0001031,1982-02-22,P,Kuliner,3280000.0,5.0,Gresik,Jawa Timur
NS001032,NIK0001032,1981-11-14,L,Perikanan,1460000.0,8.0,Semarang,Jawa Tengah
NS001033,NIK0001033,1974-02-04,L,Jasa Jahit,,15.0,Bogor,Jawa Barat
NS001034,NIK0001034,1991-04-20,L,Salon,3740000.0,19.0,Bogor,Jawa Barat
NS001035,NIK0001035,1970-05-24,P,Laundry,,15.0,Parepare,Sulawesi Selatan
NS001036,NIK0001036,1971-10-23,P,Pedagang Pasar,2060000.0,13.0,Pematangsiantar,Sumatera Utara
NS001037,NIK0001037,1992-12-24,P,Kuliner,4590000.0,16.0,Medan,Sumatera Utara
NS001038,NIK0001038,1979-11-27,P,Kerajinan,4070000.0,4.0,Magelang,Jawa Tengah
NS001039,NIK0001039,1968-12-30,L,Pedagang Pasar,5740000.0,16.0,Surabaya,Jawa Timur
NS001040,NIK0001040,1995-09-04,P,Perikanan,3610000.0,21.0,Surabaya,Jawa Timur
NS001041,NIK0001041,1988-04-01,L,LAINNYA,3480000.0,7.0,Surabaya,Jawa Timur
NS001042,NIK0001042,1980-05-15,P,Jasa Jahit,2240000.0,7.0,pematangsiantar,Sumatera Utara
NS001043,NIK0001043,1981-12-07,L,Kuliner,2620000.0,19.0,Surabaya,Jawa Timur
NS001044,NIK0001044,1985-09-27,P,Salon,3184250.0,21.0,Kediri,Jawa Timur
NS001045,NIK0001045,1965-11-01,P,Kerajinan,8340000.0,15.0,Gresik,Jawa Timur
NS001046,NIK0001046,1991-09-16,L,Jasa Jahit,5540000.0,3.0,Makassar,Sulawesi Selatan
NS001047,NIK0001047,2002-12-27,L,Pedagang Pasar,3630000.0,4.0,Bandung,Jawa Barat
NS001048,NIK0001048,1973-12-17,P,Perikanan,1840000.0,16.0,Semarang,Jawa Tengah
NS001049,NIK0001049,1974-03-06,P,LAINNYA,5580000.0,16.0,Semarang,Jawa Tengah
NS001050,NIK0001050,1971-04-05,P,Warung Kelontong,,19.0,Singaraja,Bali
NS001051,NIK0001051,1969-01-23,P,Tidak Diketahui,6740000.0,3.0,Semarang,Jawa Tengah
NS001052,NIK0001052,1973-05-30,P,Laundry,2540000.0,16.0,Kediri,Jawa Timur
NS001053,NIK0001053,1967-05-28,P,Kuliner,2130000.0,6.0,Solo,Jawa Tengah
NS001054,NIK0001054,1960-12-22,P,Bengkel,3550000.0,19.0,Gresik,Jawa Timur
NS001055,NIK0001055,1962-07-26,P,Toko Bangunan,1100000.0,3.0,Makassar,Sulawesi Selatan
NS001056,NIK0001056,1976-03-25,P,Kuliner,2583300000.0,6.0,Solo,Jawa Tengah
NS001057,NIK0001057,2003-06-15,L,Jasa Jahit,7500000.0,13.0,PAREPARE,Sulawesi Selatan
NS001058,NIK0001058,1989-06-06,L,Peternakan,5700000.0,20.0,Bandung ,Jawa Barat
NS001059,NIK0001059,1976-11-28,L,Warung Kelontong,4630000.0,7.0,Cirebon,Jawa Barat
NS001060,NIK0001060,2003-06-15,L,Peternakan,7940000.0,8.0,Magelang,Jawa Tengah
NS001061,NIK0001061,1978-09-20,L,Toko Bangunan,3080000.0,8.0,Medan,Sumatera Utara
NS001062,NIK0001062,1962-10-05,P,Toko Bangunan,,1.0,Semarang,Jawa Tengah
NS001063,NIK0001063,1973-09-11,P,Kerajinan,2880000.0,17.0,  Jember,Jawa Timur
NS001064,NIK0001064,1964-05-16,P,Pedagang Pasar,2770000.0,9.0,Pematangsiantar,Sumatera Utara
NS001065,NIK0001065,1971-12-24,L,Jasa Jahit,9110000.0,18.0,Singaraja,Bali
NS001066,NIK0001066,2001-12-06,P,Warung Kelontong,27120000.0,5.0,Magelang,Jawa Tengah
NS001067,NIK0001067,1986-03-10,P,Salon,1760000.0,7.0,  Kediri,Jawa Timur
NS001068,NIK0001068,1980-11-23,P,Kuliner,1570000.0,7.0,Parepare,Sulawesi Selatan
NS001069,NIK0001069,2002-12-21,P,Jasa Jahit,10910000.0,21.0,Pematangsiantar,Sumatera Utara
NS001070,NIK0001070,1972-12-10,P,Toko Bangunan,4020000.0,16.0,Denpasar,Bali
NS001071,NIK0001071,1977-08-27,P,Perikanan,3370000.0,10.0,semarang,Jawa Tengah
NS001072,NIK0001072,1968-06-21,P,Perikanan,5030000.0,4.0,Semarang,Jawa Tengah
NS001073,NIK0001073,1966-03-18,P,Pedagang Pasar,15390000.0,10.0,Kediri,Jawa Timur
NS001074,NIK0001074,2001-07-24,L,Pertanian,5520000.0,18.0,Medan,Sumatera Utara
NS001075,NIK0001075,1961-01-23,P,Laundry,5060000.0,16.0,Parepare,Sulawesi Selatan
NS001076,NIK0001076,2000-10-06,P,Pedagang Pasar,12380000.0,3.0,BOGOR,Jawa Barat
NS001077,NIK0001077,1995-01-11,P,Kerajinan,2800000.0,21.0,Semarang,Jawa Tengah
NS001078,NIK0001078,1980-06-15,L,Peternakan,6030000.0,10.0,Pematangsiantar,Sumatera Utara
NS001079,NIK0001079,1988-08-28,L,Bengkel,3210000.0,14.0,Singaraja,Bali
NS001080,NIK0001080,1992-10-04,P,Kuliner,2730000.0,15.0,Bandung,Jawa Barat
NS001081,NIK0001081,1979-01-15,P,Pedagang Pasar,786210000.0,18.0,Makassar,Sulawesi Selatan
NS001082,NIK0001082,1966-03-31,P,Jasa Jahit,6370000.0,18.0,Sidoarjo,Jawa Timur
NS001083,NIK0001083,1989-04-20,P,Pedagang Pasar,2460000.0,21.0,Makassar,Sulawesi Selatan
NS001084,NIK0001084,1978-03-30,L,Peternakan,3450000.0,1.0,Solo,Jawa Tengah
NS001085,NIK0001085,1990-09-29,P,Salon,8890000.0,11.0,Sidoarjo,Jawa Timur
NS001086,NIK0001086,1981-04-18,L,Toko Bangunan,6480000.0,11.0,Magelang,Jawa Tengah
NS001087,NIK0001087,1987-07-18,P,Bengkel,6720000.0,6.0,Makassar,Sulawesi Selatan
NS001088,NIK0001088,1960-04-25,P,Kuliner,7900000.0,11.0,Surabaya,Jawa Timur
NS001089,NIK0001089,1998-11-13,L,Pedagang Pasar,6920000.0,16.0,Bekasi,Jawa Barat
NS001090,NIK0001090,1998-07-20,L,Kerajinan,1850000.0,16.0,Semarang,Jawa Tengah
NS001091,NIK0001091,1977-05-10,P,Bengkel,2830000.0,11.0,Jember,Jawa Timur
NS001092,NIK0001092,1969-09-07,L,Perikanan,,2.0,Sidoarjo,Jawa Timur
NS001093,NIK0001093,1980-05-11,P,Kuliner,2820000.0,17.0,Gresik,Jawa Timur
NS001094,NIK0001094,1973-10-25,L,Toko Bangunan,6050000.0,12.0,Parepare,Sulawesi Selatan
NS001095,NIK0001095,1977-04-18,L,Pertanian,2850000.0,7.0,Jember,Jawa Timur
NS001096,NIK0001096,2000-07-23,L,Pertanian,1320000.0,21.0,Bandung,Jawa Barat
NS001097,NIK0001097,1971-11-06,P,Jasa Jahit,4120000.0,18.0,Semarang,Jawa Tengah
NS001098,NIK0001098,1966-07-22,L,Tidak Diketahui,8670000.0,5.0,Malang,Jawa Timur
NS001099,NIK0001099,1981-08-03,L,Kerajinan,9720000.0,20.0,Medan,Sumatera Utara
NS001100,NIK0001100,1965-05-13,P,Toko Bangunan,,1.0,Parepare,Sulawesi Selatan
NS001101,NIK0001101,1961-01-17,P,Bengkel,4610000.0,19.0,Pematangsiantar,Sumatera Utara
NS001102,NIK0001102,1965-12-08,P,Jasa Jahit,4040000.0,13.0,Semarang,Jawa Tengah
NS001103,NIK0001103,1981-03-11,L,Kerajinan,3100000.0,12.0,Makassar,Sulawesi Selatan
NS001104,NIK0001104,1979-02-25,L,Salon,3860000.0,15.0,Kudus,Jawa Tengah
NS001105,NIK0001105,1964-11-12,L,Jasa Jahit,10720000.0,12.0,Bogor,Jawa Barat
NS001106,NIK0001106,1973-03-25,L,Laundry,3530000.0,3.0,Sidoarjo,Jawa Timur
NS001107,NIK0001107,1985-02-09,L,Jasa Jahit,3410000.0,3.0,Kediri,Jawa Timur
NS001108,NIK0001108,1977-08-05,L,Warung Kelontong,3510000.0,8.0,Sidoarjo,Jawa Timur
NS001109,NIK0001109,1991-03-06,P,Laundry,1380000.0,7.0,Gresik,Jawa Timur
NS001110,NIK0001110,2000-09-27,L,Warung Kelontong,4500000.0,13.0,Kudus,Jawa Tengah
NS001111,NIK0001111,1971-03-13,L,LAINNYA,7120000.0,9.0,Parepare,Sulawesi Selatan
NS001112,NIK0001112,2000-05-08,P,Kuliner,14880000.0,14.0,Kudus,Jawa Tengah
NS001113,NIK0001113,1973-06-04,P,Laundry,952952000.0,20.0,Bekasi,Jawa Barat
NS001114,NIK0001114,1990-01-11,P,Peternakan,6650000.0,12.0,Kudus,Jawa Tengah
NS001115,NIK0001115,1992-06-09,P,Pedagang Pasar,2710000.0,12.0,Kudus,Jawa Tengah
NS001116,NIK0001116,2001-05-30,L,Perikanan,4260000.0,14.0,pematangsiantar,Sumatera Utara
NS001117,NIK0001117,2003-05-10,P,Kuliner,24950000.0,6.0,Singaraja,Bali
NS001118,NIK0001118,1971-05-25,P,Bengkel,2970000.0,7.0,Medan,Sumatera Utara
NS001119,NIK0001119,1965-01-12,P,Tidak Diketahui,3500000.0,21.0,Surabaya,Jawa Timur
NS001120,NIK0001120,1999-11-12,L,Salon,2790000.0,1.0,Jember,Jawa Timur
NS001121,NIK0001121,1971-01-01,L,Peternakan,2910000.0,14.0,Semarang,Jawa Tengah
NS001122,NIK0001122,1982-06-23,L,Pertanian,,17.0,Malang ,Jawa Timur
NS001123,NIK0001123,1983-09-07,L,Kerajinan,1720000.0,4.0,Medan,Sumatera Utara
NS001124,NIK0001124,1967-12-13,P,Perikanan,5050000.0,14.0,Jember,Jawa Timur
NS001125,NIK0001125,1968-07-20,P,Kuliner,2720000.0,14.0,Medan,Sumatera Utara
NS001126,NIK0001126,1983-03-13,L,Bengkel,6220000.0,15.0,pematangsiantar,Sumatera Utara
NS001127,NIK0001127,2001-11-09,P,Laundry,5620000.0,12.0,  Medan,Sumatera Utara
NS001128,NIK0001128,1973-05-18,P,Peternakan,2070000.0,8.0,Medan,Sumatera Utara
NS001129,NIK0001129,1979-03-31,L,Peternakan,1070000.0,14.0,Magelang,Jawa Tengah
NS001130,NIK0001130,1995-10-10,P,Tidak Diketahui,2770000.0,21.0,Solo,Jawa Tengah
NS001131,NIK0001131,1979-08-26,P,Bengkel,3431000.0,19.0,Singaraja,Bali
NS001132,NIK0001132,1967-01-30,L,Warung Kelontong,3620000.0,21.0,Singaraja,Bali
NS001133,NIK0001133,1989-11-05,L,Toko Bangunan,2730000.0,15.0,MAGELANG,Jawa Tengah
NS001134,NIK0001134,1976-03-21,P,Perikanan,5030000.0,12.0,Pematangsiantar,Sumatera Utara
NS001135,NIK0001135,1990-09-08,L,Pedagang Pasar,5839750.0,14.0,Malang,Jawa Timur
NS001136,NIK0001136,1961-09-20,P,Bengkel,6410000.0,9.0,Kediri,Jawa Timur
NS001137,NIK0001137,1962-01-01,L,Tidak Diketahui,,16.0,Sidoarjo,Jawa Timur
NS001138,NIK0001138,1972-07-04,L,Kerajinan,7330000.0,10.0,Bandung,Jawa Barat
NS001139,NIK0001139,1986-11-26,L,Warung Kelontong,11760000.0,7.0,Cirebon,Jawa Barat
NS001140,NIK0001140,1980-05-17,L,Bengkel,2470000.0,21.0,SINGARAJA,Bali
NS001141,NIK0001141,1985-03-22,P,Jasa Jahit,9580000.0,4.0,Solo,Jawa Tengah
NS001142,NIK0001142,1962-07-17,P,Perikanan,3360000.0,7.0,Magelang,Jawa Tengah
NS001143,NIK0001143,1962-01-05,L,Warung Kelontong,10920000.0,19.0,Bekasi,Jawa Barat
NS001144,NIK0001144,1975-01-22,P,Peternakan,5990000.0,5.0,Medan,Sumatera Utara
NS001145,NIK0001145,1994-11-13,P,Bengkel,4230000.0,19.0,Cirebon,Jawa Barat
NS001146,NIK0001146,1992-03-21,P,Peternakan,2410000.0,10.0,Sidoarjo,Jawa Timur
NS001147,NIK0001147,1975-05-07,L,Kerajinan,1030000.0,5.0,Pematangsiantar,Sumatera Utara
NS001148,NIK0001148,1996-03-17,P,Tidak Diketahui,4280000.0,14.0,Kediri,Jawa Timur
NS001149,NIK0001149,1974-06-11,L,Bengkel,2140000.0,16.0,Bogor,Jawa Barat
NS001150,NIK0001150,1972-03-21,P,Bengkel,2110000.0,9.0,Makassar,Sulawesi Selatan
NS001151,NIK0001151,1996-09-19,P,Peternakan,4830000.0,16.0,Kediri,Jawa Timur
NS001152,NIK0001152,1991-07-28,P,Kerajinan,2400000.0,13.0,Magelang,Jawa Tengah
NS001153,NIK0001153,1974-09-20,P,Pedagang Pasar,1440000.0,15.0,Cirebon,Jawa Barat
NS001154,NIK0001154,1997-01-14,L,Warung Kelontong,7430000.0,14.0,Makassar,Sulawesi Selatan
NS001155,NIK0001155,1990-06-24,L,Warung Kelontong,3490000.0,8.0,Singaraja,Bali
NS001156,NIK0001156,1970-03-22,P,Kuliner,3930000.0,6.0,Cirebon,Jawa Barat
NS001157,NIK0001157,1962-04-23,P,Jasa Jahit,3740000.0,12.0,Singaraja,Bali
NS001158,NIK0001158,1966-07-12,L,Pedagang Pasar,6230000.0,21.0,Denpasar,Bali
NS001159,NIK0001159,1968-03-13,P,Kerajinan,6760000.0,19.0,Singaraja,Bali
NS001160,NIK0001160,1994-05-06,P,Pertanian,5520000.0,1.0,  Bekasi,Jawa Barat
NS001161,NIK0001161,1973-01-13,P,Perikanan,6560000.0,6.0,Surabaya,Jawa Timur
NS001162,NIK0001162,1974-06-20,L,Pertanian,6050000.0,6.0,Surabaya,Jawa Timur
NS001163,NIK0001163,1987-05-01,L,Peternakan,2700000.0,12.0,Denpasar,Bali
NS001164,NIK0001164,1994-10-14,L,Kerajinan,4560000.0,7.0,Semarang,Jawa Tengah
NS001165,NIK0001165,1985-03-13,P,Laundry,6510000.0,13.0,Kudus,Jawa Tengah
NS001166,NIK0001166,1994-12-22,P,Kerajinan,1010000.0,16.0,Gresik ,Jawa Timur
NS001167,NIK0001167,1985-01-31,L,Warung Kelontong,4360000.0,9.0,Malang,Jawa Timur
NS001168,NIK0001168,1990-01-18,L,Toko Bangunan,9420000.0,3.0,Semarang,Jawa Tengah
NS001169,NIK0001169,1983-07-10,L,Peternakan,9790000.0,7.0,Bogor,Jawa Barat
NS001170,NIK0001170,1998-01-08,L,Pedagang Pasar,9540000.0,2.0,Kudus,Jawa Tengah
NS001171,NIK0001171,1973-02-01,P,Toko Bangunan,4390000.0,16.0,Gresik,Jawa Timur
NS001172,NIK0001172,1969-03-10,P,Warung Kelontong,5340000.0,19.0,Malang,Jawa Timur
NS001173,NIK0001173,1978-02-05,P,Pedagang Pasar,12000000.0,3.0,Denpasar,Bali
NS001174,NIK0001174,1984-10-09,P,Pedagang Pasar,6750000.0,4.0,Gresik,Jawa Timur
NS001175,NIK0001175,1990-09-29,P,Kerajinan,2120000.0,1.0,Sidoarjo,Jawa Timur
NS001176,NIK0001176,1999-03-12,P,Jasa Jahit,1960000.0,10.0,Surabaya,Jawa Timur
NS001177,NIK0001177,1964-09-24,P,Pertanian,2460000.0,7.0,Parepare,Sulawesi Selatan
NS001178,NIK0001178,1969-05-27,L,Bengkel,7570000.0,2.0,Kediri,Jawa Timur
NS001179,NIK0001179,1994-09-23,L,Salon,13710000.0,8.0,Bekasi,Jawa Barat
NS001180,NIK0001180,1965-11-16,P,Laundry,1240000.0,18.0,Surabaya,Jawa Timur
NS001181,NIK0001181,1978-09-07,L,Pedagang Pasar,5300000.0,8.0,Surabaya,Jawa Timur
NS001182,NIK0001182,1971-12-26,L,Jasa Jahit,5030000.0,4.0,Kudus,Jawa Tengah
NS001183,NIK0001183,1991-03-06,P,Kuliner,2720000.0,20.0,Parepare,Sulawesi Selatan
NS001184,NIK0001184,1990-07-27,P,Pedagang Pasar,2270000.0,9.0,Gresik,Jawa Timur
NS001185,NIK0001185,1973-06-15,L,Peternakan,2970000.0,21.0,denpasar,Bali
NS001186,NIK0001186,1999-03-17,P,Tidak Diketahui,14380000.0,12.0,Sidoarjo,Jawa Timur
NS001187,NIK0001187,1993-01-30,L,Laundry,4670000.0,12.0,Medan,Sumatera Utara
NS001188,NIK0001188,1962-01-07,L,Salon,9470000.0,3.0,Parepare,Sulawesi Selatan
NS001189,NIK0001189,1996-04-13,P,Kuliner,5630000.0,14.0,Magelang,Jawa Tengah
NS001190,NIK0001190,1992-11-30,P,Peternakan,7260000.0,19.0,Jember,Jawa Timur
NS001191,NIK0001191,2003-02-08,P,Peternakan,2090000.0,4.0,Pematangsiantar,Sumatera Utara
NS001192,NIK0001192,1969-09-22,L,Kerajinan,3820000.0,16.0,Singaraja,Bali
NS001193,NIK0001193,1983-01-13,P,Perikanan,7310000.0,2.0,Jember,Jawa Timur
NS001194,NIK0001194,1983-07-31,L,Peternakan,1200000.0,8.0,Cirebon,Jawa Barat
NS001195,NIK0001195,1997-06-30,L,Laundry,2270000.0,21.0,Solo,Jawa Tengah
NS001196,NIK0001196,1981-12-11,P,Jasa Jahit,3270000.0,6.0,Cirebon,Jawa Barat
NS001197,NIK0001197,1972-01-28,P,Laundry,8720000.0,1.0,Kudus,Jawa Tengah
NS001198,NIK0001198,1995-04-26,L,Bengkel,3400000.0,7.0,Kudus,Jawa Tengah
NS001199,NIK0001199,1977-05-03,P,Salon,3900000.0,3.0,Medan,Sumatera Utara
NS001200,NIK0001200,1960-06-26,L,Peternakan,7960000.0,1.0,cirebon,Jawa Barat
NS001201,NIK0001201,2001-07-05,L,Warung Kelontong,5690000.0,18.0,Cirebon,Jawa Barat
NS001202,NIK0001202,1994-11-04,P,Toko Bangunan,6170000.0,5.0,Gresik,Jawa Timur
NS001203,NIK0001203,1979-04-16,P,Toko Bangunan,6280000.0,11.0,Singaraja,Bali
NS001204,NIK0001204,1988-11-20,P,Kerajinan,8150000.0,6.0,Sidoarjo,Jawa Timur
NS001205,NIK0001205,1985-11-09,P,Pertanian,3180000.0,12.0,Medan,Sumatera Utara
NS001206,NIK0001206,1997-04-19,P,Warung Kelontong,,18.0,Surabaya,Jawa Timur
NS001207,NIK0001207,1986-02-07,L,Bengkel,11340000.0,4.0,Sidoarjo,Jawa Timur
NS001208,NIK0001208,1997-12-13,L,Laundry,1920000.0,21.0,Kudus,Jawa Tengah
NS001209,NIK0001209,1977-10-04,P,Kerajinan,6740000.0,17.0,Denpasar,Bali
NS001210,NIK0001210,1961-12-03,P,Jasa Jahit,2870000.0,8.0,Bdg,Jawa Barat
NS001211,NIK0001211,1963-01-19,L,Peternakan,6750000.0,15.0,Cirebon,Jawa Barat
NS001212,NIK0001212,2003-02-03,P,Kuliner,1820000.0,10.0,Jember,Jawa Timur
NS001213,NIK0001213,1995-09-05,L,Warung Kelontong,6680000.0,6.0,Makassar,Sulawesi Selatan
NS001214,NIK0001214,1983-11-21,P,Toko Bangunan,4520000.0,3.0,Gresik,Jawa Timur
NS001215,NIK0001215,1965-05-21,P,Bengkel,3630000.0,20.0,Bekasi,Jawa Barat
NS001216,NIK0001216,1983-03-16,P,Tidak Diketahui,5480000.0,19.0,Parepare,Sulawesi Selatan
NS001217,NIK0001217,1982-01-17,L,Tidak Diketahui,5100000.0,9.0,Solo,Jawa Tengah
NS001218,NIK0001218,1972-03-10,P,Toko Bangunan,6650000.0,2.0,Cirebon,Jawa Barat
NS001219,NIK0001219,2002-07-04,L,Pertanian,3940000.0,9.0,Bogor,Jawa Barat
NS001220,NIK0001220,1993-09-03,P,Salon,5690000.0,5.0,Jember,Jawa Timur
NS001221,NIK0001221,1963-06-09,P,Salon,5200000.0,16.0,Cirebon,Jawa Barat
NS001222,NIK0001222,1970-12-25,P,Bengkel,4710000.0,9.0,Denpasar,Bali
NS001223,NIK0001223,1995-01-19,L,Pertanian,5470000.0,20.0,Surabaya,Jawa Timur
NS001224,NIK0001224,1991-11-29,P,Pedagang Pasar,2800000.0,15.0,Bogor,Jawa Barat
NS001225,NIK0001225,1990-04-07,P,Kuliner,8530000.0,10.0,Pematangsiantar,Sumatera Utara
NS001226,NIK0001226,1962-10-31,P,Bengkel,4641250.0,4.0,Denpasar,Bali
NS001227,NIK0001227,1993-05-11,P,Laundry,3730000.0,12.0,Bekasi,Jawa Barat
NS001228,NIK0001228,1987-02-19,P,Salon,2610000.0,14.0,Makassar,Sulawesi Selatan
NS001229,NIK0001229,1983-02-17,P,Peternakan,10280000.0,19.0,Jember,Jawa Timur
NS001230,NIK0001230,1969-07-14,P,Pedagang Pasar,4470000.0,17.0,Bandung,Jawa Barat
NS001231,NIK0001231,1987-01-13,P,Perikanan,4590000.0,21.0,Singaraja,Bali
NS001232,NIK0001232,1996-08-14,P,Kuliner,2420000.0,14.0,  Makassar,Sulawesi Selatan
NS001233,NIK0001233,1999-05-25,L,Tidak Diketahui,3680000.0,3.0,Jember,Jawa Timur
NS001234,NIK0001234,1993-01-25,P,Laundry,3640000.0,10.0,Kudus,Jawa Tengah
NS001235,NIK0001235,1976-10-20,P,Peternakan,4010000.0,15.0,Kudus,Jawa Tengah
NS001236,NIK0001236,2000-02-05,L,Jasa Jahit,6970000.0,12.0,Semarang,Jawa Tengah
NS001237,NIK0001237,1982-12-16,P,Jasa Jahit,2290000.0,2.0,Kudus,Jawa Tengah
NS001238,NIK0001238,1994-05-19,P,Tidak Diketahui,,5.0,Cirebon,Jawa Barat
NS001239,NIK0001239,1982-12-24,L,Pertanian,6340000.0,17.0,Surabaya,Jawa Timur
NS001240,NIK0001240,1964-09-24,P,Kuliner,3860000.0,2.0,Bandung,Jawa Barat
NS001241,NIK0001241,2003-01-13,L,Jasa Jahit,3350000.0,15.0,Gresik,Jawa Timur
NS001242,NIK0001242,1989-01-26,P,Peternakan,2920000.0,14.0,Denpasar,Bali
NS001243,NIK0001243,1960-02-02,L,LAINNYA,3650000.0,11.0,Surabaya,Jawa Timur
NS001244,NIK0001244,1980-10-09,L,Bengkel,8380000.0,21.0,Medan,Sumatera Utara
NS001245,NIK0001245,2002-09-21,P,Perikanan,9970000.0,18.0,Sidoarjo,Jawa Timur
NS001246,NIK0001246,1972-05-24,P,Pertanian,4680000.0,17.0,Malang,Jawa Timur
NS001247,NIK0001247,1984-03-07,L,Tidak Diketahui,,14.0,Magelang,Jawa Tengah
NS001248,NIK0001248,1998-10-03,P,Kerajinan,3940000.0,2.0,Semarang,Jawa Tengah
NS001249,NIK0001249,1960-09-03,L,Jasa Jahit,1842750000.0,2.0,Jember,Jawa Timur
NS001250,NIK0001250,1970-05-26,L,Kerajinan,3670000.0,1.0,MALANG,Jawa Timur
NS001251,NIK0001251,1967-02-22,P,Pedagang Pasar,4160000.0,18.0,Denpasar,Bali
NS001252,NIK0001252,1973-04-19,P,Peternakan,5050000.0,13.0,Jember,Jawa Timur
NS001253,NIK0001253,1961-05-18,P,Jasa Jahit,4750000.0,20.0,Sidoarjo,Jawa Timur
NS001254,NIK0001254,1975-09-17,L,Kerajinan,980000.0,5.0,Semarang,Jawa Tengah
NS001255,NIK0001255,2002-02-18,L,Salon,2990000.0,5.0,Pematangsiantar,Sumatera Utara
NS001256,NIK0001256,1984-03-04,P,Laundry,4800000.0,14.0,Surabaya,Jawa Timur
NS001257,NIK0001257,1990-06-05,P,Warung Kelontong,6390000.0,20.0,Gresik,Jawa Timur
NS001258,NIK0001258,1968-05-07,P,Toko Bangunan,7560000.0,15.0,Bandung,Jawa Barat
NS001259,NIK0001259,1961-09-02,L,Peternakan,4430000.0,9.0,Magelang ,Jawa Tengah
NS001260,NIK0001260,2001-08-17,P,Pertanian,2530000.0,4.0,Solo ,Jawa Tengah
NS001261,NIK0001261,1992-09-22,L,Perikanan,3990000.0,10.0,Singaraja,Bali
NS001262,NIK0001262,1969-08-26,L,Kerajinan,3520000.0,12.0,  Makassar,Sulawesi Selatan
NS001263,NIK0001263,1989-06-09,L,Toko Bangunan,3870000.0,8.0,Makassar,Sulawesi Selatan
NS001264,NIK0001264,1974-05-27,P,Peternakan,,5.0,Cirebon,Jawa Barat
NS001265,NIK0001265,1993-08-24,L,Pedagang Pasar,6320000.0,6.0,Cirebon,Jawa Barat
NS001266,NIK0001266,1967-07-15,P,Jasa Jahit,3360000.0,18.0,Kediri,Jawa Timur
NS001267,NIK0001267,1996-01-07,P,Laundry,10030000.0,2.0,Pematangsiantar,Sumatera Utara
NS001268,NIK0001268,1990-07-25,P,Kuliner,7300000.0,6.0,Singaraja,Bali
NS001269,NIK0001269,1996-05-13,P,Peternakan,5540000.0,3.0,Medan,Sumatera Utara
NS001270,NIK0001270,1979-10-20,P,Perikanan,1790000.0,1.0,SINGARAJA,Bali
NS001271,NIK0001271,1974-06-16,L,Kuliner,,16.0,Kudus,Jawa Tengah
NS001272,NIK0001272,1989-01-21,P,Warung Kelontong,8660000.0,10.0,Semarang ,Jawa Tengah
NS001273,NIK0001273,2003-11-20,L,Perikanan,5840000.0,11.0,Parepare,Sulawesi Selatan
NS001274,NIK0001274,2001-05-17,L,Pedagang Pasar,5140000.0,4.0,Cirebon,Jawa Barat
NS001275,NIK0001275,2000-02-14,L,Laundry,3650000.0,9.0,Parepare,Sulawesi Selatan
NS001276,NIK0001276,1987-08-25,P,Pertanian,5890000.0,13.0,Semarang,Jawa Tengah
NS001277,NIK0001277,1970-08-03,P,Pedagang Pasar,6300000.0,3.0,Medan,Sumatera Utara
NS001278,NIK0001278,1969-09-18,L,Pedagang Pasar,2300000.0,3.0,Bekasi,Jawa Barat
NS001279,NIK0001279,1986-03-12,L,Salon,7130000.0,1.0,Bekasi,Jawa Barat
NS001280,NIK0001280,1993-12-23,P,Pedagang Pasar,3390000.0,4.0,Malang,Jawa Timur
NS001281,NIK0001281,1996-04-01,P,Pedagang Pasar,6540000.0,2.0,Malang,Jawa Timur
NS001282,NIK0001282,1984-06-10,L,Kerajinan,5769250.0,15.0,Kudus,Jawa Tengah
NS001283,NIK0001283,1999-12-16,P,Warung Kelontong,,11.0,Malang,Jawa Timur
NS001284,NIK0001284,1971-06-07,P,Kuliner,4150000.0,12.0,Gresik,Jawa Timur
NS001285,NIK0001285,1989-08-11,P,Peternakan,5890000.0,17.0,Semarang,Jawa Tengah
NS001286,NIK0001286,1982-09-27,P,Toko Bangunan,6130000.0,21.0,Sidoarjo,Jawa Timur
NS001287,NIK0001287,1984-06-24,P,Kerajinan,2500000.0,10.0,Parepare,Sulawesi Selatan
NS001288,NIK0001288,1986-11-12,P,Salon,2400000.0,21.0,Semarang,Jawa Tengah
NS001289,NIK0001289,1996-11-08,L,Toko Bangunan,6880000.0,10.0,Sidoarjo,Jawa Timur
NS001290,NIK0001290,1967-02-07,P,LAINNYA,2400000.0,2.0,Magelang,Jawa Tengah
NS001291,NIK0001291,2000-04-22,P,Warung Kelontong,10320000.0,10.0,Bandung,Jawa Barat
NS001292,NIK0001292,1970-01-06,P,Warung Kelontong,8560000.0,1.0,Malang,Jawa Timur
NS001293,NIK0001293,1998-01-29,L,Kuliner,6080000.0,5.0,Surabaya,Jawa Timur
NS001294,NIK0001294,1976-12-22,L,Toko Bangunan,4700000.0,3.0,Surabaya,Jawa Timur
NS001295,NIK0001295,1969-10-24,P,Kerajinan,5534250.0,6.0,Sidoarjo,Jawa Timur
NS001296,NIK0001296,1963-08-27,L,Laundry,1910000.0,4.0,Solo,Jawa Tengah
NS001297,NIK0001297,1994-06-04,P,Laundry,4010000.0,14.0,Singaraja,Bali
NS001298,NIK0001298,2003-09-30,P,Bengkel,3050000.0,9.0,Solo,Jawa Tengah
NS001299,NIK0001299,1975-02-11,P,Jasa Jahit,2790000.0,2.0,Pematangsiantar,Sumatera Utara
NS001300,NIK0001300,1986-10-16,P,Bengkel,,20.0,Magelang,Jawa Tengah
NS001301,NIK0001301,1961-05-28,P,Pertanian,7480000.0,6.0,Medan,Sumatera Utara
NS001302,NIK0001302,1976-08-02,L,Laundry,7740000.0,19.0,Parepare,Sulawesi Selatan
NS001303,NIK0001303,1960-08-09,P,Peternakan,,16.0,Medan,Sumatera Utara
NS001304,NIK0001304,1993-03-30,P,Kerajinan,,15.0,Surabaya,Jawa Timur
NS001305,NIK0001305,1977-01-29,P,Bengkel,3060000.0,19.0,Makassar,Sulawesi Selatan
NS001306,NIK0001306,1980-01-27,P,Warung Kelontong,,3.0,Medan,Sumatera Utara
NS001307,NIK0001307,1988-06-09,P,Tidak Diketahui,5300000.0,8.0,pematangsiantar,Sumatera Utara
NS001308,NIK0001308,1969-10-25,L,Bengkel,2290000.0,21.0,Bekasi,Jawa Barat
NS001309,NIK0001309,1973-10-30,P,Kuliner,1960000.0,14.0,Bekasi,Jawa Barat
NS001310,NIK0001310,1979-04-19,P,Laundry,,15.0,Surabaya,Jawa Timur
NS001311,NIK0001311,2002-08-14,P,Toko Bangunan,1164720000.0,14.0,Pematangsiantar,Sumatera Utara
NS001312,NIK0001312,1989-01-19,P,Warung Kelontong,,8.0,Bandung,Jawa Barat
NS001313,NIK0001313,1969-01-27,P,Peternakan,2040000.0,7.0,Sidoarjo,Jawa Timur
NS001314,NIK0001314,1977-03-26,P,Kerajinan,8800000.0,18.0,Bogor,Jawa Barat
NS001315,NIK0001315,1992-01-22,L,Pertanian,3350000.0,1.0,Surabaya,Jawa Timur
NS001316,NIK0001316,1983-03-07,L,Jasa Jahit,4040000.0,19.0,  Solo,Jawa Tengah
NS001317,NIK0001317,1981-02-19,L,Jasa Jahit,,16.0,Pematangsiantar,Sumatera Utara
NS001318,NIK0001318,1963-06-14,L,LAINNYA,2600000.0,2.0,Parepare,Sulawesi Selatan
NS001319,NIK0001319,2001-04-26,P,Pedagang Pasar,3330000.0,9.0,Pematangsiantar,Sumatera Utara
NS001320,NIK0001320,1972-11-27,P,Toko Bangunan,7880000.0,17.0,Solo,Jawa Tengah
NS001321,NIK0001321,1991-07-12,L,Pertanian,3870000.0,11.0,Magelang,Jawa Tengah
NS001322,NIK0001322,1975-10-21,P,Pertanian,5780000.0,15.0,Singaraja,Bali
NS001323,NIK0001323,1992-05-27,P,Jasa Jahit,6410000.0,7.0,Sidoarjo,Jawa Timur
NS001324,NIK0001324,1970-02-07,L,Tidak Diketahui,6050000.0,16.0,Cirebon,Jawa Barat
NS001325,NIK0001325,1997-03-28,L,Salon,1910000.0,8.0,Kediri,Jawa Timur
NS001326,NIK0001326,1963-09-27,L,Perikanan,,10.0,Jember,Jawa Timur
NS001327,NIK0001327,1979-03-17,L,Jasa Jahit,6410000.0,20.0,Semarang,Jawa Tengah
NS001328,NIK0001328,1962-02-27,L,Jasa Jahit,8290000.0,9.0,Bogor,Jawa Barat
NS001329,NIK0001329,1971-07-09,P,Warung Kelontong,4390000.0,11.0,Parepare,Sulawesi Selatan
NS001330,NIK0001330,1994-06-12,P,Jasa Jahit,4740000.0,1.0,Magelang,Jawa Tengah
NS001331,NIK0001331,1969-02-11,P,Laundry,6150000.0,7.0,Medan,Sumatera Utara
NS001332,NIK0001332,1969-09-06,P,Pertanian,4000000.0,5.0,Kediri,Jawa Timur
NS001333,NIK0001333,1999-06-23,P,Perikanan,13230000.0,5.0,Cirebon,Jawa Barat
NS001334,NIK0001334,1990-11-05,P,Pertanian,5520000.0,10.0,Jember,Jawa Timur
NS001335,NIK0001335,1967-10-04,L,Laundry,,19.0,Gresik,Jawa Timur
NS001336,NIK0001336,1973-03-31,P,Kuliner,12600000.0,17.0,Cirebon,Jawa Barat
NS001337,NIK0001337,1988-07-08,P,Jasa Jahit,7880000.0,7.0,  Magelang,Jawa Tengah
NS001338,NIK0001338,1987-08-13,P,LAINNYA,2080000.0,12.0,Sidoarjo,Jawa Timur
NS001339,NIK0001339,1975-03-11,L,Toko Bangunan,2840000.0,7.0,Semarang,Jawa Tengah
NS001340,NIK0001340,1999-11-28,P,LAINNYA,4000000.0,18.0,Kudus,Jawa Tengah
NS001341,NIK0001341,1992-01-13,L,Warung Kelontong,13460000.0,7.0,Surabaya,Jawa Timur
NS001342,NIK0001342,1998-09-10,L,Peternakan,2980000.0,16.0,Bandung,Jawa Barat
NS001343,NIK0001343,1981-07-06,P,Peternakan,1650000.0,2.0,Solo,Jawa Tengah
NS001344,NIK0001344,1994-07-27,P,Peternakan,1770000.0,10.0,Cirebon,Jawa Barat
NS001345,NIK0001345,1990-07-30,L,Laundry,930000.0,8.0,Kudus,Jawa Tengah
NS001346,NIK0001346,1977-10-29,P,Laundry,1120000.0,8.0,Medan,Sumatera Utara
NS001347,NIK0001347,1975-06-22,P,Bengkel,4720000.0,6.0,Malang,Jawa Timur
NS001348,NIK0001348,1978-09-28,L,Laundry,2130000.0,10.0,Singaraja,Bali
NS001349,NIK0001349,1989-04-23,L,Pertanian,,1.0,Sidoarjo,Jawa Timur
NS001350,NIK0001350,1988-10-14,P,Laundry,3010000.0,10.0,Magelang,Jawa Tengah
NS001351,NIK0001351,1961-12-10,L,Kerajinan,4782250.0,1.0,Medan,Sumatera Utara
NS001352,NIK0001352,1962-05-23,L,Pedagang Pasar,5420000.0,4.0,Parepare,Sulawesi Selatan
NS001353,NIK0001353,1988-01-23,P,Perikanan,27720000.0,10.0,Sidoarjo,Jawa Timur
NS001354,NIK0001354,1964-04-12,L,Pertanian,1740000.0,7.0,Bandung,Jawa Barat
NS001355,NIK0001355,2002-11-10,L,Tidak Diketahui,,12.0,Gresik,Jawa Timur
NS001356,NIK0001356,1998-03-06,P,Peternakan,8130000.0,5.0,Magelang,Jawa Tengah
NS001357,NIK0001357,1962-06-12,L,Perikanan,5040000.0,4.0,Bogor ,Jawa Barat
NS001358,NIK0001358,1968-05-23,L,Jasa Jahit,7920000.0,4.0,Kediri,Jawa Timur
NS001359,NIK0001359,1991-06-04,P,Laundry,4470000.0,20.0,Bekasi,Jawa Barat
NS001360,NIK0001360,2002-08-16,P,Kuliner,1330000.0,12.0,Jember,Jawa Timur
NS001361,NIK0001361,1963-12-13,P,Kerajinan,1000000.0,13.0,Medan,Sumatera Utara
NS001362,NIK0001362,1988-09-18,L,Salon,2290000.0,18.0,Kediri,Jawa Timur
NS001363,NIK0001363,2000-12-23,P,Pedagang Pasar,3030000.0,10.0,Pematangsiantar,Sumatera Utara
NS001364,NIK0001364,1999-05-11,L,Kerajinan,1910000.0,11.0,Kediri,Jawa Timur
NS001365,NIK0001365,1993-09-12,P,Kerajinan,9490000.0,1.0,Malang,Jawa Timur
NS001366,NIK0001366,1973-09-03,L,Salon,4010000.0,5.0,MEDAN,Sumatera Utara
NS001367,NIK0001367,1998-12-29,L,Toko Bangunan,2120000.0,15.0,Singaraja,Bali
NS001368,NIK0001368,1968-04-16,L,Jasa Jahit,2470000.0,5.0,Magelang,Jawa Tengah
NS001369,NIK0001369,1994-10-02,P,Jasa Jahit,,3.0,Cirebon,Jawa Barat
NS001370,NIK0001370,1980-01-04,L,LAINNYA,8420000.0,14.0,Kudus,Jawa Tengah
NS001371,NIK0001371,1982-04-22,P,Pertanian,4590000.0,5.0,Kediri,Jawa Timur
NS001372,NIK0001372,1982-10-21,L,Pedagang Pasar,2980000.0,10.0,Singaraja,Bali
NS001373,NIK0001373,1977-12-19,P,Bengkel,2310000.0,15.0,Malang,Jawa Timur
NS001374,NIK0001374,1980-12-29,P,Pedagang Pasar,3640000.0,19.0,Kudus,Jawa Tengah
NS001375,NIK0001375,1971-06-30,P,Toko Bangunan,6520000.0,6.0,Malang,Jawa Timur
NS001376,NIK0001376,1994-03-14,P,Peternakan,4020000.0,11.0,Malang,Jawa Timur
NS001377,NIK0001377,1962-02-25,P,Pertanian,3930000.0,11.0,Denpasar,Bali
NS001378,NIK0001378,1962-07-10,P,Peternakan,1220000.0,9.0,Jember,Jawa Timur
NS001379,NIK0001379,1979-04-27,P,Pedagang Pasar,699940000.0,8.0,Solo,Jawa Tengah
NS001380,NIK0001380,1963-09-29,P,Pedagang Pasar,3710000.0,15.0,Kediri,Jawa Timur
NS001381,NIK0001381,1982-08-22,P,Perikanan,1960000.0,10.0,Bandung,Jawa Barat
NS001382,NIK0001382,1964-09-21,P,Jasa Jahit,,17.0,Denpasar,Bali
NS001383,NIK0001383,1965-06-01,P,Laundry,8740000.0,8.0,Surabaya,Jawa Timur
NS001384,NIK0001384,1965-08-20,L,LAINNYA,6330000.0,21.0,Kudus,Jawa Tengah
NS001385,NIK0001385,1992-01-19,L,Salon,2370000.0,20.0,Sidoarjo,Jawa Timur
NS001386,NIK0001386,1976-10-18,P,Kuliner,,18.0,Medan ,Sumatera Utara
NS001387,NIK0001387,1990-08-20,L,Kuliner,2000000.0,18.0,Denpasar,Bali
NS001388,NIK0001388,1961-07-14,L,Pertanian,2300000.0,20.0,Denpasar,Bali
NS001389,NIK0001389,1982-10-18,L,Kerajinan,5120000.0,13.0,Sidoarjo,Jawa Timur
NS001390,NIK0001390,1996-04-23,P,Toko Bangunan,3140000.0,20.0,Pematangsiantar,Sumatera Utara
NS001391,NIK0001391,1987-01-28,L,Salon,6400000.0,14.0,Malang,Jawa Timur
NS001392,NIK0001392,2001-03-08,P,Laundry,,20.0,Gresik,Jawa Timur
NS001393,NIK0001393,1982-01-30,L,Laundry,4900000.0,3.0,Malang,Jawa Timur
NS001394,NIK0001394,1988-08-09,P,Salon,243.0,2.0,Malang,Jawa Timur
NS001395,NIK0001395,1980-01-06,P,Jasa Jahit,12020000.0,8.0,Bandung,Jawa Barat
NS001396,NIK0001396,1997-08-26,L,Salon,,18.0,Gresik,Jawa Timur
NS001397,NIK0001397,1991-10-20,P,Jasa Jahit,,19.0,Sidoarjo,Jawa Timur
NS001398,NIK0001398,1964-10-14,L,Pertanian,1380000.0,7.0,Bandung,Jawa Barat
NS001399,NIK0001399,1963-09-13,P,Perikanan,5670000.0,20.0,Cirebon,Jawa Barat
NS001400,NIK0001400,1962-12-02,L,Jasa Jahit,1890000.0,13.0,Bekasi,Jawa Barat
NS001401,NIK0001401,1991-04-16,P,Peternakan,7540000.0,13.0,Bogor,Jawa Barat
NS001402,NIK0001402,1961-01-21,P,Laundry,9410000.0,15.0,Medan,Sumatera Utara
NS001403,NIK0001403,1989-02-27,L,Peternakan,4030000.0,12.0,Medan,Sumatera Utara
NS001404,NIK0001404,1961-02-14,L,Kuliner,4335750.0,3.0,Bogor,Jawa Barat
NS001405,NIK0001405,1989-12-26,P,Warung Kelontong,4400000.0,1.0,Makassar,Sulawesi Selatan
NS001406,NIK0001406,1967-12-30,P,Bengkel,8820000.0,2.0,Jember,Jawa Timur
NS001407,NIK0001407,1979-05-25,L,Kerajinan,,18.0,Medan,Sumatera Utara
NS001408,NIK0001408,2001-01-04,P,Laundry,4770000.0,6.0,CIREBON,Jawa Barat
NS001409,NIK0001409,2002-12-21,L,Warung Kelontong,2330000.0,3.0,Cirebon,Jawa Barat
NS001410,NIK0001410,1992-11-12,P,Perikanan,4790000.0,9.0,Solo,Jawa Tengah
NS001411,NIK0001411,1988-11-24,P,Toko Bangunan,4850000.0,5.0,Makassar,Sulawesi Selatan
NS001412,NIK0001412,1973-12-12,P,Pertanian,5830000.0,19.0,Medan,Sumatera Utara
NS001413,NIK0001413,1990-01-22,P,Laundry,8100000.0,3.0,Medan,Sumatera Utara
NS001414,NIK0001414,2003-10-10,P,Warung Kelontong,3360000.0,3.0,Cirebon,Jawa Barat
NS001415,NIK0001415,1976-05-31,P,Salon,9130000.0,13.0,Bekasi,Jawa Barat
NS001416,NIK0001416,1988-08-14,L,Kerajinan,5170000.0,18.0,Makassar,Sulawesi Selatan
NS001417,NIK0001417,1970-06-28,L,Tidak Diketahui,9510000.0,8.0,Surabaya,Jawa Timur
NS001418,NIK0001418,1968-11-11,P,Warung Kelontong,5690000.0,13.0,Makassar,Sulawesi Selatan
NS001419,NIK0001419,2002-12-09,P,Salon,1940000.0,5.0,Bogor,Jawa Barat
NS001420,NIK0001420,1968-01-06,P,Pedagang Pasar,8510000.0,17.0,Magelang,Jawa Tengah
NS001421,NIK0001421,1992-03-04,P,Perikanan,7430000.0,18.0,Bandung,Jawa Barat
NS001422,NIK0001422,1991-01-06,P,Jasa Jahit,2560000.0,2.0,Surabaya,Jawa Timur
NS001423,NIK0001423,1984-06-19,P,Tidak Diketahui,7170000.0,11.0,Bekasi,Jawa Barat
NS001424,NIK0001424,1976-05-07,L,Pertanian,11520000.0,18.0,Cirebon,Jawa Barat
NS001425,NIK0001425,1970-01-04,P,Kerajinan,22450000.0,10.0,Denpasar,Bali
NS001426,NIK0001426,1984-01-14,P,Peternakan,3460000.0,3.0,Kudus,Jawa Tengah
NS001427,NIK0001427,2003-03-10,P,Kuliner,3950000.0,21.0,Gresik,Jawa Timur
NS001428,NIK0001428,1970-08-31,P,Kerajinan,5700000.0,1.0,Sidoarjo,Jawa Timur
NS001429,NIK0001429,1993-08-12,P,Toko Bangunan,,1.0,Jember,Jawa Timur
NS001430,NIK0001430,1982-04-22,P,Laundry,7360000.0,20.0,Kudus,Jawa Tengah
NS001431,NIK0001431,1988-01-11,P,Warung Kelontong,2900000.0,5.0,Solo,Jawa Tengah
NS001432,NIK0001432,1974-06-25,P,Toko Bangunan,2950000.0,8.0,Magelang,Jawa Tengah
NS001433,NIK0001433,1978-02-05,P,Perikanan,1890000.0,9.0,Gresik ,Jawa Timur
NS001434,NIK0001434,1994-01-11,L,Warung Kelontong,5850000.0,6.0,Denpasar,Bali
NS001435,NIK0001435,1980-03-22,P,Peternakan,3090000.0,19.0,Parepare,Sulawesi Selatan
NS001436,NIK0001436,1967-10-09,L,Toko Bangunan,,1.0,Bogor,Jawa Barat
NS001437,NIK0001437,1991-02-06,P,Laundry,5380000.0,21.0,Pematangsiantar,Sumatera Utara
NS001438,NIK0001438,1982-07-06,L,Peternakan,12010000.0,11.0,Surabaya,Jawa Timur
NS001439,NIK0001439,1995-09-08,P,Pertanian,14370000.0,16.0,Bandung,Jawa Barat
NS001440,NIK0001440,1975-01-06,P,Kerajinan,3460000.0,6.0,Bandung,Jawa Barat
NS001441,NIK0001441,1981-03-29,P,Salon,5500000.0,1.0,  Kudus,Jawa Tengah
NS001442,NIK0001442,1994-10-01,L,Tidak Diketahui,3660000.0,11.0,Bekasi,Jawa Barat
NS001443,NIK0001443,1961-08-09,L,Tidak Diketahui,5070000.0,7.0,  Sidoarjo,Jawa Timur
NS001444,NIK0001444,1997-07-14,L,Salon,3430000.0,16.0,Kudus,Jawa Tengah
NS001445,NIK0001445,1992-11-02,L,Perikanan,2130000.0,18.0,Gresik,Jawa Timur
NS001446,NIK0001446,1980-07-27,L,Perikanan,6240000.0,15.0,Kudus,Jawa Tengah
NS001447,NIK0001447,2003-04-22,L,LAINNYA,8960000.0,3.0,Singaraja,Bali
NS001448,NIK0001448,1984-01-19,P,Laundry,2580000.0,7.0,Pematangsiantar,Sumatera Utara
NS001449,NIK0001449,1994-12-03,P,Bengkel,2650000.0,20.0,Singaraja,Bali
NS001450,NIK0001450,1982-03-07,L,Warung Kelontong,,7.0,Surabaya,Jawa Timur
NS001451,NIK0001451,1995-05-28,L,Perikanan,5480000.0,8.0,Pematangsiantar,Sumatera Utara
NS001452,NIK0001452,1979-01-15,P,Jasa Jahit,3260000.0,9.0,Gresik,Jawa Timur
NS001453,NIK0001453,1975-05-13,L,Peternakan,6940000.0,9.0,Gresik,Jawa Timur
NS001454,NIK0001454,1989-10-23,P,Kerajinan,4370000.0,12.0,Sidoarjo,Jawa Timur
NS001455,NIK0001455,2001-03-25,P,Toko Bangunan,2610000.0,1.0,Denpasar,Bali
NS001456,NIK0001456,1985-03-14,L,Salon,5970000.0,15.0,Kudus,Jawa Tengah
NS001457,NIK0001457,1988-06-25,P,Kerajinan,4740000.0,1.0,Kediri,Jawa Timur
NS001458,NIK0001458,1993-12-14,P,Laundry,1620000.0,8.0,Kudus,Jawa Tengah
NS001459,NIK0001459,1999-06-04,L,Laundry,9650000.0,17.0,Kediri,Jawa Timur
NS001460,NIK0001460,1964-10-26,L,Pertanian,3130000.0,19.0,Malang,Jawa Timur
NS001461,NIK0001461,1996-04-01,P,Pertanian,4830000.0,4.0,Jember,Jawa Timur
NS001462,NIK0001462,1965-09-01,L,Bengkel,3880000.0,18.0,Gresik,Jawa Timur
NS001463,NIK0001463,1966-06-29,P,Peternakan,,2.0,Surabaya,Jawa Timur
NS001464,NIK0001464,1978-02-18,L,Kuliner,10710000.0,12.0,Bandung,Jawa Barat
NS001465,NIK0001465,1971-04-19,L,Jasa Jahit,3530000.0,17.0,Bogor,Jawa Barat
NS001466,NIK0001466,1960-08-31,L,Salon,,5.0,Bandung,Jawa Barat
NS001467,NIK0001467,1964-03-10,P,Laundry,4410000.0,13.0,Gresik,Jawa Timur
NS001468,NIK0001468,1979-01-27,P,Laundry,,1.0,Parepare,Sulawesi Selatan
NS001469,NIK0001469,1985-02-05,L,Kuliner,6090000.0,7.0,Bekasi,Jawa Barat
NS001470,NIK0001470,1997-01-17,P,Pertanian,5080000.0,9.0,Denpasar,Bali
NS001471,NIK0001471,2001-07-01,P,Bengkel,4830000.0,2.0,Sidoarjo,Jawa Timur
NS001472,NIK0001472,1969-05-05,P,Salon,2520000.0,6.0,Parepare,Sulawesi Selatan
NS001473,NIK0001473,1993-09-10,L,Salon,4660000.0,11.0,Cirebon,Jawa Barat
NS001474,NIK0001474,1988-06-12,L,Jasa Jahit,,5.0,Parepare,Sulawesi Selatan
NS001475,NIK0001475,1983-05-06,L,Salon,5660000.0,9.0,Gresik,Jawa Timur
NS001476,NIK0001476,1981-05-06,P,Laundry,3510000.0,13.0,Malang,Jawa Timur
NS001477,NIK0001477,1990-11-30,L,Tidak Diketahui,3040000.0,18.0,Bandung,Jawa Barat
NS001478,NIK0001478,1965-06-18,P,Warung Kelontong,8590000.0,13.0,Kediri,Jawa Timur
NS001479,NIK0001479,1980-11-01,L,Tidak Diketahui,4500000.0,7.0,Singaraja,Bali
NS001480,NIK0001480,1982-01-01,L,Peternakan,2340000.0,21.0,Cirebon,Jawa Barat
NS001481,NIK0001481,1986-05-10,L,Laundry,8260000.0,2.0,Jember,Jawa Timur
NS001482,NIK0001482,1970-05-19,L,Bengkel,6920000.0,10.0,Solo,Jawa Tengah
NS001483,NIK0001483,1997-07-29,P,Bengkel,8550000.0,3.0,Medan,Sumatera Utara
NS001484,NIK0001484,1964-03-01,L,Jasa Jahit,2670000.0,9.0,Bandung,Jawa Barat
NS001485,NIK0001485,1968-10-09,P,Kerajinan,7360000.0,11.0,Parepare,Sulawesi Selatan
NS001486,NIK0001486,1975-06-08,L,Kerajinan,2350000.0,5.0,Magelang,Jawa Tengah
NS001487,NIK0001487,1976-08-09,P,Jasa Jahit,8190000.0,8.0,  Cirebon,Jawa Barat
NS001488,NIK0001488,1974-12-24,P,Bengkel,9530000.0,17.0,Medan,Sumatera Utara
NS001489,NIK0001489,1979-02-02,L,Jasa Jahit,2290000.0,5.0,Magelang,Jawa Tengah
NS001490,NIK0001490,1975-06-20,P,Salon,275.0,3.0,Cirebon,Jawa Barat
NS001491,NIK0001491,1978-05-25,L,Salon,3830000.0,10.0,Medan,Sumatera Utara
NS001492,NIK0001492,1983-08-14,P,Toko Bangunan,4010000.0,8.0,Cirebon,Jawa Barat
NS001493,NIK0001493,1975-10-26,P,Kuliner,5330000.0,14.0,Makassar,Sulawesi Selatan
NS001494,NIK0001494,1983-11-18,L,Peternakan,14880000.0,21.0,BANDUNG,Jawa Barat
NS001495,NIK0001495,1999-02-05,P,Toko Bangunan,9680000.0,15.0,Jember,Jawa Timur
NS001496,NIK0001496,1986-01-02,P,Warung Kelontong,8810000.0,11.0,Singaraja,Bali
NS001497,NIK0001497,1987-10-06,L,Kuliner,7580000.0,8.0,Magelang,Jawa Tengah
NS001498,NIK0001498,1989-04-03,L,Salon,2350000.0,9.0,Medan,Sumatera Utara
NS001499,NIK0001499,1975-03-09,P,Perikanan,4300000.0,6.0,Bogor,Jawa Barat
NS001500,NIK0001500,1992-07-19,L,Pertanian,1590000.0,3.0,Makassar,Sulawesi Selatan
NS001501,NIK0001501,1969-06-22,P,Kuliner,,15.0,Jember,Jawa Timur
NS001502,NIK0001502,1997-05-29,P,LAINNYA,8870000.0,8.0,Malang,Jawa Timur
NS001503,NIK0001503,1960-03-23,L,Kuliner,3740000.0,20.0,Bogor,Jawa Barat
NS001504,NIK0001504,1960-03-13,P,Pertanian,6650000.0,4.0,Singaraja,Bali
NS001505,NIK0001505,1980-02-16,P,Tidak Diketahui,5020000.0,11.0,Bogor,Jawa Barat
NS001506,NIK0001506,2001-11-25,L,Jasa Jahit,3810000.0,9.0,Kediri,Jawa Timur
NS001507,NIK0001507,1981-05-08,P,Warung Kelontong,9190000.0,5.0,Bogor,Jawa Barat
NS001508,NIK0001508,1979-05-07,P,Tidak Diketahui,3700000.0,6.0,Pematangsiantar,Sumatera Utara
NS001509,NIK0001509,1990-11-17,P,Kerajinan,8500000.0,3.0,Denpasar,Bali
NS001510,NIK0001510,1996-03-15,P,Bengkel,11870000.0,14.0,Semarang,Jawa Tengah
NS001511,NIK0001511,1962-01-12,P,Pertanian,4480000.0,16.0,Sidoarjo,Jawa Timur
NS001512,NIK0001512,1999-06-10,P,Toko Bangunan,13980000.0,9.0,Denpasar,Bali
NS001513,NIK0001513,1961-07-31,P,Laundry,4790000.0,15.0,Kediri,Jawa Timur
NS001514,NIK0001514,1964-11-10,P,Perikanan,3270000.0,7.0,BEKASI,Jawa Barat
NS001515,NIK0001515,1971-11-17,L,Perikanan,8420000.0,2.0,Parepare,Sulawesi Selatan
NS001516,NIK0001516,1965-01-30,P,Toko Bangunan,8260000.0,3.0,Malang,Jawa Timur
NS001517,NIK0001517,1960-10-30,P,Toko Bangunan,5130000.0,15.0,Kediri,Jawa Timur
NS001518,NIK0001518,1964-05-08,P,Kerajinan,3620000.0,16.0,BEKASI,Jawa Barat
NS001519,NIK0001519,1975-09-18,P,Jasa Jahit,1920000.0,4.0,Bekasi,Jawa Barat
NS001520,NIK0001520,1974-09-27,L,Jasa Jahit,2790000.0,2.0,Bekasi,Jawa Barat
NS001521,NIK0001521,1965-10-16,L,Laundry,7490000.0,18.0,Magelang,Jawa Tengah
NS001522,NIK0001522,2000-08-03,P,Kuliner,3380000.0,6.0,Bandung,Jawa Barat
NS001523,NIK0001523,1968-05-09,L,Pedagang Pasar,4310000.0,1.0,Kudus,Jawa Tengah
NS001524,NIK0001524,1964-09-06,L,Pertanian,5460000.0,6.0,Bekasi,Jawa Barat
NS001525,NIK0001525,1966-08-06,P,Toko Bangunan,2470000.0,11.0,Makassar,Sulawesi Selatan
NS001526,NIK0001526,1998-03-06,P,Jasa Jahit,5390000.0,19.0,Magelang,Jawa Tengah
NS001527,NIK0001527,1983-09-17,L,Salon,5900000.0,10.0,Pematangsiantar,Sumatera Utara
NS001528,NIK0001528,1990-11-26,P,Peternakan,3770000.0,18.0,Bekasi,Jawa Barat
NS001529,NIK0001529,1971-02-12,P,Warung Kelontong,,1.0,Medan,Sumatera Utara
NS001530,NIK0001530,1990-07-22,L,Laundry,12400000.0,3.0,Semarang,Jawa Tengah
NS001531,NIK0001531,1971-01-17,P,Tidak Diketahui,5650000.0,8.0,PEMATANGSIANTAR,Sumatera Utara
NS001532,NIK0001532,1962-11-23,L,Pertanian,14220000.0,8.0,Parepare,Sulawesi Selatan
NS001533,NIK0001533,1988-09-16,P,Salon,2300000.0,4.0,Surabaya,Jawa Timur
NS001534,NIK0001534,1963-04-06,L,Warung Kelontong,2670000.0,17.0,Bandung,Jawa Barat
NS001535,NIK0001535,1996-04-06,P,Pedagang Pasar,9650000.0,1.0,Makassar,Sulawesi Selatan
NS001536,NIK0001536,1969-06-27,P,Kerajinan,7550000.0,13.0,Pematangsiantar,Sumatera Utara
NS001537,NIK0001537,1983-07-27,P,Peternakan,2450000.0,17.0,Sidoarjo,Jawa Timur
NS001538,NIK0001538,1981-01-27,P,Kerajinan,2800000.0,12.0,Parepare,Sulawesi Selatan
NS001539,NIK0001539,1989-08-06,L,Tidak Diketahui,3820000.0,12.0,Surabaya,Jawa Timur
NS001540,NIK0001540,1989-05-05,P,Laundry,4540000.0,19.0,Cirebon,Jawa Barat
NS001541,NIK0001541,2002-02-06,P,Kuliner,2840000.0,20.0,Denpasar,Bali
NS001542,NIK0001542,1997-02-08,L,Peternakan,2860000.0,19.0,Parepare,Sulawesi Selatan
NS001543,NIK0001543,1960-10-05,P,Tidak Diketahui,3910000.0,3.0,Kediri,Jawa Timur
NS001544,NIK0001544,1966-03-21,P,Laundry,,8.0,Parepare,Sulawesi Selatan
NS001545,NIK0001545,1974-11-24,P,Salon,1692000.0,9.0,Malang,Jawa Timur
NS001546,NIK0001546,1970-12-21,P,Jasa Jahit,3290000.0,6.0,Solo,Jawa Tengah
NS001547,NIK0001547,1981-07-06,L,Kuliner,8000000.0,7.0,Pematangsiantar,Sumatera Utara
NS001548,NIK0001548,1998-07-30,P,Laundry,3760000.0,5.0,Surabaya,Jawa Timur
NS001549,NIK0001549,1993-03-29,P,Pertanian,,6.0,Semarang,Jawa Tengah
NS001550,NIK0001550,1983-01-02,L,Perikanan,6060000.0,10.0,Pematangsiantar,Sumatera Utara
NS001551,NIK0001551,1972-01-12,L,Jasa Jahit,,4.0,Pematangsiantar,Sumatera Utara
NS001552,NIK0001552,1979-06-09,P,Perikanan,6050000.0,6.0,Gresik ,Jawa Timur
NS001553,NIK0001553,1997-09-06,P,Bengkel,8460000.0,2.0,Bekasi,Jawa Barat
NS001554,NIK0001554,1967-09-03,L,Tidak Diketahui,1990000.0,12.0,Malang,Jawa Timur
NS001555,NIK0001555,1988-12-26,P,Pedagang Pasar,,13.0,Gresik,Jawa Timur
NS001556,NIK0001556,1969-06-20,L,Pedagang Pasar,4360000.0,17.0,Bekasi,Jawa Barat
NS001557,NIK0001557,1997-01-01,P,Salon,,1.0,Sidoarjo,Jawa Timur
NS001558,NIK0001558,1960-12-15,L,Pertanian,3080000.0,17.0,Medan,Sumatera Utara
NS001559,NIK0001559,1997-01-17,P,Peternakan,3990000.0,16.0,Surabaya,Jawa Timur
NS001560,NIK0001560,1991-06-10,P,Jasa Jahit,5590000.0,7.0,Bekasi,Jawa Barat
NS001561,NIK0001561,1996-10-10,L,Toko Bangunan,4420000.0,17.0,Bekasi,Jawa Barat
NS001562,NIK0001562,1982-05-13,L,Laundry,5970000.0,20.0,Pematangsiantar,Sumatera Utara
NS001563,NIK0001563,1989-01-27,L,Tidak Diketahui,4510000.0,10.0,Denpasar,Bali
NS001564,NIK0001564,1964-05-05,L,Kerajinan,2940000.0,19.0,Malang,Jawa Timur
NS001565,NIK0001565,1998-08-23,L,Kerajinan,1770000.0,10.0,Magelang ,Jawa Tengah
NS001566,NIK0001566,1999-02-04,P,Warung Kelontong,6050000.0,17.0,Kudus,Jawa Tengah
NS001567,NIK0001567,1965-07-09,L,Laundry,3930000.0,7.0,Magelang,Jawa Tengah
NS001568,NIK0001568,1988-08-11,P,Peternakan,9410000.0,20.0,Medan,Sumatera Utara
NS001569,NIK0001569,1967-10-09,P,Peternakan,703950000.0,10.0,malang,Jawa Timur
NS001570,NIK0001570,1984-05-02,L,Perikanan,1460000.0,7.0,Magelang,Jawa Tengah
NS001571,NIK0001571,2003-08-24,L,Salon,,8.0,Medan,Sumatera Utara
NS001572,NIK0001572,1960-06-15,L,Bengkel,4990000.0,9.0,Gresik,Jawa Timur
NS001573,NIK0001573,1984-02-09,P,Warung Kelontong,3770000.0,5.0,Makassar,Sulawesi Selatan
NS001574,NIK0001574,2002-05-23,P,Laundry,,14.0,Singaraja,Bali
NS001575,NIK0001575,1968-12-09,L,Perikanan,2110000.0,6.0,JEMBER,Jawa Timur
NS001576,NIK0001576,1969-07-06,P,Pedagang Pasar,4820000.0,5.0,Magelang,Jawa Tengah
NS001577,NIK0001577,1990-02-06,P,Kuliner,5770000.0,2.0,singaraja,Bali
NS001578,NIK0001578,1998-02-23,L,Tidak Diketahui,4560000.0,2.0,Singaraja,Bali
NS001579,NIK0001579,1977-11-26,P,Peternakan,8810000.0,20.0,Singaraja,Bali
NS001580,NIK0001580,1965-04-15,P,Kerajinan,3600000.0,13.0,Parepare,Sulawesi Selatan
NS001581,NIK0001581,1972-01-17,L,Pedagang Pasar,4670000.0,13.0,Malang,Jawa Timur
NS001582,NIK0001582,1975-03-11,P,Jasa Jahit,3150000.0,17.0,Jember,Jawa Timur
NS001583,NIK0001583,1970-11-08,P,Salon,4490000.0,6.0,Cirebon,Jawa Barat
NS001584,NIK0001584,1992-01-03,L,Laundry,2100000.0,19.0,Makassar,Sulawesi Selatan
NS001585,NIK0001585,1966-11-20,P,Kuliner,4930000.0,3.0,Kudus,Jawa Tengah
NS001586,NIK0001586,1988-07-02,P,Laundry,6580000.0,6.0,Cirebon,Jawa Barat
NS001587,NIK0001587,1976-02-04,L,Toko Bangunan,,1.0,Bekasi,Jawa Barat
NS001588,NIK0001588,1981-05-17,L,Perikanan,,15.0,Semarang,Jawa Tengah
NS001589,NIK0001589,1963-02-22,L,Kuliner,9910000.0,11.0,Cirebon,Jawa Barat
NS001590,NIK0001590,1982-02-17,P,Salon,6210000.0,15.0,Magelang,Jawa Tengah
NS001591,NIK0001591,1985-10-29,P,Warung Kelontong,3560000.0,16.0,Kediri,Jawa Timur
NS001592,NIK0001592,1963-08-12,P,Salon,2330000.0,1.0,Bogor,Jawa Barat
NS001593,NIK0001593,1970-12-31,L,Warung Kelontong,3170000.0,10.0,Cirebon,Jawa Barat
NS001594,NIK0001594,1991-11-28,P,Kerajinan,3400000.0,2.0,Malang,Jawa Timur
NS001595,NIK0001595,1994-05-26,P,Toko Bangunan,13230000.0,9.0,Makassar,Sulawesi Selatan
NS001596,NIK0001596,1998-09-19,P,Kuliner,6880000.0,7.0,Bogor,Jawa Barat
NS001597,NIK0001597,1980-02-03,P,Laundry,5650000.0,8.0,Denpasar,Bali
NS001598,NIK0001598,1983-05-31,L,Bengkel,5210000.0,16.0,Bandung,Jawa Barat
NS001599,NIK0001599,1978-08-02,P,Kerajinan,5970000.0,14.0,Magelang,Jawa Tengah
NS001600,NIK0001600,2000-05-10,L,Kuliner,987000.0,3.0,Makassar,Sulawesi Selatan
NS001601,NIK0001601,1963-09-28,P,Kerajinan,6560000.0,16.0,Sidoarjo,Jawa Timur
NS001602,NIK0001602,1976-01-05,L,Perikanan,5250000.0,13.0,Medan,Sumatera Utara
NS001603,NIK0001603,1994-10-17,P,Pedagang Pasar,9560000.0,11.0,Surabaya,Jawa Timur
NS001604,NIK0001604,1985-08-29,P,Bengkel,1220000.0,4.0,Semarang,Jawa Tengah
NS001605,NIK0001605,1960-04-08,L,Laundry,10130000.0,18.0,Denpasar,Bali
NS001606,NIK0001606,1977-03-31,L,Salon,2200000.0,11.0,Pematangsiantar,Sumatera Utara
NS001607,NIK0001607,1988-04-30,P,Bengkel,5440000.0,20.0,  Kudus,Jawa Tengah
NS001608,NIK0001608,1984-01-13,P,Laundry,3680000.0,21.0,Sidoarjo,Jawa Timur
NS001609,NIK0001609,1970-02-16,L,Warung Kelontong,5050000.0,8.0,Gresik,Jawa Timur
NS001610,NIK0001610,1999-01-06,P,Jasa Jahit,13700000.0,18.0,Makassar,Sulawesi Selatan
NS001611,NIK0001611,1996-07-24,L,Pedagang Pasar,,7.0,Denpasar,Bali
NS001612,NIK0001612,1994-12-11,P,Pertanian,2140000.0,14.0,Medan,Sumatera Utara
NS001613,NIK0001613,1992-04-02,P,Jasa Jahit,4410000.0,20.0,Semarang,Jawa Tengah
NS001614,NIK0001614,1979-10-11,P,Jasa Jahit,,10.0,magelang,Jawa Tengah
NS001615,NIK0001615,1987-04-17,L,Kuliner,5620000.0,8.0,Medan,Sumatera Utara
NS001616,NIK0001616,1961-07-26,L,Kuliner,11570000.0,21.0,Jember,Jawa Timur
NS001617,NIK0001617,1979-05-05,P,Toko Bangunan,1950000.0,6.0,Denpasar,Bali
NS001618,NIK0001618,1998-01-24,L,Perikanan,8720000.0,1.0,Surabaya,Jawa Timur
NS001619,NIK0001619,1992-01-17,L,Salon,1850000.0,19.0,Magelang,Jawa Tengah
NS001620,NIK0001620,1966-08-22,P,Pertanian,6810000.0,11.0,Jember,Jawa Timur
NS001621,NIK0001621,1977-11-26,L,Salon,2000000.0,4.0,  Sidoarjo,Jawa Timur
NS001622,NIK0001622,1969-12-20,L,Peternakan,1470000.0,21.0,Bekasi,Jawa Barat
NS001623,NIK0001623,1986-08-17,P,Bengkel,5000000.0,11.0,Sidoarjo,Jawa Timur
NS001624,NIK0001624,1974-03-12,P,Bengkel,7300000.0,13.0,Sidoarjo,Jawa Timur
NS001625,NIK0001625,1961-05-03,P,Pedagang Pasar,3530000.0,8.0,Solo,Jawa Tengah
NS001626,NIK0001626,1993-11-23,P,Bengkel,11840000.0,18.0,Malang,Jawa Timur
NS001627,NIK0001627,2001-05-28,L,Kerajinan,,3.0,  Pematangsiantar,Sumatera Utara
NS001628,NIK0001628,1983-06-10,L,Peternakan,2930000.0,16.0,Cirebon,Jawa Barat
NS001629,NIK0001629,1971-08-07,L,Salon,1099000000.0,3.0,Malang,Jawa Timur
NS001630,NIK0001630,1974-04-27,P,Pertanian,4740000.0,16.0,Parepare,Sulawesi Selatan
NS001631,NIK0001631,2001-10-16,P,Warung Kelontong,7900000.0,14.0,Semarang,Jawa Tengah
NS001632,NIK0001632,1992-12-16,P,Salon,4830000.0,15.0,Bogor,Jawa Barat
NS001633,NIK0001633,1998-09-15,P,Peternakan,7010000.0,3.0,Bogor,Jawa Barat
NS001634,NIK0001634,1969-04-30,L,Kerajinan,5480000.0,10.0,Solo,Jawa Tengah
NS001635,NIK0001635,1980-07-18,L,Salon,1840000.0,13.0,Pematangsiantar,Sumatera Utara
NS001636,NIK0001636,1970-02-08,L,Salon,2430000.0,3.0,Bandung,Jawa Barat
NS001637,NIK0001637,1976-03-10,P,Kerajinan,1410000.0,12.0,Medan,Sumatera Utara
NS001638,NIK0001638,1986-07-20,P,Pedagang Pasar,6050000.0,12.0,Kudus,Jawa Tengah
NS001639,NIK0001639,1963-08-12,L,Kerajinan,6470000.0,7.0,Magelang,Jawa Tengah
NS001640,NIK0001640,1998-05-31,L,Laundry,6790000.0,18.0,Cirebon,Jawa Barat
NS001641,NIK0001641,1970-01-07,P,Bengkel,9320000.0,15.0,Magelang,Jawa Tengah
NS001642,NIK0001642,1979-06-19,L,Salon,8510000.0,4.0,Gresik,Jawa Timur
NS001643,NIK0001643,1963-03-20,P,Pertanian,1496690000.0,21.0,Kediri,Jawa Timur
NS001644,NIK0001644,1982-03-14,P,Pertanian,4520000.0,20.0,Singaraja,Bali
NS001645,NIK0001645,1975-03-24,L,Pedagang Pasar,6960000.0,13.0,Bogor,Jawa Barat
NS001646,NIK0001646,1973-12-18,L,Pertanian,3070000.0,1.0,Bogor,Jawa Barat
NS001647,NIK0001647,1984-10-31,L,Toko Bangunan,2620000.0,18.0,Cirebon,Jawa Barat
NS001648,NIK0001648,1970-06-12,P,Pedagang Pasar,3960000.0,4.0,Sidoarjo,Jawa Timur
NS001649,NIK0001649,1982-05-25,P,Peternakan,2640000.0,12.0,Kediri,Jawa Timur
NS001650,NIK0001650,1998-04-27,P,LAINNYA,6190000.0,18.0,Bogor,Jawa Barat
NS001651,NIK0001651,1981-10-10,L,Laundry,3360000.0,17.0,Cirebon,Jawa Barat
NS001652,NIK0001652,1976-06-25,L,Perikanan,7050000.0,18.0,Malang,Jawa Timur
NS001653,NIK0001653,1977-03-18,L,Kuliner,5170000.0,11.0,Surabaya,Jawa Timur
NS001654,NIK0001654,1993-10-08,P,Toko Bangunan,11770000.0,5.0,Malang,Jawa Timur
NS001655,NIK0001655,1985-12-05,P,Laundry,8166250.0,7.0,SURABAYA,Jawa Timur
NS001656,NIK0001656,1991-04-18,P,Peternakan,7500000.0,2.0,Semarang,Jawa Tengah
NS001657,NIK0001657,2001-04-26,P,Toko Bangunan,3010000.0,8.0,Parepare,Sulawesi Selatan
NS001658,NIK0001658,1990-05-04,P,Salon,2440000.0,10.0,Singaraja,Bali
NS001659,NIK0001659,1984-03-08,P,Pertanian,3490000.0,5.0,Denpasar,Bali
NS001660,NIK0001660,1996-06-07,L,Pertanian,5070000.0,1.0,Jember,Jawa Timur
NS001661,NIK0001661,1986-10-18,L,Warung Kelontong,2270000.0,20.0,Kediri,Jawa Timur
NS001662,NIK0001662,1991-08-01,L,Salon,3710000.0,15.0,Solo,Jawa Tengah
NS001663,NIK0001663,1966-02-05,L,Peternakan,3970000.0,2.0,Sidoarjo,Jawa Timur
NS001664,NIK0001664,1993-04-08,P,Kerajinan,,15.0,Bandung,Jawa Barat
NS001665,NIK0001665,2001-05-20,L,Warung Kelontong,4540000.0,19.0,surabaya,Jawa Timur
NS001666,NIK0001666,1994-04-26,P,Bengkel,2930000.0,9.0,Pematangsiantar,Sumatera Utara
NS001667,NIK0001667,1965-04-09,P,Jasa Jahit,3530000.0,16.0,Bogor,Jawa Barat
NS001668,NIK0001668,1964-09-03,L,Pedagang Pasar,10560000.0,6.0,Bogor,Jawa Barat
NS001669,NIK0001669,1997-09-30,P,Laundry,3320000.0,13.0,Solo,Jawa Tengah
NS001670,NIK0001670,1986-03-17,P,Kuliner,4030000.0,15.0,Kudus,Jawa Tengah
NS001671,NIK0001671,1967-04-07,L,Salon,4800000.0,8.0,Bandung,Jawa Barat
NS001672,NIK0001672,1976-03-21,L,Tidak Diketahui,9570000.0,13.0,Magelang,Jawa Tengah
NS001673,NIK0001673,1978-05-26,L,Pedagang Pasar,5660000.0,18.0,Kediri,Jawa Timur
NS001674,NIK0001674,1987-12-12,P,Warung Kelontong,,19.0,Medan,Sumatera Utara
NS001675,NIK0001675,1989-08-12,L,Pertanian,5070000.0,7.0,Bogor,Jawa Barat
NS001676,NIK0001676,1973-09-14,L,Pedagang Pasar,5490000.0,3.0,Medan,Sumatera Utara
NS001677,NIK0001677,1982-11-20,P,Peternakan,6700000.0,14.0,Semarang,Jawa Tengah
NS001678,NIK0001678,1966-03-06,L,Toko Bangunan,7090000.0,5.0,Makassar,Sulawesi Selatan
NS001679,NIK0001679,1989-01-11,L,Kuliner,3370000.0,2.0,Surabaya,Jawa Timur
NS001680,NIK0001680,1972-10-07,L,Warung Kelontong,2800000.0,18.0,MALANG,Jawa Timur
NS001681,NIK0001681,1960-12-15,P,Warung Kelontong,6550000.0,6.0,Gresik,Jawa Timur
NS001682,NIK0001682,1975-05-10,L,Tidak Diketahui,2230000.0,20.0,Pematangsiantar,Sumatera Utara
NS001683,NIK0001683,1969-03-24,P,Pedagang Pasar,,7.0,Pematangsiantar,Sumatera Utara
NS001684,NIK0001684,1984-11-03,L,Warung Kelontong,3020000.0,3.0,Makassar,Sulawesi Selatan
NS001685,NIK0001685,1977-04-13,L,Laundry,1340000.0,2.0,Jember,Jawa Timur
NS001686,NIK0001686,1987-06-23,L,Pedagang Pasar,3070000.0,13.0,Cirebon,Jawa Barat
NS001687,NIK0001687,1990-09-11,P,Salon,3890000.0,16.0,Bandung ,Jawa Barat
NS001688,NIK0001688,2002-01-26,L,Salon,1800000.0,18.0,Medan,Sumatera Utara
NS001689,NIK0001689,1976-08-16,L,Laundry,5200000.0,18.0,Jember,Jawa Timur
NS001690,NIK0001690,1971-04-10,L,Bengkel,7740000.0,4.0,Bogor,Jawa Barat
NS001691,NIK0001691,1981-03-11,P,Pedagang Pasar,5180000.0,15.0,Kediri,Jawa Timur
NS001692,NIK0001692,1981-12-26,P,Salon,5590000.0,5.0,Gresik,Jawa Timur
NS001693,NIK0001693,1993-12-07,P,Pedagang Pasar,4390000.0,7.0,Parepare,Sulawesi Selatan
NS001694,NIK0001694,1962-02-05,L,Jasa Jahit,4140000.0,10.0,Bandung,Jawa Barat
NS001695,NIK0001695,1989-10-23,P,Tidak Diketahui,1500000.0,19.0,Singaraja,Bali
NS001696,NIK0001696,1964-08-11,L,Pedagang Pasar,,5.0,Sidoarjo,Jawa Timur
NS001697,NIK0001697,2002-10-24,P,Kerajinan,4940000.0,14.0,Semarang,Jawa Tengah
NS001698,NIK0001698,2000-08-07,P,Pertanian,1720000.0,20.0,Semarang,Jawa Tengah
NS001699,NIK0001699,1961-03-14,L,Laundry,3130000.0,11.0,Parepare,Sulawesi Selatan
NS001700,NIK0001700,1967-11-03,L,Salon,6060000.0,16.0,Solo,Jawa Tengah
NS001701,NIK0001701,1997-06-20,P,Pedagang Pasar,1890000.0,12.0,Kediri,Jawa Timur
NS001702,NIK0001702,1972-10-16,P,Peternakan,1420000.0,17.0,Bogor,Jawa Barat
NS001703,NIK0001703,1969-12-09,L,Pertanian,3540000.0,18.0,Medan,Sumatera Utara
NS001704,NIK0001704,1966-03-13,L,Pedagang Pasar,5130000.0,9.0,Semarang,Jawa Tengah
NS001705,NIK0001705,1986-05-25,P,Tidak Diketahui,2810000.0,4.0,Bandung,Jawa Barat
NS001706,NIK0001706,1963-09-22,P,Jasa Jahit,2290000.0,5.0,Jember,Jawa Timur
NS001707,NIK0001707,1984-07-25,L,Kerajinan,3290000.0,20.0,Parepare,Sulawesi Selatan
NS001708,NIK0001708,1992-12-20,P,Perikanan,2730000.0,4.0,Solo,Jawa Tengah
NS001709,NIK0001709,1977-08-04,P,Salon,2720000.0,16.0,Bekasi,Jawa Barat
NS001710,NIK0001710,1975-11-18,L,Toko Bangunan,5920000.0,16.0,Solo,Jawa Tengah
NS001711,NIK0001711,1983-01-07,L,Kuliner,,13.0,Gresik,Jawa Timur
NS001712,NIK0001712,1990-05-09,L,Kerajinan,10830000.0,17.0,Singaraja,Bali
NS001713,NIK0001713,1981-05-05,L,Tidak Diketahui,,21.0,pematangsiantar,Sumatera Utara
NS001714,NIK0001714,1979-06-29,P,Toko Bangunan,4380000.0,9.0,Gresik,Jawa Timur
NS001715,NIK0001715,1993-02-16,P,Laundry,6390000.0,21.0,Jember,Jawa Timur
NS001716,NIK0001716,1974-05-06,P,Kuliner,13980000.0,18.0,Bekasi,Jawa Barat
NS001717,NIK0001717,1971-09-07,L,Kuliner,3227280000.0,13.0,Pematangsiantar,Sumatera Utara
NS001718,NIK0001718,1966-09-19,L,Kuliner,2440000.0,19.0,Bekasi,Jawa Barat
NS001719,NIK0001719,1973-11-17,P,Kerajinan,1830000.0,2.0,Malang,Jawa Timur
NS001720,NIK0001720,1966-10-07,P,Jasa Jahit,4650000.0,17.0,Jember,Jawa Timur
NS001721,NIK0001721,1998-12-19,L,Perikanan,,7.0,Denpasar,Bali
NS001722,NIK0001722,1997-12-17,L,Pedagang Pasar,5160000.0,18.0,Parepare,Sulawesi Selatan
NS001723,NIK0001723,1974-05-21,L,Toko Bangunan,3060000.0,8.0,Makassar,Sulawesi Selatan
NS001724,NIK0001724,1967-03-26,P,Kuliner,2380000.0,18.0,Magelang,Jawa Tengah
NS001725,NIK0001725,1963-08-27,L,Bengkel,4120000.0,11.0,Semarang,Jawa Tengah
NS001726,NIK0001726,1977-04-19,P,Bengkel,2500000.0,10.0,Bandung,Jawa Barat
NS001727,NIK0001727,1989-11-29,P,Pertanian,4500000.0,12.0,Bekasi,Jawa Barat
NS001728,NIK0001728,1987-10-14,P,Pertanian,2170000.0,13.0,Cirebon ,Jawa Barat
NS001729,NIK0001729,1984-08-23,P,Warung Kelontong,3260000.0,9.0,Bandung,Jawa Barat
NS001730,NIK0001730,1990-02-17,P,Pertanian,1740000.0,11.0,Parepare,Sulawesi Selatan
NS001731,NIK0001731,1975-11-15,P,Salon,2650000.0,7.0,Parepare,Sulawesi Selatan
NS001732,NIK0001732,1998-07-28,L,Warung Kelontong,5290000.0,21.0,Makassar,Sulawesi Selatan
NS001733,NIK0001733,1997-02-03,L,Kuliner,3300000.0,8.0,  Surabaya,Jawa Timur
NS001734,NIK0001734,1973-09-21,L,Perikanan,,1.0,Pematangsiantar,Sumatera Utara
NS001735,NIK0001735,1965-08-25,P,Kuliner,2020000.0,8.0,Solo,Jawa Tengah
NS001736,NIK0001736,1974-11-02,P,Pedagang Pasar,6220000.0,21.0,Semarang,Jawa Tengah
NS001737,NIK0001737,1993-06-21,L,Perikanan,,4.0,BANDUNG,Jawa Barat
NS001738,NIK0001738,2003-12-01,L,Peternakan,8400000.0,12.0,Bekasi,Jawa Barat
NS001739,NIK0001739,1960-03-27,L,Tidak Diketahui,3210000.0,14.0,Singaraja,Bali
NS001740,NIK0001740,1972-07-28,L,Jasa Jahit,5110000.0,6.0,Jember,Jawa Timur
NS001741,NIK0001741,1962-03-15,L,Bengkel,6590000.0,14.0,Solo,Jawa Tengah
NS001742,NIK0001742,1961-09-12,P,Pedagang Pasar,3910000.0,1.0,Surabaya,Jawa Timur
NS001743,NIK0001743,1962-03-03,L,Jasa Jahit,4700000.0,19.0,Pematangsiantar,Sumatera Utara
NS001744,NIK0001744,1975-01-28,L,Tidak Diketahui,1560000.0,20.0,Cirebon,Jawa Barat
NS001745,NIK0001745,1992-03-17,P,Bengkel,2380000.0,21.0,Parepare,Sulawesi Selatan
NS001746,NIK0001746,1999-09-12,P,Pedagang Pasar,3730000.0,9.0,Bogor,Jawa Barat
NS001747,NIK0001747,1965-08-04,P,Kuliner,7900000.0,2.0,Kudus,Jawa Tengah
NS001748,NIK0001748,2002-12-04,P,Jasa Jahit,11470000.0,5.0,Surabaya,Jawa Timur
NS001749,NIK0001749,1996-10-09,L,Pertanian,4030000.0,15.0,Singaraja,Bali
NS001750,NIK0001750,1975-06-24,P,Pedagang Pasar,,8.0,Sidoarjo,Jawa Timur
NS001751,NIK0001751,1972-10-24,P,Pedagang Pasar,9570000.0,21.0,Surabaya,Jawa Timur
NS001752,NIK0001752,1971-07-17,L,Perikanan,7890000.0,20.0,Bekasi,Jawa Barat
NS001753,NIK0001753,1996-12-12,P,Salon,5290000.0,15.0,SOLO,Jawa Tengah
NS001754,NIK0001754,1986-09-08,L,Laundry,10950000.0,15.0,Medan,Sumatera Utara
NS001755,NIK0001755,1997-05-04,L,Pedagang Pasar,8940000.0,17.0,  Kudus,Jawa Tengah
NS001756,NIK0001756,1968-09-05,P,Peternakan,1034000.0,8.0,Magelang,Jawa Tengah
NS001757,NIK0001757,1972-01-19,L,Perikanan,2130000.0,13.0,semarang,Jawa Tengah
NS001758,NIK0001758,1982-12-11,L,Pertanian,,16.0,Bandung,Jawa Barat
NS001759,NIK0001759,1978-11-10,L,Bengkel,5520000.0,15.0,Cirebon,Jawa Barat
NS001760,NIK0001760,2000-03-06,P,Pertanian,2500000.0,14.0,Magelang,Jawa Tengah
NS001761,NIK0001761,1972-02-18,P,Warung Kelontong,3760000.0,13.0,Solo,Jawa Tengah
NS001762,NIK0001762,1977-12-03,P,Perikanan,2760000.0,16.0,Kediri,Jawa Timur
NS001763,NIK0001763,1966-05-01,P,Warung Kelontong,5730000.0,1.0,Singaraja,Bali
NS001764,NIK0001764,1983-05-06,L,Toko Bangunan,5720000.0,18.0,Solo,Jawa Tengah
NS001765,NIK0001765,1995-02-14,P,Jasa Jahit,7610000.0,21.0,Bandung,Jawa Barat
NS001766,NIK0001766,1999-08-08,L,Peternakan,9720000.0,15.0,Medan,Sumatera Utara
NS001767,NIK0001767,2001-06-25,L,Laundry,3090000.0,1.0,Solo,Jawa Tengah
NS001768,NIK0001768,1967-05-19,P,LAINNYA,2680000.0,10.0,MAGELANG,Jawa Tengah
NS001769,NIK0001769,1982-10-15,P,Kerajinan,4700000.0,20.0,Bogor,Jawa Barat
NS001770,NIK0001770,1967-10-21,L,Salon,2360000.0,7.0,Singaraja ,Bali
NS001771,NIK0001771,1994-07-20,L,Laundry,5410000.0,4.0,Bekasi,Jawa Barat
NS001772,NIK0001772,2001-11-05,P,Pedagang Pasar,5900000.0,14.0,Semarang,Jawa Tengah
NS001773,NIK0001773,1993-04-27,P,Toko Bangunan,3450000.0,17.0,Solo,Jawa Tengah
NS001774,NIK0001774,1964-05-21,L,Kerajinan,3080000.0,7.0,Singaraja,Bali
NS001775,NIK0001775,1975-04-26,P,Toko Bangunan,8850000.0,5.0,Bekasi,Jawa Barat
NS001776,NIK0001776,1973-06-18,P,Kuliner,3110000.0,9.0,Makassar,Sulawesi Selatan
NS001777,NIK0001777,1989-10-25,P,Pertanian,7800000.0,18.0,Semarang,Jawa Tengah
NS001778,NIK0001778,2002-10-20,P,Warung Kelontong,1900000.0,19.0,Bogor,Jawa Barat
NS001779,NIK0001779,1989-05-20,P,Pertanian,6400000.0,8.0,Sidoarjo,Jawa Timur
NS001780,NIK0001780,1969-11-22,P,Laundry,9820000.0,11.0,Gresik,Jawa Timur
NS001781,NIK0001781,1966-08-10,L,Bengkel,2060000.0,5.0,Surabaya,Jawa Timur
NS001782,NIK0001782,1981-10-24,L,Warung Kelontong,,11.0,Malang,Jawa Timur
NS001783,NIK0001783,1980-11-17,P,Peternakan,4460000.0,15.0,Pematangsiantar,Sumatera Utara
NS001784,NIK0001784,1961-12-23,P,Laundry,,17.0,Kudus,Jawa Tengah
NS001785,NIK0001785,1975-06-23,L,Laundry,14290000.0,13.0,Bandung,Jawa Barat
NS001786,NIK0001786,1973-07-08,L,Tidak Diketahui,,3.0,Gresik,Jawa Timur
NS001787,NIK0001787,1974-02-26,P,Bengkel,4980000.0,13.0,Bandung,Jawa Barat
NS001788,NIK0001788,1981-11-17,P,Warung Kelontong,3420000.0,13.0,Magelang,Jawa Tengah
NS001789,NIK0001789,1993-02-06,P,Bengkel,,1.0,Jember,Jawa Timur
NS001790,NIK0001790,1981-02-07,P,Kuliner,1760000.0,17.0,Gresik,Jawa Timur
NS001791,NIK0001791,1969-05-19,P,Peternakan,2570000.0,18.0,Pematangsiantar,Sumatera Utara
NS001792,NIK0001792,1996-01-18,L,Tidak Diketahui,1980000.0,10.0,Surabaya,Jawa Timur
NS001793,NIK0001793,1969-05-16,P,Laundry,5230000.0,20.0,Medan,Sumatera Utara
NS001794,NIK0001794,1961-10-04,L,Pedagang Pasar,5980000.0,7.0,Medan,Sumatera Utara
NS001795,NIK0001795,1998-05-21,L,Tidak Diketahui,2250000.0,6.0,Pematangsiantar,Sumatera Utara
NS001796,NIK0001796,1979-06-21,P,Jasa Jahit,11150000.0,1.0,Solo,Jawa Tengah
NS001797,NIK0001797,2002-08-19,L,Bengkel,10890000.0,12.0,Bandung,Jawa Barat
NS001798,NIK0001798,1969-05-22,P,Jasa Jahit,6900000.0,6.0,Gresik,Jawa Timur
NS001799,NIK0001799,1985-05-14,P,Salon,13630000.0,20.0,Bekasi,Jawa Barat
NS001800,NIK0001800,1979-08-22,L,Pertanian,6560000.0,20.0,Solo,Jawa Tengah
NS001801,NIK0001801,1961-07-05,L,Pedagang Pasar,6350000.0,10.0,Magelang,Jawa Tengah
NS001802,NIK0001802,1993-03-25,P,Warung Kelontong,5140000.0,2.0,Bekasi,Jawa Barat
NS001803,NIK0001803,1975-05-01,P,Tidak Diketahui,8270000.0,9.0,Parepare,Sulawesi Selatan
NS001804,NIK0001804,1978-07-21,L,Salon,5010000.0,1.0,Jember,Jawa Timur
NS001805,NIK0001805,1972-01-13,P,Peternakan,2600000.0,21.0,Cirebon,Jawa Barat
NS001806,NIK0001806,1972-06-18,P,Bengkel,2920000.0,10.0,Pematangsiantar,Sumatera Utara
NS001807,NIK0001807,1971-10-17,P,Tidak Diketahui,263980000.0,13.0,Singaraja,Bali
NS001808,NIK0001808,2003-06-12,P,Perikanan,3680000.0,16.0,Solo,Jawa Tengah
NS001809,NIK0001809,1984-11-30,L,Kerajinan,3060000.0,3.0,Bandung,Jawa Barat
NS001810,NIK0001810,2000-10-28,L,Warung Kelontong,2700000.0,1.0,Denpasar,Bali
NS001811,NIK0001811,1985-02-01,P,Tidak Diketahui,4280000.0,8.0,Medan,Sumatera Utara
NS001812,NIK0001812,1985-09-03,P,Kuliner,5890000.0,18.0,Bandung ,Jawa Barat
NS001813,NIK0001813,1998-04-18,L,Pertanian,3830000.0,17.0,Bogor,Jawa Barat
NS001814,NIK0001814,1969-06-16,P,Pertanian,5570000.0,2.0,Parepare,Sulawesi Selatan
NS001815,NIK0001815,1976-07-25,P,Bengkel,4640000.0,17.0,MAGELANG,Jawa Tengah
NS001816,NIK0001816,1961-10-31,L,Pedagang Pasar,,1.0,Solo,Jawa Tengah
NS001817,NIK0001817,1962-09-06,L,Perikanan,3820000.0,1.0,Denpasar ,Bali
NS001818,NIK0001818,2000-02-28,L,Bengkel,3000000.0,11.0,Magelang,Jawa Tengah
NS001819,NIK0001819,1965-08-05,L,Peternakan,,5.0,Solo,Jawa Tengah
NS001820,NIK0001820,1972-04-25,P,Laundry,,20.0,Solo,Jawa Tengah
NS001821,NIK0001821,1974-06-06,P,Warung Kelontong,5870000.0,17.0,Semarang,Jawa Tengah
NS001822,NIK0001822,1978-06-30,P,Bengkel,2760000.0,20.0,Bogor,Jawa Barat
NS001823,NIK0001823,1968-02-05,P,Pertanian,6260000.0,2.0,DENPASAR,Bali
NS001824,NIK0001824,1967-06-03,P,Salon,3850000.0,5.0,Magelang,Jawa Tengah
NS001825,NIK0001825,1994-04-07,P,Kuliner,4140000.0,21.0,Jember,Jawa Timur
NS001826,NIK0001826,1996-08-18,P,Salon,2280000.0,16.0,Malang,Jawa Timur
NS001827,NIK0001827,1974-06-25,L,Kerajinan,4880000.0,20.0,Pematangsiantar,Sumatera Utara
NS001828,NIK0001828,1971-04-11,P,Pertanian,8930000.0,16.0,Parepare,Sulawesi Selatan
NS001829,NIK0001829,1984-02-19,P,Perikanan,8630000.0,15.0,Bogor,Jawa Barat
NS001830,NIK0001830,1989-05-27,L,Kerajinan,19490000.0,11.0,Bandung,Jawa Barat
NS001831,NIK0001831,1970-07-08,L,Jasa Jahit,2830000.0,3.0,Semarang,Jawa Tengah
NS001832,NIK0001832,1975-12-13,P,Warung Kelontong,5800000.0,10.0,KEDIRI,Jawa Timur
NS001833,NIK0001833,2003-01-27,P,Pertanian,5010000.0,18.0,Malang,Jawa Timur
NS001834,NIK0001834,1995-10-28,P,Jasa Jahit,9580000.0,6.0,Denpasar,Bali
NS001835,NIK0001835,1975-07-16,L,Salon,5800000.0,11.0,Magelang,Jawa Tengah
NS001836,NIK0001836,1988-08-14,L,Pedagang Pasar,6710000.0,13.0,Medan,Sumatera Utara
NS001837,NIK0001837,1967-03-20,P,Kerajinan,6660000.0,9.0,Denpasar,Bali
NS001838,NIK0001838,1980-04-15,P,Laundry,2840000.0,12.0,Kediri,Jawa Timur
NS001839,NIK0001839,1997-06-23,P,Kuliner,2760000.0,14.0,Jember,Jawa Timur
NS001840,NIK0001840,1995-01-31,P,Peternakan,6510000.0,15.0,Bandung,Jawa Barat
NS001841,NIK0001841,1966-02-06,P,Pertanian,5550000.0,20.0,Sidoarjo,Jawa Timur
NS001842,NIK0001842,1974-10-31,P,Kerajinan,4240000.0,15.0,Magelang ,Jawa Tengah
NS001843,NIK0001843,1990-12-23,L,Bengkel,5980000.0,18.0,Singaraja,Bali
NS001844,NIK0001844,1995-02-17,L,Pedagang Pasar,4520000.0,9.0,Malang,Jawa Timur
NS001845,NIK0001845,1968-01-16,P,Pedagang Pasar,3190000.0,7.0,Bekasi,Jawa Barat
NS001846,NIK0001846,1994-03-30,P,Jasa Jahit,3150000.0,12.0,Semarang,Jawa Tengah
NS001847,NIK0001847,1968-01-23,L,Bengkel,1800000.0,21.0,Solo,Jawa Tengah
NS001848,NIK0001848,1991-03-19,P,Peternakan,3830000.0,18.0,Bogor,Jawa Barat
NS001849,NIK0001849,1970-07-12,P,Toko Bangunan,3580000.0,3.0,Makassar,Sulawesi Selatan
NS001850,NIK0001850,1992-08-02,P,Kerajinan,4310000.0,13.0,Semarang,Jawa Tengah
NS001851,NIK0001851,1999-10-02,P,Laundry,3060000.0,14.0,Kediri,Jawa Timur
NS001852,NIK0001852,1997-03-21,L,Tidak Diketahui,2840000.0,20.0,Surabaya ,Jawa Timur
NS001853,NIK0001853,1966-09-10,P,Toko Bangunan,6240000.0,2.0,Cirebon,Jawa Barat
NS001854,NIK0001854,1961-07-25,L,Laundry,3970000.0,16.0,Sidoarjo,Jawa Timur
NS001855,NIK0001855,1983-09-13,L,Perikanan,593618750.0,7.0,Bandung,Jawa Barat
NS001856,NIK0001856,1998-01-12,P,Tidak Diketahui,2740000.0,2.0,Bekasi,Jawa Barat
NS001857,NIK0001857,1984-08-22,P,LAINNYA,3360000.0,15.0,Malang,Jawa Timur
NS001858,NIK0001858,1969-10-28,P,Salon,5770000.0,11.0,Malang,Jawa Timur
NS001859,NIK0001859,1966-11-14,P,Salon,3560000.0,5.0,Cirebon,Jawa Barat
NS001860,NIK0001860,1977-08-05,P,Perikanan,7950000.0,2.0,Pematangsiantar,Sumatera Utara
NS001861,NIK0001861,1976-08-02,P,Salon,2630000.0,1.0,Parepare,Sulawesi Selatan
NS001862,NIK0001862,1988-08-24,L,Tidak Diketahui,7490000.0,2.0,Magelang,Jawa Tengah
NS001863,NIK0001863,1989-05-18,P,Perikanan,2060000.0,17.0,Cirebon,Jawa Barat
NS001864,NIK0001864,2001-04-18,L,Salon,4210000.0,6.0,KEDIRI,Jawa Timur
NS001865,NIK0001865,1961-05-27,P,Toko Bangunan,5960000.0,2.0,Bandung,Jawa Barat
NS001866,NIK0001866,1989-11-29,P,Jasa Jahit,4610000.0,1.0,SIDOARJO,Jawa Timur
NS001867,NIK0001867,1978-03-25,P,Peternakan,4450000.0,21.0,Bekasi,Jawa Barat
NS001868,NIK0001868,1984-08-06,L,Salon,,9.0,Pematangsiantar,Sumatera Utara
NS001869,NIK0001869,1996-04-15,P,Pertanian,2220000.0,4.0,Magelang,Jawa Tengah
NS001870,NIK0001870,1964-12-18,P,Warung Kelontong,,8.0,Medan,Sumatera Utara
NS001871,NIK0001871,1990-07-13,P,Perikanan,,19.0,  Solo,Jawa Tengah
NS001872,NIK0001872,1981-02-11,P,Toko Bangunan,,21.0,Bogor,Jawa Barat
NS001873,NIK0001873,1998-12-02,L,Pedagang Pasar,,13.0,Singaraja,Bali
NS001874,NIK0001874,1969-03-28,P,Bengkel,1790000.0,13.0,Kediri,Jawa Timur
NS001875,NIK0001875,1960-02-17,L,Pertanian,7790000.0,17.0,Solo,Jawa Tengah
NS001876,NIK0001876,1980-12-24,P,Laundry,4280000.0,13.0,Malang,Jawa Timur
NS001877,NIK0001877,2002-10-17,L,Jasa Jahit,7410000.0,13.0,Malang,Jawa Timur
NS001878,NIK0001878,1975-08-15,P,Pertanian,6880000.0,2.0,Bekasi,Jawa Barat
NS001879,NIK0001879,1970-10-30,P,Bengkel,3760000.0,6.0,Pematangsiantar,Sumatera Utara
NS001880,NIK0001880,1972-01-28,L,Perikanan,7050000.0,21.0,Bogor,Jawa Barat
NS001881,NIK0001881,1961-07-07,L,Peternakan,4230000.0,21.0,Bogor,Jawa Barat
NS001882,NIK0001882,1965-07-20,P,Laundry,3650000.0,11.0,Bandung,Jawa Barat
NS001883,NIK0001883,2003-08-03,P,Perikanan,4160000.0,5.0,Cirebon,Jawa Barat
NS001884,NIK0001884,1977-04-07,P,LAINNYA,3000000.0,15.0,Sidoarjo,Jawa Timur
NS001885,NIK0001885,1993-06-11,P,Jasa Jahit,,15.0,Gresik,Jawa Timur
NS001886,NIK0001886,1999-04-13,L,Pedagang Pasar,2810000.0,2.0,Semarang,Jawa Tengah
NS001887,NIK0001887,1991-04-07,P,Peternakan,4120000.0,8.0,Malang,Jawa Timur
NS001888,NIK0001888,1980-10-31,L,Salon,,14.0,Surabaya,Jawa Timur
NS001889,NIK0001889,1970-07-29,L,Pedagang Pasar,6910000.0,10.0,Pematangsiantar,Sumatera Utara
NS001890,NIK0001890,1964-07-02,P,Laundry,5980000.0,21.0,Pematangsiantar,Sumatera Utara
NS001891,NIK0001891,2001-06-07,P,Jasa Jahit,1960000.0,20.0,Makassar,Sulawesi Selatan
NS001892,NIK0001892,1999-12-04,P,Tidak Diketahui,8540000.0,11.0,Semarang,Jawa Tengah
NS001893,NIK0001893,2003-02-11,L,Toko Bangunan,2430000.0,18.0,Medan ,Sumatera Utara
NS001894,NIK0001894,1988-08-17,L,Pedagang Pasar,11320000.0,2.0,Bandung,Jawa Barat
NS001895,NIK0001895,1966-05-04,P,Tidak Diketahui,1680000.0,5.0,  Kediri,Jawa Timur
NS001896,NIK0001896,1965-09-17,P,Bengkel,4280000.0,19.0,Gresik,Jawa Timur
NS001897,NIK0001897,1976-05-08,L,Toko Bangunan,1850000.0,5.0,Pematangsiantar,Sumatera Utara
NS001898,NIK0001898,1988-10-07,P,Pedagang Pasar,9620000.0,20.0,Denpasar,Bali
NS001899,NIK0001899,1974-02-26,P,Pedagang Pasar,4480000.0,12.0,Solo,Jawa Tengah
NS001900,NIK0001900,2000-06-06,L,Pedagang Pasar,4540000.0,8.0,Magelang,Jawa Tengah
NS001901,NIK0001901,1966-02-04,P,Kerajinan,5670000.0,6.0,Malang,Jawa Timur
NS001902,NIK0001902,1984-11-21,P,Kuliner,2880000.0,11.0,sidoarjo,Jawa Timur
NS001903,NIK0001903,1991-01-11,L,Kuliner,4600000.0,16.0,Makassar,Sulawesi Selatan
NS001904,NIK0001904,2001-03-27,P,Toko Bangunan,3870000.0,11.0,Bekasi,Jawa Barat
NS001905,NIK0001905,1961-06-13,L,Perikanan,1190040000.0,2.0,Bogor,Jawa Barat
NS001906,NIK0001906,2001-10-07,L,Perikanan,,5.0,Kudus,Jawa Tengah
NS001907,NIK0001907,1980-05-28,L,Bengkel,,2.0,Makassar,Sulawesi Selatan
NS001908,NIK0001908,1999-02-01,P,Pertanian,3350000.0,16.0,BOGOR,Jawa Barat
NS001909,NIK0001909,1960-01-16,P,Pertanian,2930000.0,20.0,Bekasi,Jawa Barat
NS001910,NIK0001910,2002-04-29,P,Peternakan,,7.0,Magelang,Jawa Tengah
NS001911,NIK0001911,2001-02-21,P,Kuliner,697480000.0,15.0,Gresik,Jawa Timur
NS001912,NIK0001912,1990-05-24,L,Kerajinan,4630000.0,8.0,Parepare,Sulawesi Selatan
NS001913,NIK0001913,1997-03-21,L,Pertanian,3630000.0,3.0,Gresik,Jawa Timur
NS001914,NIK0001914,1964-04-08,P,Pertanian,4130000.0,1.0,Bandung,Jawa Barat
NS001915,NIK0001915,1963-10-11,L,Toko Bangunan,9900000.0,20.0,Malang,Jawa Timur
NS001916,NIK0001916,1993-11-24,L,Warung Kelontong,6350000.0,3.0,Kudus,Jawa Tengah
NS001917,NIK0001917,1986-05-01,P,Kuliner,8330000.0,8.0,Makassar,Sulawesi Selatan
NS001918,NIK0001918,1982-09-20,L,Kerajinan,3530000.0,12.0,Semarang,Jawa Tengah
NS001919,NIK0001919,1979-01-19,P,Pedagang Pasar,3280000.0,19.0,Solo,Jawa Tengah
NS001920,NIK0001920,1984-12-11,L,Kuliner,4360000.0,8.0,Pematangsiantar,Sumatera Utara
NS001921,NIK0001921,1964-09-10,P,Jasa Jahit,,16.0,Malang,Jawa Timur
NS001922,NIK0001922,1989-12-31,P,Toko Bangunan,10510000.0,6.0,Sidoarjo,Jawa Timur
NS001923,NIK0001923,1983-06-24,P,Laundry,12980000.0,1.0,Bekasi,Jawa Barat
NS001924,NIK0001924,1961-12-04,P,Kerajinan,2980000.0,17.0,Semarang,Jawa Tengah
NS001925,NIK0001925,1985-03-14,L,Warung Kelontong,4430000.0,10.0,Singaraja,Bali
NS001926,NIK0001926,1966-02-09,P,Toko Bangunan,1860000.0,12.0,makassar,Sulawesi Selatan
NS001927,NIK0001927,1977-06-16,L,Bengkel,3300000.0,1.0,Pematangsiantar,Sumatera Utara
NS001928,NIK0001928,1996-08-02,P,Toko Bangunan,,9.0,Kediri,Jawa Timur
NS001929,NIK0001929,2003-01-21,P,Warung Kelontong,,3.0,Gresik,Jawa Timur
NS001930,NIK0001930,1975-02-25,L,Warung Kelontong,,10.0,Magelang,Jawa Tengah
NS001931,NIK0001931,1974-12-02,P,Bengkel,,10.0,Solo,Jawa Tengah
NS001932,NIK0001932,1968-08-28,P,Bengkel,9380000.0,5.0,Gresik,Jawa Timur
NS001933,NIK0001933,1989-02-12,L,Pedagang Pasar,2110000.0,6.0,Cirebon,Jawa Barat
NS001934,NIK0001934,1999-02-13,P,Kerajinan,2870000.0,10.0,Parepare,Sulawesi Selatan
NS001935,NIK0001935,1984-01-13,P,Bengkel,8860000.0,4.0,Denpasar,Bali
NS001936,NIK0001936,1966-04-16,P,Warung Kelontong,4629500.0,11.0,Bogor,Jawa Barat
NS001937,NIK0001937,1996-05-23,P,Kuliner,4050000.0,15.0,Malang,Jawa Timur
NS001938,NIK0001938,1995-11-27,P,Toko Bangunan,,3.0,Bogor,Jawa Barat
NS001939,NIK0001939,1992-08-13,P,Toko Bangunan,,6.0,Pematangsiantar,Sumatera Utara
NS001940,NIK0001940,1987-03-11,P,Pedagang Pasar,5920000.0,13.0,Bogor,Jawa Barat
NS001941,NIK0001941,1986-01-06,L,Peternakan,3400000.0,19.0,Parepare,Sulawesi Selatan
NS001942,NIK0001942,1967-06-19,P,Jasa Jahit,4000000.0,11.0,Denpasar,Bali
NS001943,NIK0001943,1962-01-01,L,Tidak Diketahui,6980000.0,16.0,Pematangsiantar,Sumatera Utara
NS001944,NIK0001944,1990-04-28,L,Bengkel,4720000.0,7.0,Surabaya,Jawa Timur
NS001945,NIK0001945,1963-04-09,P,Laundry,3630000.0,6.0,Jember,Jawa Timur
NS001946,NIK0001946,2003-04-04,P,Warung Kelontong,,18.0,Solo,Jawa Tengah
NS001947,NIK0001947,1980-02-01,P,Jasa Jahit,3770000.0,6.0,Bogor,Jawa Barat
NS001948,NIK0001948,1989-09-30,P,Perikanan,5770000.0,21.0,Jember,Jawa Timur
NS001949,NIK0001949,1964-03-15,P,Jasa Jahit,,18.0,Jember,Jawa Timur
NS001950,NIK0001950,1968-12-24,L,Salon,3736500.0,12.0,Cirebon,Jawa Barat
NS001951,NIK0001951,1982-02-15,L,Tidak Diketahui,6690000.0,15.0,Pematangsiantar,Sumatera Utara
NS001952,NIK0001952,1987-12-06,P,Salon,1420000.0,17.0,  Denpasar,Bali
NS001953,NIK0001953,1982-10-27,P,Toko Bangunan,2260000.0,10.0,Pematangsiantar,Sumatera Utara
NS001954,NIK0001954,1969-03-29,P,Perikanan,4130000.0,11.0,Cirebon,Jawa Barat
NS001955,NIK0001955,2001-04-09,P,Tidak Diketahui,5000000.0,20.0,Magelang,Jawa Tengah
NS001956,NIK0001956,1972-09-10,L,Warung Kelontong,6840000.0,14.0,Surabaya,Jawa Timur
NS001957,NIK0001957,1982-09-30,L,Laundry,3580000.0,13.0,Kediri,Jawa Timur
NS001958,NIK0001958,1984-05-17,L,Jasa Jahit,2960000.0,9.0,Solo,Jawa Tengah
NS001959,NIK0001959,1969-11-06,L,Kerajinan,1940000.0,17.0,Makassar,Sulawesi Selatan
NS001960,NIK0001960,1974-05-12,P,LAINNYA,7470000.0,1.0,MAKASSAR,Sulawesi Selatan
NS001961,NIK0001961,1994-05-10,L,Jasa Jahit,7350000.0,1.0,BOGOR,Jawa Barat
NS001962,NIK0001962,1975-10-31,P,Laundry,2660000.0,9.0,Makassar,Sulawesi Selatan
NS001963,NIK0001963,1998-11-13,L,Toko Bangunan,4460000.0,18.0,Surabaya,Jawa Timur
NS001964,NIK0001964,1979-04-12,P,Pedagang Pasar,4230000.0,9.0,  Denpasar,Bali
NS001965,NIK0001965,1995-02-15,L,Kuliner,10370000.0,2.0,Medan,Sumatera Utara
NS001966,NIK0001966,1983-11-30,P,LAINNYA,2430000.0,5.0,Singaraja,Bali
NS001967,NIK0001967,1989-03-27,L,Toko Bangunan,3924500.0,14.0,Kediri,Jawa Timur
NS001968,NIK0001968,1974-05-14,L,Peternakan,4020000.0,8.0,Makassar,Sulawesi Selatan
NS001969,NIK0001969,1979-08-14,L,Pertanian,4660000.0,7.0,Pematangsiantar,Sumatera Utara
NS001970,NIK0001970,1963-01-22,P,Kuliner,11240000.0,1.0,Sidoarjo,Jawa Timur
NS001971,NIK0001971,1961-02-16,L,Bengkel,5450000.0,15.0,Magelang,Jawa Tengah
NS001972,NIK0001972,2003-02-01,L,Pertanian,7650000.0,12.0,Semarang,Jawa Tengah
NS001973,NIK0001973,1971-06-01,P,Warung Kelontong,9480000.0,14.0,Surabaya ,Jawa Timur
NS001974,NIK0001974,1998-04-04,P,Perikanan,8560000.0,16.0,Bogor,Jawa Barat
NS001975,NIK0001975,1980-06-13,L,Salon,4410000.0,13.0,Bandung,Jawa Barat
NS001976,NIK0001976,1976-06-26,P,Peternakan,3290000.0,12.0,Magelang,Jawa Tengah
NS001977,NIK0001977,1960-04-09,P,Kuliner,3390000.0,17.0,SIDOARJO,Jawa Timur
NS001978,NIK0001978,1963-03-20,P,Salon,5680000.0,11.0,  Denpasar,Bali
NS001979,NIK0001979,1984-09-10,L,Salon,23110000.0,7.0,Solo,Jawa Tengah
NS001980,NIK0001980,1977-06-05,P,Jasa Jahit,4230000.0,3.0,Kediri,Jawa Timur
NS001981,NIK0001981,1962-01-30,L,Salon,2120000.0,19.0,Jember,Jawa Timur
NS001982,NIK0001982,1996-12-25,P,Perikanan,3840000.0,6.0,Semarang,Jawa Tengah
NS001983,NIK0001983,1969-08-06,L,Pertanian,4170000.0,15.0,Gresik ,Jawa Timur
NS001984,NIK0001984,1970-09-11,P,Jasa Jahit,7160000.0,17.0,Kudus,Jawa Tengah
NS001985,NIK0001985,1964-05-25,P,Jasa Jahit,5200000.0,16.0,Bogor,Jawa Barat
NS001986,NIK0001986,1994-10-29,P,Jasa Jahit,1010000.0,6.0,Singaraja,Bali
NS001987,NIK0001987,1998-04-17,P,Pertanian,2790000.0,11.0,Medan,Sumatera Utara
NS001988,NIK0001988,1981-06-02,L,Toko Bangunan,10570000.0,11.0,Jember,Jawa Timur
NS001989,NIK0001989,1994-09-22,L,Kerajinan,9160000.0,3.0,Semarang,Jawa Tengah
NS001990,NIK0001990,1964-06-27,L,Warung Kelontong,,6.0,Semarang,Jawa Tengah
NS001991,NIK0001991,1961-05-10,P,Kerajinan,,1.0,Bandung,Jawa Barat
NS001992,NIK0001992,1974-02-28,L,Laundry,9610000.0,3.0,Pematangsiantar,Sumatera Utara
NS001993,NIK0001993,1999-04-04,P,Bengkel,8930000.0,19.0,Semarang,Jawa Tengah
NS001994,NIK0001994,1984-10-20,P,Pertanian,13900000.0,6.0,Jember,Jawa Timur
NS001995,NIK0001995,1993-03-17,P,Kuliner,3500000.0,3.0,Semarang,Jawa Tengah
NS001996,NIK0001996,1976-07-01,P,Bengkel,7180000.0,1.0,Malang,Jawa Timur
NS001997,NIK0001997,1974-08-05,P,Pertanian,,9.0,Kudus,Jawa Tengah
NS001998,NIK0001998,1971-07-10,L,Pertanian,5530000.0,6.0,Makassar,Sulawesi Selatan
NS001999,NIK0001999,1991-02-21,L,Laundry,2950000.0,18.0,Solo,Jawa Tengah
NS002000,NIK0002000,1986-04-23,P,Peternakan,6070000.0,12.0,Sidoarjo,Jawa Timur
NS002001,NIK0002001,1964-03-27,P,Salon,6560000.0,21.0,Semarang,Jawa Tengah
NS002002,NIK0002002,1985-05-08,P,Tidak Diketahui,2720000.0,10.0,Makassar,Sulawesi Selatan
NS002003,NIK0002003,1974-06-19,P,Perikanan,2900000.0,14.0,Gresik,Jawa Timur
NS002004,NIK0002004,1970-08-21,P,Kerajinan,5280000.0,13.0,Gresik,Jawa Timur
NS002005,NIK0002005,1974-04-22,P,Peternakan,3200000.0,2.0,Denpasar,Bali
NS002006,NIK0002006,1962-09-29,P,Warung Kelontong,8560000.0,21.0,MEDAN,Sumatera Utara
NS002007,NIK0002007,1980-05-10,L,Perikanan,4290000.0,3.0,Bogor ,Jawa Barat
NS002008,NIK0002008,1960-08-05,L,Salon,3090000.0,3.0,Semarang,Jawa Tengah
NS002009,NIK0002009,1978-10-19,P,Toko Bangunan,1190000.0,12.0,Singaraja,Bali
NS002010,NIK0002010,1975-10-18,P,Laundry,,10.0,Kudus,Jawa Tengah
NS002011,NIK0002011,1987-05-08,P,Salon,9680000.0,9.0,MEDAN,Sumatera Utara
NS002012,NIK0002012,1968-04-11,P,Peternakan,3280000.0,4.0,Jember,Jawa Timur
NS002013,NIK0002013,1992-05-21,L,Laundry,3820000.0,11.0,Surabaya,Jawa Timur
NS002014,NIK0002014,1972-05-20,P,Salon,2500000.0,20.0,Jember,Jawa Timur
NS002015,NIK0002015,1993-04-25,L,Perikanan,261.0,20.0,Solo,Jawa Tengah
NS002016,NIK0002016,1978-09-14,P,Bengkel,7280000.0,8.0,Jember,Jawa Timur
NS002017,NIK0002017,1983-03-14,P,Tidak Diketahui,,3.0,Jember,Jawa Timur
NS002018,NIK0002018,1984-06-25,L,Peternakan,3360000.0,16.0,Surabaya,Jawa Timur
NS002019,NIK0002019,1998-03-07,P,Pertanian,,21.0,Kudus,Jawa Tengah
NS002020,NIK0002020,1998-01-18,L,Perikanan,8620000.0,18.0,Sidoarjo,Jawa Timur
NS002021,NIK0002021,1980-02-27,L,Jasa Jahit,2740000.0,14.0,makassar,Sulawesi Selatan
NS002022,NIK0002022,1972-10-19,P,Laundry,5450000.0,19.0,Semarang,Jawa Tengah
NS002023,NIK0002023,1966-04-25,L,Pertanian,,15.0,Semarang,Jawa Tengah
NS002024,NIK0002024,1968-10-07,L,Kerajinan,3540000.0,3.0,Malang,Jawa Timur
NS002025,NIK0002025,1993-02-02,P,Toko Bangunan,3930000.0,9.0,Malang,Jawa Timur
NS002026,NIK0002026,1995-12-28,P,Toko Bangunan,3040000.0,16.0,Gresik,Jawa Timur
NS002027,NIK0002027,2001-05-30,L,Pedagang Pasar,2700000.0,7.0,PAREPARE,Sulawesi Selatan
NS002028,NIK0002028,1992-10-12,L,Kerajinan,938960000.0,13.0,Jember,Jawa Timur
NS002029,NIK0002029,1963-11-14,L,Warung Kelontong,3620000.0,11.0,Solo,Jawa Tengah
NS002030,NIK0002030,1992-10-31,P,Peternakan,3670000.0,6.0,Kediri,Jawa Timur
NS002031,NIK0002031,1981-10-22,P,Pedagang Pasar,3520000.0,13.0,Bekasi,Jawa Barat
NS002032,NIK0002032,1988-12-14,L,Warung Kelontong,9670000.0,9.0,Bekasi,Jawa Barat
NS002033,NIK0002033,1984-08-23,L,Jasa Jahit,3070000.0,15.0,Surabaya,Jawa Timur
NS002034,NIK0002034,1965-12-03,P,Kerajinan,2890000.0,12.0,Sidoarjo,Jawa Timur
NS002035,NIK0002035,1960-07-26,P,Kuliner,5030000.0,6.0,Bekasi,Jawa Barat
NS002036,NIK0002036,1982-04-17,L,Laundry,4350000.0,12.0,Malang,Jawa Timur
NS002037,NIK0002037,1983-04-26,L,Laundry,6060000.0,10.0,Bogor,Jawa Barat
NS002038,NIK0002038,1986-08-03,P,Peternakan,,12.0,Medan,Sumatera Utara
NS002039,NIK0002039,1986-01-21,P,Salon,2410000.0,1.0,Magelang,Jawa Tengah
NS002040,NIK0002040,1967-01-11,L,Kerajinan,2980000.0,8.0,Cirebon,Jawa Barat
NS002041,NIK0002041,1978-05-24,P,Pertanian,2430000.0,13.0,Cirebon,Jawa Barat
NS002042,NIK0002042,1991-01-16,P,Pedagang Pasar,1640000.0,17.0,Denpasar,Bali
NS002043,NIK0002043,1987-02-11,P,Laundry,2640000.0,20.0,Magelang,Jawa Tengah
NS002044,NIK0002044,1976-04-01,L,Pedagang Pasar,9640000.0,21.0,Pematangsiantar,Sumatera Utara
NS002045,NIK0002045,1968-12-15,P,Peternakan,5750000.0,20.0,Kudus,Jawa Tengah
NS002046,NIK0002046,1971-02-17,P,Tidak Diketahui,2340000.0,21.0,Parepare,Sulawesi Selatan
NS002047,NIK0002047,1972-09-30,P,Salon,5780000.0,14.0,Kediri,Jawa Timur
NS002048,NIK0002048,1982-02-28,P,Kerajinan,7050000.0,14.0,Solo ,Jawa Tengah
NS002049,NIK0002049,1980-12-21,P,Kerajinan,3030000.0,7.0,Malang,Jawa Timur
NS002050,NIK0002050,1967-08-23,P,Pedagang Pasar,5060000.0,18.0,Jember,Jawa Timur
NS002051,NIK0002051,2003-11-29,P,Bengkel,2290000.0,16.0,Gresik,Jawa Timur
NS002052,NIK0002052,1994-05-19,L,Laundry,8540000.0,4.0,Parepare,Sulawesi Selatan
NS002053,NIK0002053,1980-12-12,L,Kuliner,5930000.0,16.0,medan,Sumatera Utara
NS002054,NIK0002054,1972-06-19,L,Bengkel,,14.0,Kediri,Jawa Timur
NS002055,NIK0002055,1965-04-05,P,Kuliner,3060000.0,10.0,Malang,Jawa Timur
NS002056,NIK0002056,1968-11-20,P,Toko Bangunan,5580000.0,2.0,Singaraja,Bali
NS002057,NIK0002057,1996-04-19,L,Warung Kelontong,4100000.0,21.0,Bandung,Jawa Barat
NS002058,NIK0002058,1984-10-25,L,Salon,6740000.0,10.0,Bogor,Jawa Barat
NS002059,NIK0002059,1980-01-23,P,Perikanan,4880000.0,11.0,Malang,Jawa Timur
NS002060,NIK0002060,1968-09-17,L,Pedagang Pasar,3550000.0,3.0,Solo,Jawa Tengah
NS002061,NIK0002061,1981-09-07,L,Tidak Diketahui,3920000.0,3.0,Kudus,Jawa Tengah
NS002062,NIK0002062,1999-10-05,L,Toko Bangunan,2130000.0,17.0,Pematangsiantar,Sumatera Utara
NS002063,NIK0002063,1990-03-23,P,Pertanian,5030000.0,13.0,Pematangsiantar,Sumatera Utara
NS002064,NIK0002064,2000-04-04,L,Salon,3420000.0,20.0,Denpasar,Bali
NS002065,NIK0002065,1990-03-06,L,Laundry,6540000.0,12.0,Bandung,Jawa Barat
NS002066,NIK0002066,1968-01-04,L,Kuliner,13240000.0,8.0,Parepare,Sulawesi Selatan
NS002067,NIK0002067,1971-02-02,L,Perikanan,4100000.0,20.0,Surabaya,Jawa Timur
NS002068,NIK0002068,1966-08-07,L,Pedagang Pasar,2490000.0,14.0,Semarang,Jawa Tengah
NS002069,NIK0002069,1974-06-25,L,Perikanan,5810000.0,14.0,Surabaya,Jawa Timur
NS002070,NIK0002070,2001-02-03,L,Bengkel,3220000.0,8.0,Makassar,Sulawesi Selatan
NS002071,NIK0002071,1995-01-22,P,Perikanan,7230000.0,9.0,Malang,Jawa Timur
NS002072,NIK0002072,1983-11-15,L,Bengkel,5870000.0,15.0,Sidoarjo,Jawa Timur
NS002073,NIK0002073,1989-03-18,P,Kerajinan,2760000.0,17.0,Magelang,Jawa Tengah
NS002074,NIK0002074,1980-02-12,P,Salon,7490000.0,4.0,Solo,Jawa Tengah
NS002075,NIK0002075,1983-04-27,P,Laundry,3130000.0,15.0,Kediri,Jawa Timur
NS002076,NIK0002076,1986-06-15,L,Perikanan,9170000.0,2.0,Bogor,Jawa Barat
NS002077,NIK0002077,1971-02-27,P,Toko Bangunan,5360000.0,15.0,Malang,Jawa Timur
NS002078,NIK0002078,1976-12-22,P,Salon,2230000.0,17.0,denpasar,Bali
NS002079,NIK0002079,1989-11-03,L,Warung Kelontong,6368500.0,15.0,Sidoarjo,Jawa Timur
NS002080,NIK0002080,1985-05-17,P,Salon,5520000.0,19.0,Malang,Jawa Timur
NS002081,NIK0002081,1996-12-24,L,Toko Bangunan,2500000.0,4.0,Parepare,Sulawesi Selatan
NS002082,NIK0002082,1985-06-15,L,Salon,7300000.0,20.0,sidoarjo,Jawa Timur
NS002083,NIK0002083,1987-08-28,P,Perikanan,3410000.0,20.0,Malang,Jawa Timur
NS002084,NIK0002084,1996-03-06,P,Perikanan,1740000.0,18.0,Surabaya,Jawa Timur
NS002085,NIK0002085,1961-04-13,P,Warung Kelontong,3390000.0,13.0,Sidoarjo,Jawa Timur
NS002086,NIK0002086,1989-05-04,P,Toko Bangunan,3040000.0,13.0,Kediri,Jawa Timur
NS002087,NIK0002087,1963-11-03,L,Peternakan,6560000.0,5.0,Solo,Jawa Tengah
NS002088,NIK0002088,1999-01-31,L,Pedagang Pasar,3460000.0,9.0,Gresik,Jawa Timur
NS002089,NIK0002089,1964-02-08,L,Pedagang Pasar,3320000.0,2.0,Bogor,Jawa Barat
NS002090,NIK0002090,1973-01-31,P,Bengkel,7640000.0,5.0,Singaraja,Bali
NS002091,NIK0002091,2002-12-18,L,Toko Bangunan,6690000.0,8.0,Kudus,Jawa Tengah
NS002092,NIK0002092,1997-03-23,P,Salon,2770000.0,21.0,Magelang ,Jawa Tengah
NS002093,NIK0002093,1963-07-31,L,Kuliner,12220000.0,12.0,Bandung,Jawa Barat
NS002094,NIK0002094,1997-02-02,L,Kuliner,3184650000.0,10.0,Bekasi,Jawa Barat
NS002095,NIK0002095,1972-06-23,P,Peternakan,1540000.0,5.0,Solo,Jawa Tengah
NS002096,NIK0002096,1968-03-10,P,Peternakan,5340000.0,13.0,Gresik,Jawa Timur
NS002097,NIK0002097,1966-09-07,P,LAINNYA,1660000.0,21.0,Semarang,Jawa Tengah
NS002098,NIK0002098,1991-01-26,L,Laundry,3540000.0,3.0,Sidoarjo,Jawa Timur
NS002099,NIK0002099,2001-02-09,L,Warung Kelontong,3372250.0,2.0,Parepare,Sulawesi Selatan
NS002100,NIK0002100,1964-10-05,P,Kerajinan,3020000.0,16.0,Magelang,Jawa Tengah
NS002101,NIK0002101,2001-03-13,P,LAINNYA,3350000.0,19.0,Solo,Jawa Tengah
NS002102,NIK0002102,1991-07-20,L,Pedagang Pasar,321.0,4.0,Bandung,Jawa Barat
NS002103,NIK0002103,1999-04-24,L,Laundry,2930000.0,20.0,Kudus,Jawa Tengah
NS002104,NIK0002104,1993-05-08,P,Kuliner,3030000.0,21.0,Jember,Jawa Timur
NS002105,NIK0002105,1992-09-05,P,Laundry,3310000.0,19.0,BOGOR,Jawa Barat
NS002106,NIK0002106,1992-11-24,P,Peternakan,1860000.0,13.0,Makassar,Sulawesi Selatan
NS002107,NIK0002107,1988-01-17,P,Laundry,5070000.0,12.0,Surabaya,Jawa Timur
NS002108,NIK0002108,1987-01-31,L,Toko Bangunan,3620000.0,8.0,Kediri,Jawa Timur
NS002109,NIK0002109,1971-11-20,P,Laundry,4820000.0,4.0,Bandung,Jawa Barat
NS002110,NIK0002110,1973-12-02,L,Salon,4080000.0,1.0,Parepare,Sulawesi Selatan
NS002111,NIK0002111,1987-10-20,P,Jasa Jahit,3110000.0,13.0,Cirebon,Jawa Barat
NS002112,NIK0002112,1979-03-23,P,LAINNYA,3650000.0,13.0,Surabaya,Jawa Timur
NS002113,NIK0002113,1983-11-19,P,Laundry,9110000.0,3.0,Makassar,Sulawesi Selatan
NS002114,NIK0002114,1981-03-03,L,Kerajinan,9360000.0,19.0,Jember,Jawa Timur
NS002115,NIK0002115,1982-10-10,L,Jasa Jahit,3040000.0,9.0,Parepare,Sulawesi Selatan
NS002116,NIK0002116,1996-06-05,L,Warung Kelontong,4770000.0,1.0,Malang,Jawa Timur
NS002117,NIK0002117,1989-12-07,L,Peternakan,,15.0,Surabaya,Jawa Timur
NS002118,NIK0002118,1987-09-26,L,Laundry,,11.0,Sidoarjo,Jawa Timur
NS002119,NIK0002119,2000-02-20,P,Kerajinan,2650000.0,16.0,denpasar,Bali
NS002120,NIK0002120,1993-07-07,L,Salon,4720000.0,2.0,Bandung,Jawa Barat
NS002121,NIK0002121,1980-07-25,P,Perikanan,5460000.0,12.0,Semarang,Jawa Tengah
NS002122,NIK0002122,1968-09-29,L,Jasa Jahit,12640000.0,21.0,Semarang,Jawa Tengah
NS002123,NIK0002123,1975-08-16,L,Salon,,5.0,Jember,Jawa Timur
NS002124,NIK0002124,1985-08-30,P,Pedagang Pasar,2110000.0,9.0,Singaraja,Bali
NS002125,NIK0002125,1993-12-06,P,Peternakan,6740000.0,12.0,Sidoarjo,Jawa Timur
NS002126,NIK0002126,2000-11-20,P,Bengkel,1605800000.0,18.0,Surabaya,Jawa Timur
NS002127,NIK0002127,1989-10-19,P,Kuliner,2790000.0,10.0,Surabaya,Jawa Timur
NS002128,NIK0002128,1984-09-09,P,Pedagang Pasar,,11.0,Makassar,Sulawesi Selatan
NS002129,NIK0002129,1968-12-06,P,Kuliner,184.0,19.0,Parepare,Sulawesi Selatan
NS002130,NIK0002130,1984-09-23,L,Kuliner,7330000.0,3.0,Makassar,Sulawesi Selatan
NS002131,NIK0002131,1962-11-01,P,Perikanan,3320000.0,9.0,Kediri,Jawa Timur
NS002132,NIK0002132,1971-10-22,P,Kerajinan,7770000.0,17.0,Semarang,Jawa Tengah
NS002133,NIK0002133,2002-05-07,L,Pedagang Pasar,3970000.0,21.0,Bandung,Jawa Barat
NS002134,NIK0002134,1989-03-15,P,Tidak Diketahui,7150000.0,5.0,Malang,Jawa Timur
NS002135,NIK0002135,1961-05-18,P,Bengkel,4420000.0,16.0,Parepare,Sulawesi Selatan
NS002136,NIK0002136,1974-12-27,L,Pedagang Pasar,706860000.0,12.0,Surabaya,Jawa Timur
NS002137,NIK0002137,1989-03-21,P,Kerajinan,9590000.0,7.0,surabaya,Jawa Timur
NS002138,NIK0002138,2002-05-31,L,Kerajinan,2250000.0,11.0,Malang ,Jawa Timur
NS002139,NIK0002139,1969-04-19,L,Laundry,8950000.0,6.0,Magelang,Jawa Tengah
NS002140,NIK0002140,1961-09-29,L,Bengkel,5650000.0,2.0,Pematangsiantar,Sumatera Utara
NS002141,NIK0002141,1981-07-15,L,Peternakan,8800750.0,10.0,Kudus,Jawa Tengah
NS002142,NIK0002142,1963-03-08,L,Salon,6350000.0,13.0,Semarang,Jawa Tengah
NS002143,NIK0002143,1976-12-29,L,Kerajinan,2940000.0,7.0,Solo,Jawa Tengah
NS002144,NIK0002144,1995-05-22,L,Kerajinan,2910000.0,6.0,Makassar,Sulawesi Selatan
NS002145,NIK0002145,1982-01-15,P,Kuliner,3470000.0,1.0,Sidoarjo,Jawa Timur
NS002146,NIK0002146,1961-06-01,P,Tidak Diketahui,3020000.0,9.0,Singaraja,Bali
NS002147,NIK0002147,1964-04-23,P,Pertanian,5150000.0,20.0,Semarang,Jawa Tengah
NS002148,NIK0002148,1963-05-27,P,Perikanan,3800000.0,10.0,Pematangsiantar,Sumatera Utara
NS002149,NIK0002149,1983-03-27,P,Kerajinan,6760000.0,4.0,Sidoarjo,Jawa Timur
NS002150,NIK0002150,1976-05-24,P,Bengkel,,7.0,Jember,Jawa Timur
NS002151,NIK0002151,1985-07-23,L,Bengkel,,21.0,PAREPARE,Sulawesi Selatan
NS002152,NIK0002152,1972-09-26,L,Perikanan,2230000.0,19.0,Parepare,Sulawesi Selatan
NS002153,NIK0002153,2001-06-01,P,Toko Bangunan,7270000.0,15.0,Magelang,Jawa Tengah
NS002154,NIK0002154,1979-09-03,L,Peternakan,2730000.0,14.0,MEDAN,Sumatera Utara
NS002155,NIK0002155,1961-06-13,L,Toko Bangunan,3430000.0,9.0,Parepare,Sulawesi Selatan
NS002156,NIK0002156,1992-11-24,L,Laundry,5760000.0,5.0,Pematangsiantar,Sumatera Utara
NS002157,NIK0002157,1981-12-16,P,Warung Kelontong,2700000.0,13.0,Singaraja,Bali
NS002158,NIK0002158,2001-04-12,P,Jasa Jahit,,11.0,Malang,Jawa Timur
NS002159,NIK0002159,1971-09-03,P,Warung Kelontong,5350000.0,12.0,  Cirebon,Jawa Barat
NS002160,NIK0002160,1977-04-07,P,Peternakan,,13.0,Solo,Jawa Tengah
NS002161,NIK0002161,1970-01-22,P,Kuliner,11670000.0,19.0,Singaraja,Bali
NS002162,NIK0002162,1988-06-03,P,Warung Kelontong,5840000.0,13.0,Bogor,Jawa Barat
NS002163,NIK0002163,1963-12-30,L,Kuliner,4370000.0,5.0,Bandung,Jawa Barat
NS002164,NIK0002164,1966-02-08,P,Kuliner,1740000.0,4.0,Malang,Jawa Timur
NS002165,NIK0002165,2003-04-11,P,Peternakan,6060000.0,6.0,Surabaya,Jawa Timur
NS002166,NIK0002166,1996-08-11,L,Kerajinan,2800000.0,11.0,Parepare,Sulawesi Selatan
NS002167,NIK0002167,1962-06-13,P,Kuliner,3920000.0,11.0,Pematangsiantar,Sumatera Utara
NS002168,NIK0002168,1984-11-25,L,Toko Bangunan,6590000.0,20.0,Surabaya,Jawa Timur
NS002169,NIK0002169,1995-05-29,P,Pertanian,10520000.0,3.0,Kediri,Jawa Timur
NS002170,NIK0002170,1985-05-01,P,Pedagang Pasar,7140000.0,15.0,Makassar,Sulawesi Selatan
NS002171,NIK0002171,1968-02-26,P,Pertanian,6760000.0,1.0,Solo,Jawa Tengah
NS002172,NIK0002172,1963-04-18,L,Jasa Jahit,3090000.0,6.0,Kudus,Jawa Tengah
NS002173,NIK0002173,1989-12-05,P,Perikanan,6460000.0,17.0,Sidoarjo,Jawa Timur
NS002174,NIK0002174,1965-05-22,P,Pertanian,7130000.0,2.0,Magelang,Jawa Tengah
NS002175,NIK0002175,2003-08-01,P,Tidak Diketahui,3560000.0,17.0,Cirebon,Jawa Barat
NS002176,NIK0002176,1966-09-03,P,Kerajinan,4570000.0,16.0,solo,Jawa Tengah
NS002177,NIK0002177,1967-07-29,P,Kerajinan,3680000.0,7.0,Bogor,Jawa Barat
NS002178,NIK0002178,1994-08-08,P,Warung Kelontong,9460000.0,11.0,Semarang,Jawa Tengah
NS002179,NIK0002179,1985-08-18,L,Warung Kelontong,2350000.0,16.0,Jember,Jawa Timur
NS002180,NIK0002180,1978-03-05,P,Peternakan,1720000.0,3.0,Kudus,Jawa Tengah
NS002181,NIK0002181,1979-01-10,P,Laundry,,20.0,Solo,Jawa Tengah
NS002182,NIK0002182,1965-02-03,P,Perikanan,,1.0,Singaraja,Bali
NS002183,NIK0002183,1976-11-02,P,Salon,7350000.0,7.0,Gresik,Jawa Timur
NS002184,NIK0002184,1980-05-16,P,Toko Bangunan,10850000.0,21.0,Kediri,Jawa Timur
NS002185,NIK0002185,2001-08-30,P,Laundry,,12.0,Pematangsiantar,Sumatera Utara
NS002186,NIK0002186,1988-09-11,P,Salon,6680000.0,15.0,Gresik,Jawa Timur
NS002187,NIK0002187,1975-04-04,P,Toko Bangunan,2580000.0,19.0,Makassar,Sulawesi Selatan
NS002188,NIK0002188,1985-12-12,P,Peternakan,2410000.0,3.0,Kudus,Jawa Tengah
NS002189,NIK0002189,1974-03-15,P,Pedagang Pasar,6430000.0,21.0,Denpasar,Bali
NS002190,NIK0002190,1997-10-02,L,Kerajinan,3510000.0,20.0,Magelang,Jawa Tengah
NS002191,NIK0002191,1963-12-16,P,Kerajinan,3910000.0,2.0,Medan,Sumatera Utara
NS002192,NIK0002192,1973-09-08,P,Laundry,8610000.0,20.0,Surabaya,Jawa Timur
NS002193,NIK0002193,1989-03-08,P,Kuliner,8450000.0,1.0,Sidoarjo,Jawa Timur
NS002194,NIK0002194,1997-06-03,L,Salon,7760000.0,3.0,Jember,Jawa Timur
NS002195,NIK0002195,1996-11-25,L,Jasa Jahit,5730000.0,14.0,Kudus,Jawa Tengah
NS002196,NIK0002196,1984-02-06,L,Kerajinan,2890000.0,20.0,Parepare,Sulawesi Selatan
NS002197,NIK0002197,1963-05-22,P,Laundry,1280000.0,18.0,Bandung,Jawa Barat
NS002198,NIK0002198,1984-12-10,P,Peternakan,7220000.0,18.0,Gresik,Jawa Timur
NS002199,NIK0002199,1999-04-18,P,Jasa Jahit,8950000.0,14.0,Parepare,Sulawesi Selatan
NS002200,NIK0002200,1980-05-15,L,Toko Bangunan,4940000.0,7.0,Semarang,Jawa Tengah
NS002201,NIK0002201,1966-03-27,P,Pedagang Pasar,,3.0,Kediri,Jawa Timur
NS002202,NIK0002202,1972-06-17,L,Salon,2950000.0,10.0,Kediri,Jawa Timur
NS002203,NIK0002203,1987-03-21,P,Pedagang Pasar,11867500.0,8.0,BOGOR,Jawa Barat
NS002204,NIK0002204,2002-05-21,P,Jasa Jahit,4220000.0,12.0,Kediri,Jawa Timur
NS002205,NIK0002205,1962-02-05,P,Laundry,3650000.0,20.0,Parepare,Sulawesi Selatan
NS002206,NIK0002206,1999-12-15,P,Toko Bangunan,4940000.0,2.0,Magelang,Jawa Tengah
NS002207,NIK0002207,1993-10-08,L,Jasa Jahit,2960000.0,7.0,Semarang,Jawa Tengah
NS002208,NIK0002208,1982-05-09,P,Kuliner,4120000.0,21.0,Malang,Jawa Timur
NS002209,NIK0002209,1972-09-06,P,Bengkel,6970000.0,14.0,Surabaya,Jawa Timur
NS002210,NIK0002210,2000-09-14,P,Perikanan,4780000.0,7.0,Solo,Jawa Tengah
NS002211,NIK0002211,1971-06-29,P,Bengkel,2700000.0,9.0,Singaraja,Bali
NS002212,NIK0002212,1963-09-04,L,Pedagang Pasar,3320000.0,19.0,Denpasar,Bali
NS002213,NIK0002213,1986-03-12,L,Peternakan,3930000.0,6.0,Sidoarjo,Jawa Timur
NS002214,NIK0002214,1977-05-18,L,Peternakan,2970000.0,13.0,Solo,Jawa Tengah
NS002215,NIK0002215,1983-06-02,P,Pertanian,1641200000.0,19.0,Kudus,Jawa Tengah
NS002216,NIK0002216,1979-05-23,P,Perikanan,3090000.0,2.0,Pematangsiantar,Sumatera Utara
NS002217,NIK0002217,2002-01-29,L,Pedagang Pasar,3460000.0,12.0,Parepare,Sulawesi Selatan
NS002218,NIK0002218,1967-04-18,L,Warung Kelontong,5510000.0,8.0,Magelang,Jawa Tengah
NS002219,NIK0002219,1970-06-06,L,Warung Kelontong,268550000.0,21.0,MAKASSAR,Sulawesi Selatan
NS002220,NIK0002220,1981-04-07,P,Kerajinan,3720000.0,7.0,Pematangsiantar,Sumatera Utara
NS002221,NIK0002221,1998-02-24,P,Bengkel,2190000.0,13.0,Malang,Jawa Timur
NS002222,NIK0002222,1979-02-21,P,Kuliner,3190000.0,7.0,Solo,Jawa Tengah
NS002223,NIK0002223,1987-07-31,L,Jasa Jahit,2060000.0,20.0,KEDIRI,Jawa Timur
NS002224,NIK0002224,1988-03-13,P,Kuliner,,9.0,Magelang,Jawa Tengah
NS002225,NIK0002225,1981-08-07,P,Perikanan,3570000.0,15.0,Pematangsiantar,Sumatera Utara
NS002226,NIK0002226,1975-12-25,P,Jasa Jahit,9650000.0,8.0,Solo,Jawa Tengah
NS002227,NIK0002227,1985-04-16,P,Warung Kelontong,12700000.0,12.0,Singaraja,Bali
NS002228,NIK0002228,1999-12-26,L,Pedagang Pasar,,4.0,Malang,Jawa Timur
NS002229,NIK0002229,1986-02-22,L,Peternakan,3230000.0,7.0,Sidoarjo,Jawa Timur
NS002230,NIK0002230,1966-04-14,P,Tidak Diketahui,6580000.0,5.0,Denpasar,Bali
NS002231,NIK0002231,1967-11-18,P,Salon,6170000.0,16.0,Bekasi,Jawa Barat
NS002232,NIK0002232,1974-02-13,P,LAINNYA,2180000.0,5.0,Makassar,Sulawesi Selatan
NS002233,NIK0002233,1963-03-16,L,Jasa Jahit,2280000.0,20.0,Kediri,Jawa Timur
NS002234,NIK0002234,1963-09-19,P,Pedagang Pasar,14130000.0,3.0,Magelang,Jawa Tengah
NS002235,NIK0002235,2002-07-04,P,Perikanan,4740000.0,14.0,Bogor,Jawa Barat
NS002236,NIK0002236,1965-05-17,P,Pertanian,,15.0,Semarang,Jawa Tengah
NS002237,NIK0002237,1994-04-27,L,Warung Kelontong,5840000.0,14.0,Semarang,Jawa Tengah
NS002238,NIK0002238,1999-07-19,L,Bengkel,7240000.0,14.0,Cirebon,Jawa Barat
NS002239,NIK0002239,1982-05-30,L,Salon,3570000.0,5.0,Jember,Jawa Timur
NS002240,NIK0002240,1994-08-03,P,Pertanian,2090000.0,19.0,Magelang,Jawa Tengah
NS002241,NIK0002241,1989-03-22,L,Salon,3490000.0,6.0,Parepare,Sulawesi Selatan
NS002242,NIK0002242,1961-11-07,P,Jasa Jahit,7060000.0,12.0,Semarang,Jawa Tengah
NS002243,NIK0002243,1965-08-08,P,Peternakan,7540000.0,4.0,Kudus,Jawa Tengah
NS002244,NIK0002244,1960-08-07,P,Perikanan,4480000.0,14.0,Sidoarjo,Jawa Timur
NS002245,NIK0002245,1965-01-09,L,Peternakan,2230000.0,7.0,Gresik,Jawa Timur
NS002246,NIK0002246,1993-07-30,L,Kuliner,1580000.0,10.0,Jember,Jawa Timur
NS002247,NIK0002247,2000-01-02,P,Pedagang Pasar,4350000.0,15.0,Semarang,Jawa Tengah
NS002248,NIK0002248,2003-02-08,P,Toko Bangunan,7290000.0,12.0,Makassar,Sulawesi Selatan
NS002249,NIK0002249,2001-02-10,P,Kuliner,1740000.0,10.0,makassar,Sulawesi Selatan
NS002250,NIK0002250,1966-02-04,L,Warung Kelontong,2510000.0,10.0,Kudus,Jawa Tengah
NS002251,NIK0002251,1997-01-04,P,Warung Kelontong,3670000.0,2.0,Magelang,Jawa Tengah
NS002252,NIK0002252,1967-07-31,P,Pertanian,4210000.0,3.0,Jember,Jawa Timur
NS002253,NIK0002253,1997-08-04,L,Bengkel,3460000.0,6.0,Solo,Jawa Tengah
NS002254,NIK0002254,1999-06-02,P,Kerajinan,2820000.0,14.0,Denpasar,Bali
NS002255,NIK0002255,1978-11-20,P,Kerajinan,2120000.0,10.0,Kudus,Jawa Tengah
NS002256,NIK0002256,1984-11-24,P,Jasa Jahit,5300000.0,11.0,Semarang,Jawa Tengah
NS002257,NIK0002257,1989-12-10,P,Laundry,,7.0,Bogor,Jawa Barat
NS002258,NIK0002258,1965-12-18,P,Kerajinan,4200000.0,11.0,BOGOR,Jawa Barat
NS002259,NIK0002259,1994-03-02,P,Peternakan,4340000.0,16.0,Kediri,Jawa Timur
NS002260,NIK0002260,1983-04-27,L,Perikanan,2020000.0,21.0,Jember,Jawa Timur
NS002261,NIK0002261,1992-06-14,L,Salon,3130000.0,7.0,Bandung,Jawa Barat
NS002262,NIK0002262,1981-03-06,L,Kuliner,3290000.0,15.0,Kudus,Jawa Tengah
NS002263,NIK0002263,2002-09-15,P,Peternakan,3480000.0,16.0,Kudus,Jawa Tengah
NS002264,NIK0002264,1986-10-24,P,Jasa Jahit,5820000.0,13.0,Surabaya,Jawa Timur
NS002265,NIK0002265,1990-10-25,L,Kerajinan,4590000.0,7.0,Cirebon,Jawa Barat
NS002266,NIK0002266,1970-12-26,L,Warung Kelontong,1720000.0,17.0,Jember,Jawa Timur
NS002267,NIK0002267,1974-10-26,P,Perikanan,2640000.0,2.0,bogor,Jawa Barat
NS002268,NIK0002268,1996-03-05,P,Toko Bangunan,1420000.0,20.0,Bogor,Jawa Barat
NS002269,NIK0002269,1996-10-11,P,Pedagang Pasar,,18.0,Malang,Jawa Timur
NS002270,NIK0002270,1989-12-18,P,Pertanian,4950000.0,17.0,Surabaya,Jawa Timur
NS002271,NIK0002271,1975-11-06,L,LAINNYA,6110000.0,12.0,Solo,Jawa Tengah
NS002272,NIK0002272,1967-08-03,P,Pertanian,2790000.0,17.0,Sidoarjo,Jawa Timur
NS002273,NIK0002273,1979-02-10,P,Peternakan,6110000.0,15.0,JEMBER,Jawa Timur
NS002274,NIK0002274,1980-07-26,P,Toko Bangunan,11540000.0,10.0,Bandung,Jawa Barat
NS002275,NIK0002275,1985-05-29,L,Pedagang Pasar,11820000.0,10.0,Malang,Jawa Timur
NS002276,NIK0002276,1986-10-21,L,Toko Bangunan,5820000.0,5.0,Parepare,Sulawesi Selatan
NS002277,NIK0002277,1962-08-20,P,Kerajinan,3810000.0,4.0,Sidoarjo,Jawa Timur
NS002278,NIK0002278,1984-11-30,L,Laundry,2370000.0,8.0,Cirebon,Jawa Barat
NS002279,NIK0002279,1994-07-23,P,Warung Kelontong,4420000.0,17.0,Makassar,Sulawesi Selatan
NS002280,NIK0002280,1983-03-26,L,Kuliner,8800000.0,6.0,Pematangsiantar,Sumatera Utara
NS002281,NIK0002281,1995-08-24,P,Pertanian,3830000.0,11.0,denpasar,Bali
NS002282,NIK0002282,1989-03-28,L,Peternakan,3300000.0,13.0,Kediri,Jawa Timur
NS002283,NIK0002283,2000-09-26,L,Kerajinan,4920000.0,5.0,Makassar,Sulawesi Selatan
NS002284,NIK0002284,1960-03-01,P,Jasa Jahit,7360000.0,19.0,Pematangsiantar,Sumatera Utara
NS002285,NIK0002285,1974-02-09,L,Warung Kelontong,4830000.0,2.0,Medan,Sumatera Utara
NS002286,NIK0002286,1986-06-15,L,Jasa Jahit,3170000.0,9.0,Malang,Jawa Timur
NS002287,NIK0002287,1986-04-30,P,Kuliner,9200000.0,7.0,Bekasi,Jawa Barat
NS002288,NIK0002288,1979-07-03,P,Kerajinan,6970000.0,18.0,Pematangsiantar,Sumatera Utara
NS002289,NIK0002289,1986-12-19,P,Jasa Jahit,11990000.0,4.0,Parepare,Sulawesi Selatan
NS002290,NIK0002290,1977-04-10,P,Perikanan,4460000.0,12.0,Medan,Sumatera Utara
NS002291,NIK0002291,1968-10-31,P,Laundry,2600000.0,14.0,Malang,Jawa Timur
NS002292,NIK0002292,1987-08-23,P,Pedagang Pasar,3650000.0,13.0,bandung,Jawa Barat
NS002293,NIK0002293,2003-07-12,P,Warung Kelontong,5810000.0,9.0,Bekasi,Jawa Barat
NS002294,NIK0002294,1963-02-15,P,Toko Bangunan,4310000.0,8.0,Gresik,Jawa Timur
NS002295,NIK0002295,1966-12-25,P,Jasa Jahit,3960000.0,16.0,Jember,Jawa Timur
NS002296,NIK0002296,1965-10-18,L,Perikanan,5580000.0,16.0,Denpasar,Bali
NS002297,NIK0002297,1963-04-12,P,LAINNYA,6430000.0,19.0,Jember,Jawa Timur
NS002298,NIK0002298,1993-01-04,P,Toko Bangunan,2880000.0,15.0,Magelang,Jawa Tengah
NS002299,NIK0002299,1981-11-21,L,Salon,1390000.0,17.0,Magelang,Jawa Tengah
NS002300,NIK0002300,1981-12-06,P,Perikanan,3430000.0,7.0,Medan,Sumatera Utara
NS002301,NIK0002301,1997-07-24,L,Toko Bangunan,5920000.0,20.0,MEDAN,Sumatera Utara
NS002302,NIK0002302,1998-07-20,L,Toko Bangunan,4800000.0,21.0,Makassar,Sulawesi Selatan
NS002303,NIK0002303,1977-05-30,L,Kuliner,5470000.0,1.0,Solo,Jawa Tengah
NS002304,NIK0002304,1981-06-10,L,Salon,21210000.0,1.0,Pematangsiantar,Sumatera Utara
NS002305,NIK0002305,1964-07-21,P,Pedagang Pasar,8420000.0,20.0,Bogor,Jawa Barat
NS002306,NIK0002306,1992-02-09,P,Kuliner,4420000.0,19.0,Solo,Jawa Tengah
NS002307,NIK0002307,1964-09-02,L,Salon,6850000.0,13.0,Gresik,Jawa Timur
NS002308,NIK0002308,1971-04-07,P,Salon,2270000.0,13.0,Magelang,Jawa Tengah
NS002309,NIK0002309,1964-08-08,P,Pertanian,6590000.0,5.0,Cirebon,Jawa Barat
NS002310,NIK0002310,1990-09-12,L,Pedagang Pasar,3890000.0,6.0,bogor,Jawa Barat
NS002311,NIK0002311,1972-04-10,P,Laundry,1850000.0,17.0,Medan,Sumatera Utara
NS002312,NIK0002312,1975-09-14,L,Pedagang Pasar,10650000.0,5.0,Sidoarjo,Jawa Timur
NS002313,NIK0002313,1998-06-04,L,Jasa Jahit,,1.0,Makassar,Sulawesi Selatan
NS002314,NIK0002314,1962-08-08,L,Pertanian,6950000.0,1.0,Bogor,Jawa Barat
NS002315,NIK0002315,1992-05-11,L,Tidak Diketahui,3350000.0,9.0,Makassar,Sulawesi Selatan
NS002316,NIK0002316,1964-07-05,L,Kerajinan,6600000.0,5.0,Kediri,Jawa Timur
NS002317,NIK0002317,1987-05-15,L,Kerajinan,7360000.0,20.0,Pematangsiantar,Sumatera Utara
NS002318,NIK0002318,1988-01-12,P,Perikanan,3770000.0,14.0,Kudus,Jawa Tengah
NS002319,NIK0002319,1986-02-17,P,Tidak Diketahui,2260000.0,18.0,Bekasi,Jawa Barat
NS002320,NIK0002320,1966-12-13,P,Kerajinan,,9.0,Sidoarjo,Jawa Timur
NS002321,NIK0002321,1970-10-11,P,Jasa Jahit,3400000.0,16.0,Kudus,Jawa Tengah
NS002322,NIK0002322,1991-08-03,P,Salon,8440000.0,11.0,Cirebon ,Jawa Barat
NS002323,NIK0002323,1969-01-10,L,Pedagang Pasar,3190000.0,18.0,Surabaya,Jawa Timur
NS002324,NIK0002324,1985-04-30,L,Pedagang Pasar,3050000.0,11.0,Magelang,Jawa Tengah
NS002325,NIK0002325,1973-12-04,L,Pedagang Pasar,2380000.0,13.0,Solo,Jawa Tengah
NS002326,NIK0002326,1984-12-22,P,Warung Kelontong,5560000.0,5.0,Surabaya,Jawa Timur
NS002327,NIK0002327,1976-09-05,L,Toko Bangunan,5760000.0,14.0,Bandung,Jawa Barat
NS002328,NIK0002328,1966-04-30,P,Pertanian,4930000.0,12.0,Magelang,Jawa Tengah
NS002329,NIK0002329,1964-10-30,P,Warung Kelontong,4020000.0,20.0,Semarang,Jawa Tengah
NS002330,NIK0002330,1981-02-05,P,Kerajinan,3450000.0,15.0,Sidoarjo,Jawa Timur
NS002331,NIK0002331,1982-06-08,L,Peternakan,2170000.0,5.0,Jember,Jawa Timur
NS002332,NIK0002332,1974-01-02,P,Peternakan,6060000.0,11.0,Parepare,Sulawesi Selatan
NS002333,NIK0002333,1990-01-24,P,Laundry,2440000.0,9.0,Kudus,Jawa Tengah
NS002334,NIK0002334,1988-02-16,P,Salon,2230000.0,5.0,Bandung,Jawa Barat
NS002335,NIK0002335,1963-05-25,L,Pertanian,11270000.0,19.0,Denpasar,Bali
NS002336,NIK0002336,1981-03-10,P,Salon,4380000.0,15.0,  Bogor,Jawa Barat
NS002337,NIK0002337,1974-01-13,P,Toko Bangunan,2500000.0,12.0,Jember,Jawa Timur
NS002338,NIK0002338,1977-05-29,L,Tidak Diketahui,5340000.0,16.0,Magelang,Jawa Tengah
NS002339,NIK0002339,1982-06-04,L,LAINNYA,4260000.0,6.0,Pematangsiantar,Sumatera Utara
NS002340,NIK0002340,1972-06-03,P,Jasa Jahit,4070000.0,1.0,Semarang,Jawa Tengah
NS002341,NIK0002341,1975-07-04,L,Kerajinan,3410000.0,5.0,Jember,Jawa Timur
NS002342,NIK0002342,1968-07-29,P,Salon,5520000.0,11.0,Makassar,Sulawesi Selatan
NS002343,NIK0002343,2003-05-01,L,Pedagang Pasar,1290000.0,20.0,singaraja,Bali
NS002344,NIK0002344,1979-02-28,P,Kuliner,13020000.0,12.0,Bekasi,Jawa Barat
NS002345,NIK0002345,2003-12-25,P,Salon,7310000.0,17.0,Jember,Jawa Timur
NS002346,NIK0002346,1989-05-17,P,Salon,,19.0,Malang,Jawa Timur
NS002347,NIK0002347,1967-01-30,L,Warung Kelontong,8750000.0,1.0,Surabaya,Jawa Timur
NS002348,NIK0002348,1983-05-07,L,Pertanian,3550000.0,7.0,Singaraja,Bali
NS002349,NIK0002349,1961-10-26,L,Jasa Jahit,6890000.0,19.0,SURABAYA,Jawa Timur
NS002350,NIK0002350,1991-03-09,P,Toko Bangunan,3910000.0,20.0,Bandung,Jawa Barat
NS002351,NIK0002351,1977-07-05,L,Perikanan,4020000.0,18.0,Surabaya,Jawa Timur
NS002352,NIK0002352,1993-10-12,L,Perikanan,4180000.0,3.0,Sidoarjo,Jawa Timur
NS002353,NIK0002353,1971-11-05,L,Perikanan,,20.0,Denpasar,Bali
NS002354,NIK0002354,1990-11-09,P,Salon,6130000.0,3.0,Solo ,Jawa Tengah
NS002355,NIK0002355,1995-08-09,P,Bengkel,3500000.0,18.0,bekasi,Jawa Barat
NS002356,NIK0002356,2003-04-26,P,Laundry,3350000.0,14.0,Sidoarjo,Jawa Timur
NS002357,NIK0002357,1976-03-31,P,Pedagang Pasar,8220000.0,6.0,Malang,Jawa Timur
NS002358,NIK0002358,1973-03-21,P,Toko Bangunan,10390000.0,11.0,Kudus,Jawa Tengah
NS002359,NIK0002359,1997-05-23,L,Salon,5410000.0,3.0,Cirebon,Jawa Barat
NS002360,NIK0002360,1982-01-12,P,Kuliner,11470000.0,15.0,Bogor,Jawa Barat
NS002361,NIK0002361,1965-08-26,P,LAINNYA,6260000.0,15.0,Kudus,Jawa Tengah
NS002362,NIK0002362,1980-09-28,P,Laundry,6180000.0,15.0,Gresik,Jawa Timur
NS002363,NIK0002363,1997-06-17,P,Toko Bangunan,4470000.0,19.0,Singaraja,Bali
NS002364,NIK0002364,1998-04-29,P,Jasa Jahit,6462500.0,8.0,Kediri,Jawa Timur
NS002365,NIK0002365,1993-02-27,L,Perikanan,3250000.0,8.0,Pematangsiantar,Sumatera Utara
NS002366,NIK0002366,1974-10-20,L,Pedagang Pasar,4430000.0,14.0,Parepare,Sulawesi Selatan
NS002367,NIK0002367,1976-02-09,L,Warung Kelontong,1310000.0,9.0,Malang,Jawa Timur
NS002368,NIK0002368,1968-12-17,P,Laundry,3020000.0,13.0,Jember,Jawa Timur
NS002369,NIK0002369,1989-06-10,P,Pertanian,3330000.0,4.0,Medan,Sumatera Utara
NS002370,NIK0002370,2000-03-11,L,Laundry,7230000.0,19.0,Malang,Jawa Timur
NS002371,NIK0002371,1991-01-01,L,Warung Kelontong,5620000.0,10.0,Kudus ,Jawa Tengah
NS002372,NIK0002372,2001-12-16,L,Laundry,3750000.0,13.0,Cirebon,Jawa Barat
NS002373,NIK0002373,1995-02-13,L,Toko Bangunan,6610000.0,7.0,Pematangsiantar,Sumatera Utara
NS002374,NIK0002374,1980-11-17,P,Warung Kelontong,4630000.0,12.0,Bogor,Jawa Barat
NS002375,NIK0002375,1970-02-14,P,Pertanian,5080000.0,13.0,Surabaya,Jawa Timur
NS002376,NIK0002376,1982-08-28,P,Salon,3670000.0,6.0,Kediri,Jawa Timur
NS002377,NIK0002377,1985-10-14,P,Toko Bangunan,4860000.0,10.0,singaraja,Bali
NS002378,NIK0002378,1962-04-24,P,Laundry,4580000.0,9.0,Surabaya,Jawa Timur
NS002379,NIK0002379,1979-09-01,L,Salon,3500000.0,10.0,Solo,Jawa Tengah
NS002380,NIK0002380,1981-08-30,P,Pertanian,,10.0,Medan,Sumatera Utara
NS002381,NIK0002381,1990-01-22,P,Warung Kelontong,2450000.0,4.0,Semarang,Jawa Tengah
NS002382,NIK0002382,1974-10-13,L,Kuliner,5250000.0,2.0,Kudus,Jawa Tengah
NS002383,NIK0002383,2002-04-04,L,Perikanan,3240000.0,6.0,medan,Sumatera Utara
NS002384,NIK0002384,1982-09-25,P,Pedagang Pasar,8770000.0,3.0,  Surabaya,Jawa Timur
NS002385,NIK0002385,1993-02-28,P,Bengkel,1680000.0,7.0,Gresik,Jawa Timur
NS002386,NIK0002386,1962-08-17,P,Toko Bangunan,4900000.0,1.0,Parepare,Sulawesi Selatan
NS002387,NIK0002387,1985-07-08,P,Pertanian,3820000.0,10.0,Bandung,Jawa Barat
NS002388,NIK0002388,2000-03-11,P,Toko Bangunan,5680000.0,21.0,Kudus,Jawa Tengah
NS002389,NIK0002389,1969-09-20,P,Pertanian,8760000.0,6.0,Bdg,Jawa Barat
NS002390,NIK0002390,1967-10-25,L,Laundry,5730000.0,15.0,Magelang,Jawa Tengah
NS002391,NIK0002391,1971-11-18,L,Tidak Diketahui,1300000.0,14.0,Bekasi,Jawa Barat
NS002392,NIK0002392,1965-10-08,L,Laundry,7296750.0,3.0,Cirebon,Jawa Barat
NS002393,NIK0002393,2000-09-11,L,Toko Bangunan,1830000.0,15.0,Makassar,Sulawesi Selatan
NS002394,NIK0002394,1983-06-01,P,Warung Kelontong,2230000.0,1.0,Surabaya,Jawa Timur
NS002395,NIK0002395,1998-03-01,L,Kerajinan,5050000.0,5.0,Bandung,Jawa Barat
NS002396,NIK0002396,1962-07-30,P,Laundry,9050000.0,3.0,Cirebon,Jawa Barat
NS002397,NIK0002397,2002-06-06,P,Tidak Diketahui,4660000.0,4.0,Malang,Jawa Timur
NS002398,NIK0002398,1976-04-19,L,Salon,2480000.0,17.0,Semarang,Jawa Tengah
NS002399,NIK0002399,2001-04-21,P,Pertanian,4920000.0,9.0,Jember,Jawa Timur
NS002400,NIK0002400,1982-12-05,P,Pertanian,3680000.0,9.0,Jember,Jawa Timur
NS002401,NIK0002401,1968-05-06,P,Kerajinan,5900000.0,3.0,Makassar,Sulawesi Selatan
NS002402,NIK0002402,1973-03-09,P,Bengkel,5110000.0,17.0,Singaraja ,Bali
NS002403,NIK0002403,1983-09-06,P,Perikanan,5680000.0,12.0,Kudus,Jawa Tengah
NS002404,NIK0002404,2002-10-28,P,Kerajinan,3620000.0,6.0,MEDAN,Sumatera Utara
NS002405,NIK0002405,1980-10-26,P,Peternakan,4500000.0,21.0,Makassar,Sulawesi Selatan
NS002406,NIK0002406,1972-09-11,L,Salon,6070000.0,8.0,Gresik,Jawa Timur
NS002407,NIK0002407,1976-06-13,L,Pertanian,4220000.0,18.0,Gresik,Jawa Timur
NS002408,NIK0002408,1984-03-16,P,Pertanian,,10.0,Parepare,Sulawesi Selatan
NS002409,NIK0002409,1973-07-22,P,Bengkel,2560000.0,8.0,Kudus,Jawa Tengah
NS002410,NIK0002410,1965-12-08,P,Bengkel,10870000.0,1.0,Cirebon,Jawa Barat
NS002411,NIK0002411,2003-03-16,P,Perikanan,2770000.0,11.0,Parepare,Sulawesi Selatan
NS002412,NIK0002412,1961-04-23,P,Perikanan,4470000.0,8.0,Bekasi,Jawa Barat
NS002413,NIK0002413,1976-03-27,L,Salon,7390000.0,13.0,Singaraja ,Bali
NS002414,NIK0002414,2000-08-26,L,Toko Bangunan,2370000.0,9.0,Makassar,Sulawesi Selatan
NS002415,NIK0002415,1970-09-06,L,Kuliner,3450000.0,18.0,Semarang,Jawa Tengah
NS002416,NIK0002416,1960-08-15,L,Bengkel,4900000.0,17.0,Medan,Sumatera Utara
NS002417,NIK0002417,1983-12-05,P,Warung Kelontong,266250000.0,20.0,Malang,Jawa Timur
NS002418,NIK0002418,1979-09-12,P,Kerajinan,3860000.0,1.0,Kudus ,Jawa Tengah
NS002419,NIK0002419,1992-03-03,L,Jasa Jahit,6740000.0,14.0,Kediri,Jawa Timur
NS002420,NIK0002420,1966-12-07,P,LAINNYA,13720000.0,3.0,Makassar,Sulawesi Selatan
NS002421,NIK0002421,1961-11-22,P,Perikanan,3220000.0,6.0,Sidoarjo,Jawa Timur
NS002422,NIK0002422,1992-07-26,P,Kuliner,7960000.0,1.0,Magelang,Jawa Tengah
NS002423,NIK0002423,1996-02-21,P,Kuliner,1240000.0,21.0,Malang ,Jawa Timur
NS002424,NIK0002424,1976-11-02,L,Toko Bangunan,,18.0,Pematangsiantar,Sumatera Utara
NS002425,NIK0002425,1960-01-19,P,Perikanan,7220000.0,9.0,Jember,Jawa Timur
NS002426,NIK0002426,1975-06-01,L,Laundry,9380000.0,18.0,Singaraja,Bali
NS002427,NIK0002427,1996-07-17,P,Kuliner,562350000.0,13.0,Parepare,Sulawesi Selatan
NS002428,NIK0002428,1998-10-30,P,Peternakan,4140000.0,21.0,Makassar,Sulawesi Selatan
NS002429,NIK0002429,1986-05-27,P,Kerajinan,3310000.0,18.0,Solo,Jawa Tengah
NS002430,NIK0002430,1985-11-20,L,Peternakan,5950000.0,2.0,Kudus,Jawa Tengah
NS002431,NIK0002431,2003-03-19,P,Pedagang Pasar,4210000.0,17.0,Bekasi,Jawa Barat
NS002432,NIK0002432,1967-10-25,P,Kuliner,,13.0,Kediri,Jawa Timur
NS002433,NIK0002433,1990-05-30,L,LAINNYA,9040000.0,6.0,Makassar,Sulawesi Selatan
NS002434,NIK0002434,1968-04-10,P,Kuliner,4970000.0,13.0,Cirebon,Jawa Barat
NS002435,NIK0002435,1974-05-25,P,Laundry,6170000.0,1.0,Solo,Jawa Tengah
NS002436,NIK0002436,1979-09-28,L,Warung Kelontong,8190000.0,1.0,Kudus,Jawa Tengah
NS002437,NIK0002437,1988-10-07,P,Salon,1820000.0,15.0,Gresik,Jawa Timur
NS002438,NIK0002438,1967-12-19,P,Pedagang Pasar,2510000.0,7.0,Sidoarjo,Jawa Timur
NS002439,NIK0002439,1996-12-26,L,Perikanan,6770000.0,3.0,Magelang,Jawa Tengah
NS002440,NIK0002440,1971-01-02,P,Laundry,2040000.0,6.0,Parepare,Sulawesi Selatan
NS002441,NIK0002441,1966-08-03,P,Pedagang Pasar,4590000.0,1.0,Makassar,Sulawesi Selatan
NS002442,NIK0002442,2002-10-12,P,Warung Kelontong,6190000.0,12.0,Singaraja,Bali
NS002443,NIK0002443,1983-11-14,P,Bengkel,2290000.0,3.0,Singaraja,Bali
NS002444,NIK0002444,1988-08-30,P,Pertanian,6380000.0,19.0,Bekasi,Jawa Barat
NS002445,NIK0002445,2003-10-18,L,Pedagang Pasar,,1.0,Pematangsiantar,Sumatera Utara
NS002446,NIK0002446,1979-04-22,P,Tidak Diketahui,3640000.0,8.0,Solo,Jawa Tengah
NS002447,NIK0002447,1991-10-14,L,Kuliner,6680000.0,7.0,Kediri,Jawa Timur
NS002448,NIK0002448,1992-01-17,P,Laundry,5780000.0,4.0,Cirebon,Jawa Barat
NS002449,NIK0002449,1967-06-08,L,Warung Kelontong,7850000.0,13.0,Denpasar,Bali
NS002450,NIK0002450,1993-09-25,P,Toko Bangunan,1760000.0,7.0,Denpasar,Bali
NS002451,NIK0002451,1976-10-30,P,Laundry,1420000.0,12.0,Kediri,Jawa Timur
NS002452,NIK0002452,1971-12-27,P,Kuliner,3460000.0,11.0,Jember,Jawa Timur
NS002453,NIK0002453,1971-01-17,P,Laundry,7280000.0,20.0,Singaraja,Bali
NS002454,NIK0002454,1962-02-14,L,Toko Bangunan,7140000.0,20.0,Semarang,Jawa Tengah
NS002455,NIK0002455,1960-05-07,P,Perikanan,5110000.0,17.0,Makassar,Sulawesi Selatan
NS002456,NIK0002456,1964-05-12,P,Tidak Diketahui,4370000.0,1.0,Makassar,Sulawesi Selatan
NS002457,NIK0002457,1973-01-22,L,Laundry,2330000.0,13.0,Bandung,Jawa Barat
NS002458,NIK0002458,1974-08-01,P,Kuliner,3050000.0,15.0,Medan,Sumatera Utara
NS002459,NIK0002459,1992-02-25,L,Jasa Jahit,3870000.0,6.0,Malang,Jawa Timur
NS002460,NIK0002460,1991-01-25,P,Toko Bangunan,6350000.0,7.0,Malang,Jawa Timur
NS002461,NIK0002461,1993-04-04,L,Peternakan,16260000.0,21.0,Bandung,Jawa Barat
NS002462,NIK0002462,1972-09-24,P,Jasa Jahit,4410000.0,15.0,Kediri,Jawa Timur
NS002463,NIK0002463,1980-11-14,L,Bengkel,2860000.0,5.0,Bogor,Jawa Barat
NS002464,NIK0002464,1971-01-08,L,Pedagang Pasar,,6.0,Makassar,Sulawesi Selatan
NS002465,NIK0002465,1963-07-23,P,Pedagang Pasar,5990000.0,6.0,Semarang,Jawa Tengah
NS002466,NIK0002466,2001-03-16,L,Pedagang Pasar,2930000.0,12.0,Cirebon,Jawa Barat
NS002467,NIK0002467,1961-09-11,L,Pertanian,3970000.0,5.0,Sidoarjo,Jawa Timur
NS002468,NIK0002468,1970-02-16,P,Pertanian,6640000.0,11.0,Gresik,Jawa Timur
NS002469,NIK0002469,1989-08-21,L,Laundry,4040000.0,20.0,Medan,Sumatera Utara
NS002470,NIK0002470,1979-05-10,P,Bengkel,3720000.0,5.0,Makassar,Sulawesi Selatan
NS002471,NIK0002471,1989-07-23,P,Tidak Diketahui,6160000.0,8.0,Parepare,Sulawesi Selatan
NS002472,NIK0002472,1993-05-11,P,Salon,3620000.0,21.0,Magelang,Jawa Tengah
NS002473,NIK0002473,1976-03-26,P,Peternakan,,15.0,Makassar,Sulawesi Selatan
NS002474,NIK0002474,1976-10-13,P,Laundry,3560000.0,13.0,Semarang,Jawa Tengah
NS002475,NIK0002475,1992-01-02,P,Kuliner,5460000.0,7.0,Denpasar,Bali
NS002476,NIK0002476,1977-05-05,P,Bengkel,8710000.0,6.0,Bekasi,Jawa Barat
NS002477,NIK0002477,1970-09-19,P,Toko Bangunan,2610000.0,19.0,Bogor,Jawa Barat
NS002478,NIK0002478,1965-03-28,P,Pertanian,2690000.0,13.0,Denpasar,Bali
NS002479,NIK0002479,1973-03-20,P,Peternakan,3120000.0,2.0,Solo,Jawa Tengah
NS002480,NIK0002480,1995-05-03,L,Toko Bangunan,4080000.0,12.0,Kudus,Jawa Tengah
NS002481,NIK0002481,1969-10-01,L,Toko Bangunan,10620000.0,6.0,Singaraja,Bali
NS002482,NIK0002482,1965-03-07,P,Toko Bangunan,7350000.0,3.0,PEMATANGSIANTAR,Sumatera Utara
NS002483,NIK0002483,1969-02-28,L,LAINNYA,4360000.0,10.0,Bekasi,Jawa Barat
NS002484,NIK0002484,1968-05-08,L,Jasa Jahit,8950000.0,9.0,Jember,Jawa Timur
NS002485,NIK0002485,1964-07-27,L,Warung Kelontong,4460000.0,5.0,Surabaya,Jawa Timur
NS002486,NIK0002486,1973-04-17,P,Tidak Diketahui,5040000.0,17.0,Jember,Jawa Timur
NS002487,NIK0002487,2001-01-31,L,Pedagang Pasar,5550000.0,11.0,Makassar,Sulawesi Selatan
NS002488,NIK0002488,1984-06-10,P,Jasa Jahit,5830000.0,13.0,Kediri,Jawa Timur
NS002489,NIK0002489,1976-08-23,P,Kerajinan,4160000.0,8.0,Semarang,Jawa Tengah
NS002490,NIK0002490,1973-12-25,L,Kuliner,4300000.0,14.0,PAREPARE,Sulawesi Selatan
NS002491,NIK0002491,1980-08-11,P,Perikanan,3920000.0,6.0,Singaraja,Bali
NS002492,NIK0002492,1996-03-11,P,Perikanan,12510000.0,17.0,Surabaya,Jawa Timur
NS002493,NIK0002493,2000-09-06,P,Pertanian,3120000.0,10.0,Kediri,Jawa Timur
NS002494,NIK0002494,1980-02-02,P,Peternakan,1720000.0,1.0,denpasar,Bali
NS002495,NIK0002495,1968-12-13,P,Laundry,6670000.0,16.0,Gresik,Jawa Timur
NS002496,NIK0002496,1996-11-29,P,Jasa Jahit,2930000.0,4.0,Solo,Jawa Tengah
NS002497,NIK0002497,1978-07-28,L,Peternakan,5950000.0,10.0,Gresik,Jawa Timur
NS002498,NIK0002498,1986-05-12,P,Kuliner,5260000.0,1.0,Cirebon,Jawa Barat
NS002499,NIK0002499,1975-08-12,P,Tidak Diketahui,,4.0,Makassar,Sulawesi Selatan
NS002500,NIK0002500,2002-05-10,L,Kuliner,4800000.0,9.0,Malang,Jawa Timur
NS002501,NIK0002501,1983-08-05,P,Perikanan,2070000.0,12.0,Makassar,Sulawesi Selatan
NS002502,NIK0002502,1991-07-03,P,Peternakan,5540000.0,12.0,Makassar,Sulawesi Selatan
NS002503,NIK0002503,1999-10-25,L,Jasa Jahit,13180000.0,6.0,Gresik,Jawa Timur
NS002504,NIK0002504,1971-07-04,L,LAINNYA,3740000.0,15.0,Singaraja,Bali
NS002505,NIK0002505,1993-03-18,L,Jasa Jahit,2300000.0,11.0,Denpasar,Bali
NS002506,NIK0002506,1965-05-08,L,Pedagang Pasar,4200000.0,17.0,Kediri,Jawa Timur
NS002507,NIK0002507,1969-05-04,P,Perikanan,,7.0,Sidoarjo,Jawa Timur
NS002508,NIK0002508,1975-05-26,P,Laundry,6620000.0,15.0,Kudus,Jawa Tengah
NS002509,NIK0002509,1978-09-01,P,Warung Kelontong,15910000.0,15.0,Gresik,Jawa Timur
NS002510,NIK0002510,1961-07-15,P,Kerajinan,6380000.0,4.0,Cirebon,Jawa Barat
NS002511,NIK0002511,2002-09-03,L,Kerajinan,4490000.0,2.0,Bekasi ,Jawa Barat
NS002512,NIK0002512,1963-03-01,P,Warung Kelontong,12580000.0,9.0,Cirebon,Jawa Barat
NS002513,NIK0002513,1979-06-27,P,Kuliner,11009750.0,7.0,Gresik,Jawa Timur
NS002514,NIK0002514,1992-10-06,L,Pedagang Pasar,3980000.0,16.0,Bekasi,Jawa Barat
NS002515,NIK0002515,1977-08-07,P,Salon,6870000.0,11.0,DENPASAR,Bali
NS002516,NIK0002516,1982-03-23,L,Jasa Jahit,5680000.0,4.0,Surabaya,Jawa Timur
NS002517,NIK0002517,1993-04-13,P,Jasa Jahit,4330000.0,4.0,Solo,Jawa Tengah
NS002518,NIK0002518,1978-07-15,L,Toko Bangunan,3150000.0,16.0,Semarang,Jawa Tengah
NS002519,NIK0002519,1978-04-06,P,Kuliner,3410000.0,11.0,Jember,Jawa Timur
NS002520,NIK0002520,1995-02-01,L,Toko Bangunan,5560000.0,11.0,Jember ,Jawa Timur
NS002521,NIK0002521,1994-12-16,P,Kerajinan,2560000.0,11.0,Parepare,Sulawesi Selatan
NS002522,NIK0002522,1963-12-07,L,Toko Bangunan,9570000.0,7.0,Pematangsiantar,Sumatera Utara
NS002523,NIK0002523,1992-08-29,P,Bengkel,2260000.0,19.0,Bandung,Jawa Barat
NS002524,NIK0002524,1962-05-07,P,Jasa Jahit,3210000.0,5.0,Sidoarjo,Jawa Timur
NS002525,NIK0002525,1999-01-01,P,Perikanan,4160000.0,8.0,Solo,Jawa Tengah
NS002526,NIK0002526,1987-04-19,P,Pedagang Pasar,5620000.0,5.0,Bogor,Jawa Barat
NS002527,NIK0002527,1989-05-11,L,Kuliner,6180000.0,13.0,Solo,Jawa Tengah
NS002528,NIK0002528,2000-02-19,P,Bengkel,3780000.0,2.0,Singaraja,Bali
NS002529,NIK0002529,1977-12-29,L,Peternakan,3470000.0,12.0,Semarang,Jawa Tengah
NS002530,NIK0002530,1966-01-19,L,Warung Kelontong,4800000.0,2.0,Singaraja,Bali
NS002531,NIK0002531,1985-01-18,P,Tidak Diketahui,9310000.0,20.0,Semarang,Jawa Tengah
NS002532,NIK0002532,1987-06-05,P,Kerajinan,7460000.0,2.0,Surabaya,Jawa Timur
NS002533,NIK0002533,1991-10-16,P,Kuliner,3600000.0,14.0,Pematangsiantar,Sumatera Utara
NS002534,NIK0002534,1974-02-06,L,Perikanan,5530000.0,3.0,Medan,Sumatera Utara
NS002535,NIK0002535,2003-10-19,L,Laundry,8070000.0,11.0,Denpasar,Bali
NS002536,NIK0002536,2000-10-31,P,Pertanian,5300000.0,19.0,Magelang,Jawa Tengah
NS002537,NIK0002537,1970-07-19,L,Pedagang Pasar,5830000.0,15.0,MAGELANG,Jawa Tengah
NS002538,NIK0002538,1975-10-13,P,Toko Bangunan,,10.0,Solo,Jawa Tengah
NS002539,NIK0002539,1984-09-12,L,Kuliner,434520000.0,17.0,Gresik,Jawa Timur
NS002540,NIK0002540,2003-09-01,L,Kerajinan,6610000.0,18.0,Pematangsiantar,Sumatera Utara
NS002541,NIK0002541,2001-03-12,P,Bengkel,8190000.0,11.0,Bandung,Jawa Barat
NS002542,NIK0002542,1966-12-04,L,Jasa Jahit,2490000.0,19.0,Cirebon,Jawa Barat
NS002543,NIK0002543,1986-03-12,P,Bengkel,2030000.0,15.0,Denpasar,Bali
NS002544,NIK0002544,1970-05-08,P,Peternakan,4660000.0,13.0,Kudus,Jawa Tengah
NS002545,NIK0002545,1988-09-23,L,Salon,7090000.0,16.0,Makassar,Sulawesi Selatan
NS002546,NIK0002546,1984-03-20,L,Pedagang Pasar,4710000.0,17.0,Kediri,Jawa Timur
NS002547,NIK0002547,1999-07-03,L,Bengkel,3410000.0,11.0,Cirebon,Jawa Barat
NS002548,NIK0002548,2001-05-11,L,Bengkel,,2.0,Gresik,Jawa Timur
NS002549,NIK0002549,1972-11-07,L,Pedagang Pasar,4700000.0,1.0,Kediri,Jawa Timur
NS002550,NIK0002550,1996-07-16,L,Jasa Jahit,2940000.0,7.0,bekasi,Jawa Barat
NS002551,NIK0002551,1963-02-14,L,Kerajinan,3950000.0,18.0,Surabaya,Jawa Timur
NS002552,NIK0002552,1972-12-08,P,Salon,5870000.0,8.0,Surabaya,Jawa Timur
NS002553,NIK0002553,1988-09-29,L,Perikanan,3330000.0,15.0,Magelang,Jawa Tengah
NS002554,NIK0002554,1971-05-13,L,Kerajinan,6770000.0,20.0,Denpasar,Bali
NS002555,NIK0002555,1966-05-09,P,Toko Bangunan,8240000.0,10.0,Parepare,Sulawesi Selatan
NS002556,NIK0002556,1968-07-04,L,Laundry,5800000.0,10.0,MAGELANG,Jawa Tengah
NS002557,NIK0002557,1961-12-19,P,Salon,6790000.0,5.0,Magelang,Jawa Tengah
NS002558,NIK0002558,1972-09-18,P,Jasa Jahit,2890000.0,21.0,Parepare,Sulawesi Selatan
NS002559,NIK0002559,1993-12-15,L,Salon,7050000.0,14.0,Semarang,Jawa Tengah
NS002560,NIK0002560,1992-09-22,L,Perikanan,1640000.0,14.0,Kediri,Jawa Timur
NS002561,NIK0002561,1996-07-27,P,Peternakan,8150000.0,1.0,Malang,Jawa Timur
NS002562,NIK0002562,1990-09-06,P,Pedagang Pasar,2590000.0,16.0,Semarang,Jawa Tengah
NS002563,NIK0002563,1996-11-19,P,Jasa Jahit,1400000.0,8.0,Pematangsiantar,Sumatera Utara
NS002564,NIK0002564,1979-06-28,P,Pertanian,2650000.0,20.0,Jember,Jawa Timur
NS002565,NIK0002565,1991-11-10,L,Pertanian,14360000.0,7.0,Semarang,Jawa Tengah
NS002566,NIK0002566,1977-01-25,P,Toko Bangunan,19680000.0,13.0,Bekasi,Jawa Barat
NS002567,NIK0002567,2000-03-23,L,Toko Bangunan,5990000.0,10.0,Bogor,Jawa Barat
NS002568,NIK0002568,1971-06-09,P,Warung Kelontong,5870000.0,3.0,Denpasar,Bali
NS002569,NIK0002569,1989-12-20,P,Kerajinan,8570000.0,2.0,Makassar,Sulawesi Selatan
NS002570,NIK0002570,2000-09-14,P,Warung Kelontong,2830000.0,16.0,Magelang ,Jawa Tengah
NS002571,NIK0002571,1994-05-31,P,Kerajinan,4110000.0,5.0,Medan,Sumatera Utara
NS002572,NIK0002572,1979-06-25,P,Kuliner,,20.0,Surabaya,Jawa Timur
NS002573,NIK0002573,1998-03-31,P,Peternakan,5380000.0,12.0,Jember,Jawa Timur
NS002574,NIK0002574,1966-09-14,P,Warung Kelontong,,20.0,Surabaya,Jawa Timur
NS002575,NIK0002575,1995-11-14,L,Tidak Diketahui,4850000.0,6.0,Malang,Jawa Timur
NS002576,NIK0002576,1994-05-18,P,Kuliner,3190000.0,3.0,Denpasar,Bali
NS002577,NIK0002577,1970-05-31,P,Bengkel,9410000.0,17.0,Jember,Jawa Timur
NS002578,NIK0002578,1977-09-14,P,Kuliner,2700000.0,17.0,Jember,Jawa Timur
NS002579,NIK0002579,2003-09-12,P,Salon,7600000.0,3.0,Magelang,Jawa Tengah
NS002580,NIK0002580,1984-10-01,L,Warung Kelontong,3500000.0,5.0,Denpasar,Bali
NS002581,NIK0002581,1999-03-28,P,Kuliner,5000000.0,7.0,Kudus,Jawa Tengah
NS002582,NIK0002582,1960-03-30,L,Toko Bangunan,5080000.0,5.0,Denpasar,Bali
NS002583,NIK0002583,1963-11-15,L,Kuliner,3780000.0,5.0,Singaraja,Bali
NS002584,NIK0002584,1983-07-21,P,Tidak Diketahui,6560000.0,17.0,Kudus,Jawa Tengah
NS002585,NIK0002585,1979-09-02,P,Perikanan,5370000.0,18.0,Cirebon,Jawa Barat
NS002586,NIK0002586,1966-01-30,P,Laundry,9600000.0,20.0,Kediri,Jawa Timur
NS002587,NIK0002587,1997-12-06,P,Pedagang Pasar,2460000.0,15.0,Bandung,Jawa Barat
NS002588,NIK0002588,1998-01-19,P,Warung Kelontong,1830000.0,4.0,Singaraja,Bali
NS002589,NIK0002589,2001-11-25,L,Pertanian,4370000.0,13.0,Semarang,Jawa Tengah
NS002590,NIK0002590,1971-09-26,P,Kuliner,2580000.0,10.0,Kediri,Jawa Timur
NS002591,NIK0002591,1994-12-27,P,Perikanan,6560000.0,17.0,Parepare,Sulawesi Selatan
NS002592,NIK0002592,1965-09-06,P,Laundry,3420000.0,8.0,Parepare,Sulawesi Selatan
NS002593,NIK0002593,1978-11-10,L,Warung Kelontong,,10.0,Jember,Jawa Timur
NS002594,NIK0002594,1995-04-23,L,Pertanian,149878750.0,21.0,Denpasar,Bali
NS002595,NIK0002595,2001-10-13,L,Peternakan,5580000.0,9.0,Sidoarjo,Jawa Timur
NS002596,NIK0002596,1964-12-01,P,Warung Kelontong,2190000.0,7.0,Malang ,Jawa Timur
NS002597,NIK0002597,1967-05-19,P,Kerajinan,3640000.0,4.0,Pematangsiantar,Sumatera Utara
NS002598,NIK0002598,1974-02-21,P,Jasa Jahit,2900000.0,4.0,Kudus,Jawa Tengah
NS002599,NIK0002599,1995-04-17,L,Kuliner,3680000.0,1.0,Bekasi,Jawa Barat
NS002600,NIK0002600,2002-03-20,P,Kerajinan,3850000.0,13.0,Kediri,Jawa Timur
NS002601,NIK0002601,1994-03-26,P,Perikanan,2090000.0,21.0,Semarang,Jawa Tengah
NS002602,NIK0002602,1983-04-20,L,Laundry,,17.0,Sidoarjo,Jawa Timur
NS002603,NIK0002603,2003-02-25,P,Warung Kelontong,3880000.0,6.0,Denpasar,Bali
NS002604,NIK0002604,2000-06-06,P,Peternakan,6210000.0,5.0,sidoarjo,Jawa Timur
NS002605,NIK0002605,1967-01-23,P,Toko Bangunan,10670000.0,2.0,Parepare,Sulawesi Selatan
NS002606,NIK0002606,1988-02-04,P,Pedagang Pasar,41820000.0,1.0,  Denpasar,Bali
NS002607,NIK0002607,1967-09-20,L,Perikanan,1650000.0,11.0,Bogor ,Jawa Barat
NS002608,NIK0002608,1964-03-10,L,Laundry,7970000.0,9.0,Parepare,Sulawesi Selatan
NS002609,NIK0002609,1975-03-08,L,Salon,3160000.0,17.0,Jember,Jawa Timur
NS002610,NIK0002610,1980-03-29,P,Toko Bangunan,4020000.0,21.0,Surabaya,Jawa Timur
NS002611,NIK0002611,2000-10-23,P,Peternakan,6820000.0,18.0,Malang,Jawa Timur
NS002612,NIK0002612,1978-08-22,P,Bengkel,3010000.0,13.0,Kudus,Jawa Tengah
NS002613,NIK0002613,2003-10-02,L,Kerajinan,4650000.0,3.0,Surabaya,Jawa Timur
NS002614,NIK0002614,1975-07-03,P,Jasa Jahit,5430000.0,17.0,Sidoarjo,Jawa Timur
NS002615,NIK0002615,1962-12-12,L,Peternakan,3750000.0,2.0,Gresik,Jawa Timur
NS002616,NIK0002616,1987-06-10,L,Pedagang Pasar,8750000.0,4.0,Cirebon,Jawa Barat
NS002617,NIK0002617,1988-08-13,P,Kuliner,5780000.0,16.0,JEMBER,Jawa Timur
NS002618,NIK0002618,1981-04-02,P,Salon,2070000.0,8.0,Sidoarjo,Jawa Timur
NS002619,NIK0002619,1963-02-06,L,Pertanian,4660000.0,16.0,Semarang,Jawa Tengah
NS002620,NIK0002620,1990-01-12,P,Toko Bangunan,2940000.0,12.0,Malang,Jawa Timur
NS002621,NIK0002621,1960-04-13,P,Perikanan,2660000.0,1.0,Cirebon,Jawa Barat
NS002622,NIK0002622,1975-10-06,P,Peternakan,4400000.0,4.0,Medan,Sumatera Utara
NS002623,NIK0002623,1982-10-20,L,Toko Bangunan,5120000.0,21.0,Surabaya,Jawa Timur
NS002624,NIK0002624,1979-02-16,P,Kuliner,2650000.0,3.0,Magelang,Jawa Tengah
NS002625,NIK0002625,1960-06-07,P,Peternakan,,17.0,Bekasi,Jawa Barat
NS002626,NIK0002626,1971-02-16,P,Warung Kelontong,3290000.0,19.0,Jember,Jawa Timur
NS002627,NIK0002627,1970-06-08,P,Kerajinan,1990000.0,9.0,Makassar,Sulawesi Selatan
NS002628,NIK0002628,1997-05-10,L,Salon,2880000.0,12.0,Medan,Sumatera Utara
NS002629,NIK0002629,1995-06-11,P,Jasa Jahit,6810000.0,9.0,Jember,Jawa Timur
NS002630,NIK0002630,1993-08-26,P,Pertanian,3760000.0,18.0,Kudus,Jawa Tengah
NS002631,NIK0002631,1972-09-16,L,Tidak Diketahui,2760000.0,17.0,Makassar,Sulawesi Selatan
NS002632,NIK0002632,1978-06-19,P,Toko Bangunan,13430000.0,11.0,Bogor,Jawa Barat
NS002633,NIK0002633,1974-03-10,L,Tidak Diketahui,4080000.0,8.0,Singaraja,Bali
NS002634,NIK0002634,2003-09-15,P,Laundry,3130000.0,10.0,Gresik,Jawa Timur
NS002635,NIK0002635,1998-01-15,P,Jasa Jahit,4920000.0,5.0,Singaraja,Bali
NS002636,NIK0002636,1977-03-10,L,Pedagang Pasar,3240000.0,19.0,Bogor,Jawa Barat
NS002637,NIK0002637,1993-02-27,L,Salon,8040000.0,8.0,Semarang,Jawa Tengah
NS002638,NIK0002638,1999-03-30,P,Tidak Diketahui,2980000.0,17.0,Bogor,Jawa Barat
NS002639,NIK0002639,1987-11-10,P,Kerajinan,5280000.0,18.0,Pematangsiantar,Sumatera Utara
NS002640,NIK0002640,1991-02-03,P,Warung Kelontong,2280000.0,12.0,Semarang,Jawa Tengah
NS002641,NIK0002641,1980-05-17,L,Toko Bangunan,1680000.0,20.0,Bekasi,Jawa Barat
NS002642,NIK0002642,1978-10-07,L,Pertanian,2040000.0,13.0,  Jember,Jawa Timur
NS002643,NIK0002643,1972-04-22,L,Peternakan,463500000.0,15.0,Kudus,Jawa Tengah
NS002644,NIK0002644,1970-03-17,P,Salon,4820000.0,14.0,Makassar,Sulawesi Selatan
NS002645,NIK0002645,1987-11-24,P,Toko Bangunan,3420000.0,19.0,Kudus,Jawa Tengah
NS002646,NIK0002646,2003-08-14,L,Warung Kelontong,2180000.0,11.0,Jember,Jawa Timur
NS002647,NIK0002647,1983-12-18,L,Jasa Jahit,,19.0,  Bogor,Jawa Barat
NS002648,NIK0002648,1973-06-02,L,Bengkel,2270000.0,11.0,Sidoarjo,Jawa Timur
NS002649,NIK0002649,1984-09-12,P,LAINNYA,2330000.0,11.0,Jember,Jawa Timur
NS002650,NIK0002650,1983-05-09,L,Pertanian,3580000.0,15.0,  Kediri,Jawa Timur
NS002651,NIK0002651,1971-06-22,L,Salon,3900000.0,13.0,Denpasar,Bali
NS002652,NIK0002652,1986-05-14,P,Toko Bangunan,4660000.0,5.0,Malang,Jawa Timur
NS002653,NIK0002653,1962-01-13,P,Bengkel,2950000.0,12.0,Sidoarjo,Jawa Timur
NS002654,NIK0002654,1998-07-12,L,Warung Kelontong,2960000.0,19.0,Gresik,Jawa Timur
NS002655,NIK0002655,1980-01-10,L,Kuliner,1990000.0,6.0,Gresik,Jawa Timur
NS002656,NIK0002656,1976-02-23,L,Peternakan,12070000.0,19.0,Magelang,Jawa Tengah
NS002657,NIK0002657,1991-09-14,L,Warung Kelontong,5250000.0,2.0,Surabaya,Jawa Timur
NS002658,NIK0002658,2003-09-13,P,Perikanan,4170000.0,6.0,SIDOARJO,Jawa Timur
NS002659,NIK0002659,1975-04-15,P,Perikanan,5570000.0,9.0,Kudus,Jawa Tengah
NS002660,NIK0002660,1994-05-31,P,Toko Bangunan,2880000.0,2.0,Solo,Jawa Tengah
NS002661,NIK0002661,1983-04-06,P,Warung Kelontong,4450000.0,20.0,Bandung,Jawa Barat
NS002662,NIK0002662,1998-01-17,L,Bengkel,,21.0,Pematangsiantar ,Sumatera Utara
NS002663,NIK0002663,1997-09-06,P,Peternakan,3190000.0,11.0,Kudus,Jawa Tengah
NS002664,NIK0002664,2000-05-19,P,Kuliner,554880000.0,1.0,Solo,Jawa Tengah
NS002665,NIK0002665,1985-05-27,P,Peternakan,,21.0,Magelang,Jawa Tengah
NS002666,NIK0002666,1992-06-02,L,Laundry,2300000.0,11.0,magelang,Jawa Tengah
NS002667,NIK0002667,1970-09-10,L,Tidak Diketahui,8410000.0,1.0,CIREBON,Jawa Barat
NS002668,NIK0002668,1999-05-02,L,Kerajinan,12930000.0,15.0,Solo,Jawa Tengah
NS002669,NIK0002669,1990-12-31,L,Kerajinan,2070000.0,14.0,Jember,Jawa Timur
NS002670,NIK0002670,1990-12-06,P,Toko Bangunan,7060000.0,8.0,Solo,Jawa Tengah
NS002671,NIK0002671,1972-07-23,P,LAINNYA,1910000.0,3.0,Medan,Sumatera Utara
NS002672,NIK0002672,1980-08-02,P,Kerajinan,1236480000.0,10.0,Cirebon,Jawa Barat
NS002673,NIK0002673,1970-01-18,P,Bengkel,5330000.0,17.0,Denpasar,Bali
NS002674,NIK0002674,1966-12-20,P,Tidak Diketahui,5370000.0,17.0,Sidoarjo,Jawa Timur
NS002675,NIK0002675,2002-04-22,L,Bengkel,2860000.0,13.0,GRESIK,Jawa Timur
NS002676,NIK0002676,2003-03-30,P,Jasa Jahit,15630000.0,14.0,Malang,Jawa Timur
NS002677,NIK0002677,1973-05-18,L,Toko Bangunan,3810000.0,6.0,Parepare,Sulawesi Selatan
NS002678,NIK0002678,1987-06-20,P,Salon,1760000.0,6.0,Sidoarjo,Jawa Timur
NS002679,NIK0002679,1980-05-30,P,Warung Kelontong,630000.0,11.0,Sidoarjo,Jawa Timur
NS002680,NIK0002680,1966-05-05,L,Pedagang Pasar,5550000.0,5.0,Solo,Jawa Tengah
NS002681,NIK0002681,1974-10-07,L,Jasa Jahit,5800000.0,17.0,Kudus,Jawa Tengah
NS002682,NIK0002682,1992-09-24,L,Salon,,3.0,Parepare,Sulawesi Selatan
NS002683,NIK0002683,1967-01-27,L,Pertanian,7890000.0,13.0,Solo,Jawa Tengah
NS002684,NIK0002684,1971-05-05,P,Perikanan,,18.0,Denpasar,Bali
NS002685,NIK0002685,1993-07-06,L,Kerajinan,5390000.0,1.0,Gresik,Jawa Timur
NS002686,NIK0002686,1968-10-28,L,Salon,2900000.0,19.0,Singaraja,Bali
NS002687,NIK0002687,1997-10-14,P,Peternakan,1930000.0,5.0,Cirebon,Jawa Barat
NS002688,NIK0002688,1977-11-03,P,Salon,7160000.0,3.0,Jember,Jawa Timur
NS002689,NIK0002689,1966-09-16,P,Peternakan,6140000.0,11.0,Bandung,Jawa Barat
NS002690,NIK0002690,1997-07-01,L,Jasa Jahit,4500000.0,21.0,Medan,Sumatera Utara
NS002691,NIK0002691,1983-11-16,L,Kerajinan,8470000.0,21.0,Solo,Jawa Tengah
NS002692,NIK0002692,1985-02-08,P,Jasa Jahit,4680000.0,14.0,Pematangsiantar,Sumatera Utara
NS002693,NIK0002693,1998-11-24,P,Salon,8540000.0,15.0,Pematangsiantar,Sumatera Utara
NS002694,NIK0002694,1995-11-21,L,Bengkel,5370000.0,7.0,Denpasar,Bali
NS002695,NIK0002695,1980-07-06,P,Toko Bangunan,2070000.0,7.0,Jember,Jawa Timur
NS002696,NIK0002696,1969-07-11,P,Peternakan,10530000.0,1.0,Parepare,Sulawesi Selatan
NS002697,NIK0002697,2000-06-19,L,Laundry,6400000.0,18.0,kudus,Jawa Tengah
NS002698,NIK0002698,1971-05-15,L,Tidak Diketahui,4510000.0,15.0,Singaraja,Bali
NS002699,NIK0002699,1994-12-28,L,Perikanan,4550000.0,21.0,Magelang,Jawa Tengah
NS002700,NIK0002700,1998-06-08,L,Laundry,3170000.0,15.0,Magelang,Jawa Tengah
NS002701,NIK0002701,1984-08-01,P,Salon,2190000.0,13.0,Kudus,Jawa Tengah
NS002702,NIK0002702,1991-06-12,P,Kuliner,4260000.0,16.0,Gresik,Jawa Timur
NS002703,NIK0002703,1974-10-04,P,Peternakan,1850000.0,16.0,Surabaya,Jawa Timur
NS002704,NIK0002704,1985-02-28,P,Perikanan,4690000.0,7.0,Jember,Jawa Timur
NS002705,NIK0002705,1964-09-13,L,Jasa Jahit,5570000.0,10.0,Bandung,Jawa Barat
NS002706,NIK0002706,1984-11-12,L,Pertanian,3390000.0,7.0,Kediri,Jawa Timur
NS002707,NIK0002707,1963-11-03,P,Pertanian,4640000.0,4.0,Bekasi,Jawa Barat
NS002708,NIK0002708,1989-06-10,L,Peternakan,,3.0,Pematangsiantar,Sumatera Utara
NS002709,NIK0002709,2001-09-18,P,Toko Bangunan,1140000.0,19.0,Bogor,Jawa Barat
NS002710,NIK0002710,1972-03-30,P,Bengkel,7700000.0,9.0,Kudus,Jawa Tengah
NS002711,NIK0002711,1992-01-20,L,Perikanan,6710000.0,6.0,Kediri,Jawa Timur
NS002712,NIK0002712,1983-06-07,L,LAINNYA,11460000.0,5.0,Surabaya,Jawa Timur
NS002713,NIK0002713,1977-04-27,P,Pertanian,5120000.0,20.0,Denpasar,Bali
NS002714,NIK0002714,1977-10-11,P,Jasa Jahit,3270000.0,19.0,Cirebon,Jawa Barat
NS002715,NIK0002715,1977-09-07,L,Perikanan,2160000.0,19.0,Malang,Jawa Timur
NS002716,NIK0002716,2000-10-11,P,Toko Bangunan,2240000.0,4.0,bekasi,Jawa Barat
NS002717,NIK0002717,1989-10-18,P,Toko Bangunan,4640000.0,14.0,Surabaya,Jawa Timur
NS002718,NIK0002718,1990-01-31,P,Jasa Jahit,9710000.0,11.0,Sidoarjo,Jawa Timur
NS002719,NIK0002719,2003-12-01,P,Jasa Jahit,5310000.0,14.0,Bogor,Jawa Barat
NS002720,NIK0002720,1982-05-26,P,Pedagang Pasar,320.0,2.0,Singaraja,Bali
NS002721,NIK0002721,1983-07-05,L,Kerajinan,3010000.0,17.0,Jember,Jawa Timur
NS002722,NIK0002722,1964-10-08,L,Salon,9740000.0,20.0,Magelang,Jawa Tengah
NS002723,NIK0002723,1992-08-06,L,Peternakan,2640000.0,14.0,Magelang,Jawa Tengah
NS002724,NIK0002724,1999-11-04,L,Pertanian,2480000.0,11.0,Bandung,Jawa Barat
NS002725,NIK0002725,1999-09-23,L,Bengkel,4440000.0,19.0,Parepare,Sulawesi Selatan
NS002726,NIK0002726,1964-11-30,P,Kerajinan,11580000.0,12.0,Magelang,Jawa Tengah
NS002727,NIK0002727,1964-05-26,P,Bengkel,6770000.0,12.0,Bandung,Jawa Barat
NS002728,NIK0002728,1974-10-24,P,Pedagang Pasar,6192250.0,11.0,Denpasar,Bali
NS002729,NIK0002729,1970-05-30,P,Pedagang Pasar,,2.0,Kediri,Jawa Timur
NS002730,NIK0002730,1998-07-04,L,Pedagang Pasar,,6.0,Bogor,Jawa Barat
NS002731,NIK0002731,1960-10-11,P,Laundry,2180000.0,15.0,Jember,Jawa Timur
NS002732,NIK0002732,2002-01-28,L,Bengkel,2780000.0,16.0,Bekasi,Jawa Barat
NS002733,NIK0002733,1978-03-29,P,Peternakan,1350000.0,11.0,Denpasar,Bali
NS002734,NIK0002734,2003-11-12,P,Peternakan,,5.0,Malang,Jawa Timur
NS002735,NIK0002735,2001-11-13,P,Jasa Jahit,1760000.0,12.0,Kudus,Jawa Tengah
NS002736,NIK0002736,1978-06-07,L,Jasa Jahit,,12.0,Makassar,Sulawesi Selatan
NS002737,NIK0002737,1964-07-30,P,Perikanan,4350000.0,12.0,Sidoarjo,Jawa Timur
NS002738,NIK0002738,1970-03-10,P,Perikanan,3680000.0,10.0,Kudus,Jawa Tengah
NS002739,NIK0002739,1961-06-26,P,Warung Kelontong,5920000.0,14.0,Malang,Jawa Timur
NS002740,NIK0002740,1985-09-26,P,Kuliner,2180000.0,9.0,Medan,Sumatera Utara
NS002741,NIK0002741,1985-09-13,L,Pedagang Pasar,5230000.0,10.0,Gresik,Jawa Timur
NS002742,NIK0002742,1980-01-11,P,Peternakan,3310000.0,13.0,Singaraja,Bali
NS002743,NIK0002743,1996-10-12,L,Toko Bangunan,5090000.0,10.0,Medan,Sumatera Utara
NS002744,NIK0002744,1981-01-01,P,Kerajinan,6050000.0,7.0,Makassar,Sulawesi Selatan
NS002745,NIK0002745,1979-02-13,P,Salon,1670000.0,5.0,Bekasi,Jawa Barat
NS002746,NIK0002746,1993-09-10,L,Peternakan,2502750.0,7.0,Solo,Jawa Tengah
NS002747,NIK0002747,1962-12-25,L,Warung Kelontong,7690000.0,12.0,Surabaya,Jawa Timur
NS002748,NIK0002748,1984-07-03,P,Laundry,2620000.0,4.0,  Bogor,Jawa Barat
NS002749,NIK0002749,1973-01-15,L,Laundry,10010000.0,7.0,Sidoarjo,Jawa Timur
NS002750,NIK0002750,1992-11-05,P,Peternakan,3300000.0,7.0,Semarang,Jawa Tengah
NS002751,NIK0002751,2001-08-11,L,Toko Bangunan,6560000.0,1.0,KEDIRI,Jawa Timur
NS002752,NIK0002752,1999-07-10,L,Pertanian,10470000.0,5.0,Bekasi,Jawa Barat
NS002753,NIK0002753,1994-01-20,L,Toko Bangunan,,8.0,Bogor,Jawa Barat
NS002754,NIK0002754,1974-02-28,P,Kerajinan,4860000.0,12.0,Gresik,Jawa Timur
NS002755,NIK0002755,2000-03-01,P,Bengkel,5660000.0,12.0,SEMARANG,Jawa Tengah
NS002756,NIK0002756,1985-02-22,P,Pertanian,5420000.0,15.0,Medan,Sumatera Utara
NS002757,NIK0002757,1972-08-08,L,Bengkel,4280000.0,14.0,Gresik,Jawa Timur
NS002758,NIK0002758,1980-08-25,L,Peternakan,2560000.0,12.0,Singaraja ,Bali
NS002759,NIK0002759,1965-03-12,L,Bengkel,1020000.0,1.0,SURABAYA,Jawa Timur
NS002760,NIK0002760,2000-11-05,L,Laundry,2340000.0,8.0,Pematangsiantar,Sumatera Utara
NS002761,NIK0002761,2002-08-13,L,Toko Bangunan,4260000.0,1.0,Cirebon,Jawa Barat
NS002762,NIK0002762,1989-12-02,P,Laundry,12980000.0,12.0,kudus,Jawa Tengah
NS002763,NIK0002763,1974-01-17,L,Pertanian,6630000.0,14.0,Bekasi,Jawa Barat
NS002764,NIK0002764,1980-01-23,P,Pedagang Pasar,,11.0,Bandung ,Jawa Barat
NS002765,NIK0002765,1989-09-01,P,Laundry,4380000.0,19.0,Bekasi,Jawa Barat
NS002766,NIK0002766,1971-12-05,P,Tidak Diketahui,2130000.0,9.0,Malang,Jawa Timur
NS002767,NIK0002767,2001-03-14,P,Toko Bangunan,,8.0,Cirebon,Jawa Barat
NS002768,NIK0002768,1996-08-12,P,Perikanan,3660000.0,16.0,Bandung,Jawa Barat
NS002769,NIK0002769,1974-02-11,P,Toko Bangunan,5830000.0,9.0,Denpasar,Bali
NS002770,NIK0002770,1986-11-17,P,Warung Kelontong,3660000.0,4.0,Malang,Jawa Timur
NS002771,NIK0002771,1980-11-18,P,Kerajinan,740000.0,21.0,Kediri,Jawa Timur
NS002772,NIK0002772,1972-07-30,P,Toko Bangunan,,14.0,Surabaya,Jawa Timur
NS002773,NIK0002773,1998-12-09,L,Kuliner,4810000.0,3.0,Magelang,Jawa Tengah
NS002774,NIK0002774,1982-10-08,L,Tidak Diketahui,2843500.0,20.0,Medan,Sumatera Utara
NS002775,NIK0002775,1963-01-27,L,Toko Bangunan,4180000.0,9.0,Semarang,Jawa Tengah
NS002776,NIK0002776,1982-02-19,P,Salon,,5.0,Magelang,Jawa Tengah
NS002777,NIK0002777,1965-01-22,L,Bengkel,1870000.0,6.0,Medan,Sumatera Utara
NS002778,NIK0002778,2000-01-02,P,Peternakan,5690000.0,3.0,Magelang,Jawa Tengah
NS002779,NIK0002779,1989-12-07,P,Peternakan,6480000.0,16.0,Solo,Jawa Tengah
NS002780,NIK0002780,1993-08-17,P,Pedagang Pasar,21380000.0,5.0,Sidoarjo,Jawa Timur
NS002781,NIK0002781,1964-09-04,P,Jasa Jahit,4840000.0,15.0,Jember,Jawa Timur
NS002782,NIK0002782,1973-10-11,L,Perikanan,7620000.0,15.0,Magelang,Jawa Tengah
NS002783,NIK0002783,1988-01-05,L,Pertanian,2430000.0,4.0,Cirebon,Jawa Barat
NS002784,NIK0002784,1987-08-02,L,Warung Kelontong,13750000.0,1.0,Solo,Jawa Tengah
NS002785,NIK0002785,1986-01-18,L,Bengkel,7190000.0,7.0,Singaraja,Bali
NS002786,NIK0002786,1972-07-28,L,Jasa Jahit,3750000.0,20.0,Bogor,Jawa Barat
NS002787,NIK0002787,1977-01-15,L,Toko Bangunan,,3.0,Jember,Jawa Timur
NS002788,NIK0002788,1969-08-03,L,Warung Kelontong,6620000.0,1.0,Bogor,Jawa Barat
NS002789,NIK0002789,1975-04-15,P,Kerajinan,1770000.0,13.0,Solo,Jawa Tengah
NS002790,NIK0002790,1991-01-25,P,Bengkel,5460000.0,14.0,Parepare,Sulawesi Selatan
NS002791,NIK0002791,1994-04-04,P,Jasa Jahit,2820000.0,8.0,Parepare,Sulawesi Selatan
NS002792,NIK0002792,2000-04-16,L,Peternakan,2060000.0,12.0,Kediri,Jawa Timur
NS002793,NIK0002793,1988-03-23,P,LAINNYA,2480000.0,15.0,Parepare,Sulawesi Selatan
NS002794,NIK0002794,1990-02-15,L,Warung Kelontong,1700000.0,18.0,Bogor,Jawa Barat
NS002795,NIK0002795,1965-10-05,P,Perikanan,6880000.0,12.0,Bogor,Jawa Barat
NS002796,NIK0002796,1962-11-02,L,Jasa Jahit,11220000.0,3.0,Surabaya,Jawa Timur
NS002797,NIK0002797,1960-11-12,P,Kerajinan,9070000.0,16.0,Malang,Jawa Timur
NS002798,NIK0002798,1963-05-13,P,Salon,4170000.0,2.0,Sidoarjo,Jawa Timur
NS002799,NIK0002799,1962-09-02,L,LAINNYA,12080000.0,18.0,Bekasi,Jawa Barat
NS002800,NIK0002800,1991-09-10,P,Toko Bangunan,1360000.0,3.0,Parepare,Sulawesi Selatan
NS002801,NIK0002801,1993-09-09,P,Salon,8160000.0,1.0,Bekasi,Jawa Barat
NS002802,NIK0002802,1975-11-09,P,Peternakan,3710000.0,14.0,Gresik,Jawa Timur
NS002803,NIK0002803,1969-06-22,L,Pertanian,4350000.0,21.0,Surabaya,Jawa Timur
NS002804,NIK0002804,1998-11-30,L,Pedagang Pasar,3060000.0,12.0,Parepare,Sulawesi Selatan
NS002805,NIK0002805,1968-06-07,P,Bengkel,5580000.0,3.0,Denpasar,Bali
NS002806,NIK0002806,1989-04-22,L,Peternakan,2270000.0,21.0,Pematangsiantar,Sumatera Utara
NS002807,NIK0002807,2003-09-03,P,Jasa Jahit,4470000.0,13.0,Bekasi,Jawa Barat
NS002808,NIK0002808,1969-12-21,L,Kerajinan,14680000.0,17.0,Bandung,Jawa Barat
NS002809,NIK0002809,1964-09-19,L,Pedagang Pasar,1790000.0,1.0,Medan,Sumatera Utara
NS002810,NIK0002810,1964-09-25,L,Kuliner,3060000.0,2.0,Kediri,Jawa Timur
NS002811,NIK0002811,1966-11-27,L,Pertanian,4880000.0,13.0,Surabaya,Jawa Timur
NS002812,NIK0002812,1998-10-03,P,Toko Bangunan,4089000.0,8.0,Pematangsiantar,Sumatera Utara
NS002813,NIK0002813,1975-01-25,P,Jasa Jahit,7620000.0,11.0,  Medan,Sumatera Utara
NS002814,NIK0002814,1991-03-20,P,Salon,5270000.0,14.0,Pematangsiantar,Sumatera Utara
NS002815,NIK0002815,2002-09-08,L,Tidak Diketahui,6086500.0,8.0,Semarang,Jawa Tengah
NS002816,NIK0002816,1991-12-08,P,Kuliner,,18.0,Gresik,Jawa Timur
NS002817,NIK0002817,1965-06-18,L,Kerajinan,2670000.0,19.0,Cirebon,Jawa Barat
NS002818,NIK0002818,1980-08-27,L,Warung Kelontong,6870000.0,20.0,Bekasi ,Jawa Barat
NS002819,NIK0002819,1990-02-17,P,Pedagang Pasar,13440000.0,5.0,Kediri,Jawa Timur
NS002820,NIK0002820,1977-05-30,L,Bengkel,1900000.0,19.0,Parepare,Sulawesi Selatan
NS002821,NIK0002821,1977-07-06,L,Bengkel,9770000.0,10.0,Denpasar,Bali
NS002822,NIK0002822,1979-04-05,L,Pedagang Pasar,4340000.0,18.0,Magelang,Jawa Tengah
NS002823,NIK0002823,1965-02-07,P,Salon,3850000.0,3.0,Surabaya,Jawa Timur
NS002824,NIK0002824,1978-08-15,P,Jasa Jahit,,9.0,Bandung,Jawa Barat
NS002825,NIK0002825,1981-01-27,P,Kerajinan,3760000.0,19.0,Gresik,Jawa Timur
NS002826,NIK0002826,1978-09-15,L,Tidak Diketahui,2300000.0,5.0,semarang,Jawa Tengah
NS002827,NIK0002827,2003-01-20,L,Pedagang Pasar,3160000.0,9.0,Malang,Jawa Timur
NS002828,NIK0002828,1992-02-04,P,Kuliner,6251000.0,13.0,Sidoarjo,Jawa Timur
NS002829,NIK0002829,1996-04-30,L,Pedagang Pasar,1059680000.0,13.0,  Malang,Jawa Timur
NS002830,NIK0002830,1988-01-28,P,Kuliner,3530000.0,9.0,Parepare,Sulawesi Selatan
NS002831,NIK0002831,1997-01-29,P,Kerajinan,3110000.0,11.0,Singaraja,Bali
NS002832,NIK0002832,1960-01-13,P,Laundry,5510000.0,17.0,Bekasi,Jawa Barat
NS002833,NIK0002833,1987-12-30,L,Bengkel,4130000.0,16.0,denpasar,Bali
NS002834,NIK0002834,1973-06-22,L,Perikanan,7160000.0,6.0,Makassar,Sulawesi Selatan
NS002835,NIK0002835,1994-12-22,P,Salon,2240000.0,11.0,Kudus,Jawa Tengah
NS002836,NIK0002836,1969-07-27,P,Peternakan,5780000.0,10.0,Parepare,Sulawesi Selatan
NS002837,NIK0002837,1970-09-10,L,Kuliner,3670000.0,21.0,Sidoarjo,Jawa Timur
NS002838,NIK0002838,2001-10-27,P,Laundry,3260000.0,2.0,SIDOARJO,Jawa Timur
NS002839,NIK0002839,1979-08-06,P,Salon,6930000.0,14.0,Medan,Sumatera Utara
NS002840,NIK0002840,1986-06-19,P,Peternakan,3990000.0,3.0,Bandung,Jawa Barat
NS002841,NIK0002841,1974-09-15,P,Toko Bangunan,5320000.0,6.0,Kudus,Jawa Tengah
NS002842,NIK0002842,1971-12-15,L,Bengkel,5860000.0,2.0,Denpasar,Bali
NS002843,NIK0002843,1960-05-09,P,Peternakan,1430000.0,15.0,Bekasi,Jawa Barat
NS002844,NIK0002844,1997-01-30,P,Peternakan,7220000.0,12.0,Gresik,Jawa Timur
NS002845,NIK0002845,1976-09-06,L,Bengkel,1780000.0,12.0,Semarang,Jawa Tengah
NS002846,NIK0002846,1983-11-15,L,Salon,7600000.0,4.0,Bandung,Jawa Barat
NS002847,NIK0002847,1990-10-02,P,Bengkel,6380000.0,1.0,Makassar,Sulawesi Selatan
NS002848,NIK0002848,1963-01-11,L,Salon,13620000.0,5.0,Malang,Jawa Timur
NS002849,NIK0002849,1971-12-06,P,Peternakan,5720000.0,7.0,Kudus,Jawa Tengah
NS002850,NIK0002850,1972-03-10,L,Salon,7190000.0,14.0,Gresik ,Jawa Timur
NS002851,NIK0002851,1960-06-24,L,Perikanan,3800000.0,21.0,Sidoarjo,Jawa Timur
NS002852,NIK0002852,1990-11-05,P,Jasa Jahit,7830000.0,16.0,Bandung,Jawa Barat
NS002853,NIK0002853,1960-08-19,P,Bengkel,3310000.0,9.0,Jember,Jawa Timur
NS002854,NIK0002854,1984-05-04,P,Peternakan,7190000.0,10.0,Magelang,Jawa Tengah
NS002855,NIK0002855,1962-05-03,L,Peternakan,3360000.0,18.0,MALANG,Jawa Timur
NS002856,NIK0002856,1974-05-04,P,Kerajinan,4050000.0,7.0,Malang,Jawa Timur
NS002857,NIK0002857,1988-07-14,L,Pedagang Pasar,,17.0,Makassar,Sulawesi Selatan
NS002858,NIK0002858,1967-09-11,L,Pedagang Pasar,,6.0,Denpasar,Bali
NS002859,NIK0002859,1978-12-13,P,Tidak Diketahui,9550000.0,4.0,Semarang,Jawa Tengah
NS002860,NIK0002860,1982-09-03,L,Laundry,5170000.0,1.0,Bandung,Jawa Barat
NS002861,NIK0002861,1968-08-17,P,Perikanan,8150000.0,8.0,Gresik,Jawa Timur
NS002862,NIK0002862,1993-06-15,P,Laundry,,18.0,Bogor,Jawa Barat
NS002863,NIK0002863,1980-07-20,L,Perikanan,5830000.0,8.0,Bekasi,Jawa Barat
NS002864,NIK0002864,1985-10-14,P,Salon,,5.0,Bandung,Jawa Barat
NS002865,NIK0002865,1984-03-08,L,Perikanan,2110000.0,19.0,  Kediri,Jawa Timur
NS002866,NIK0002866,1967-08-18,L,Peternakan,2020000.0,4.0,Bandung,Jawa Barat
NS002867,NIK0002867,1969-10-11,P,Bengkel,5300000.0,9.0,Malang,Jawa Timur
NS002868,NIK0002868,1994-11-04,P,Warung Kelontong,1280000.0,3.0,Denpasar,Bali
NS002869,NIK0002869,1982-12-30,P,Pertanian,8610000.0,9.0,Malang,Jawa Timur
NS002870,NIK0002870,1986-11-19,L,Jasa Jahit,,14.0,Surabaya,Jawa Timur
NS002871,NIK0002871,1964-06-25,L,Kuliner,2990000.0,18.0,Sidoarjo,Jawa Timur
NS002872,NIK0002872,1966-08-20,P,Pertanian,12820000.0,20.0,Kudus,Jawa Tengah
NS002873,NIK0002873,1992-01-13,P,LAINNYA,3780000.0,5.0,Cirebon,Jawa Barat
NS002874,NIK0002874,2000-08-29,L,Pedagang Pasar,2990000.0,5.0,Semarang,Jawa Tengah
NS002875,NIK0002875,1960-03-02,L,Toko Bangunan,756900000.0,8.0,Jember,Jawa Timur
NS002876,NIK0002876,1997-06-22,L,Tidak Diketahui,5370000.0,8.0,Kudus,Jawa Tengah
NS002877,NIK0002877,1988-10-11,P,Salon,1650000.0,10.0,Pematangsiantar,Sumatera Utara
NS002878,NIK0002878,1963-07-25,L,Bengkel,15590000.0,6.0,Pematangsiantar,Sumatera Utara
NS002879,NIK0002879,1996-03-27,P,Peternakan,4360000.0,18.0,Singaraja,Bali
NS002880,NIK0002880,1985-09-05,L,Tidak Diketahui,758880000.0,14.0,Kediri,Jawa Timur
NS002881,NIK0002881,1980-03-22,L,Kerajinan,3490000.0,6.0,Singaraja,Bali
NS002882,NIK0002882,1986-01-17,P,Kuliner,4450000.0,19.0,Medan,Sumatera Utara
NS002883,NIK0002883,1967-10-28,L,Jasa Jahit,1570000.0,2.0,Singaraja,Bali
NS002884,NIK0002884,1982-11-21,L,Pertanian,3610000.0,6.0,Magelang,Jawa Tengah
NS002885,NIK0002885,1967-07-12,L,Jasa Jahit,5770000.0,15.0,Semarang,Jawa Tengah
NS002886,NIK0002886,1984-12-21,P,Kuliner,7720000.0,6.0,Bandung,Jawa Barat
NS002887,NIK0002887,1962-10-28,L,Bengkel,15760000.0,17.0,Jember ,Jawa Timur
NS002888,NIK0002888,1984-06-17,P,Jasa Jahit,3920000.0,3.0,Pematangsiantar,Sumatera Utara
NS002889,NIK0002889,1962-10-14,P,Bengkel,2410000.0,18.0,Magelang,Jawa Tengah
NS002890,NIK0002890,1976-08-17,L,Salon,397.0,3.0,Sidoarjo,Jawa Timur
NS002891,NIK0002891,1992-10-18,P,Pertanian,6180000.0,19.0,Bogor,Jawa Barat
NS002892,NIK0002892,1990-12-26,P,Warung Kelontong,3840000.0,12.0,Bandung,Jawa Barat
NS002893,NIK0002893,1967-10-28,P,Toko Bangunan,6620000.0,14.0,Medan,Sumatera Utara
NS002894,NIK0002894,1994-11-16,P,Toko Bangunan,5360000.0,5.0,Bogor,Jawa Barat
NS002895,NIK0002895,1978-10-21,P,Perikanan,6560000.0,20.0,Jember,Jawa Timur
NS002896,NIK0002896,1970-09-19,L,Toko Bangunan,1620000.0,8.0,Makassar,Sulawesi Selatan
NS002897,NIK0002897,1970-03-01,P,Pertanian,2610000.0,17.0,Makassar,Sulawesi Selatan
NS002898,NIK0002898,1983-03-09,L,Toko Bangunan,5450000.0,12.0,Magelang,Jawa Tengah
NS002899,NIK0002899,1960-11-07,L,Jasa Jahit,2680000.0,7.0,Solo,Jawa Tengah
NS002900,NIK0002900,1992-09-24,P,Warung Kelontong,9110000.0,6.0,Malang,Jawa Timur
NS002901,NIK0002901,1983-03-13,P,Laundry,2050000.0,9.0,Bogor,Jawa Barat
NS002902,NIK0002902,1983-04-11,P,Bengkel,8960000.0,11.0,Cirebon,Jawa Barat
NS002903,NIK0002903,1991-10-10,P,Toko Bangunan,1570000.0,14.0,Magelang,Jawa Tengah
NS002904,NIK0002904,1963-01-02,L,Bengkel,5850000.0,7.0,Medan,Sumatera Utara
NS002905,NIK0002905,1981-08-24,P,Perikanan,,19.0,Semarang,Jawa Tengah
NS002906,NIK0002906,1988-05-05,L,Warung Kelontong,9420000.0,17.0,Sidoarjo,Jawa Timur
NS002907,NIK0002907,1979-11-13,L,Pedagang Pasar,2700000.0,18.0,makassar,Sulawesi Selatan
NS002908,NIK0002908,1995-02-14,L,Perikanan,4130000.0,12.0,Bekasi,Jawa Barat
NS002909,NIK0002909,1997-03-16,P,Salon,5380000.0,7.0,Malang,Jawa Timur
NS002910,NIK0002910,1997-03-19,P,Warung Kelontong,4940000.0,14.0,Bogor,Jawa Barat
NS002911,NIK0002911,1981-02-12,P,Bengkel,3390000.0,17.0,Semarang,Jawa Tengah
NS002912,NIK0002912,1994-08-19,P,Toko Bangunan,4950000.0,15.0,Surabaya,Jawa Timur
NS002913,NIK0002913,1986-06-02,P,Pedagang Pasar,2860000.0,3.0,Gresik,Jawa Timur
NS002914,NIK0002914,1981-07-16,P,Kuliner,6060000.0,9.0,Gresik,Jawa Timur
NS002915,NIK0002915,1987-06-30,L,Peternakan,2850000.0,14.0,Makassar,Sulawesi Selatan
NS002916,NIK0002916,1977-07-19,P,Peternakan,4830000.0,16.0,Medan,Sumatera Utara
NS002917,NIK0002917,1994-05-27,P,Warung Kelontong,2710000.0,3.0,Bandung,Jawa Barat
NS002918,NIK0002918,1965-10-03,L,Pedagang Pasar,3080000.0,13.0,KEDIRI,Jawa Timur
NS002919,NIK0002919,1985-04-26,P,Bengkel,5840000.0,12.0,Solo,Jawa Tengah
NS002920,NIK0002920,1993-04-12,L,Warung Kelontong,,21.0,Singaraja,Bali
NS002921,NIK0002921,2001-03-27,P,Laundry,4880000.0,2.0,Magelang,Jawa Tengah
NS002922,NIK0002922,1984-10-15,P,Tidak Diketahui,875160000.0,9.0,Parepare,Sulawesi Selatan
NS002923,NIK0002923,1999-04-09,P,Tidak Diketahui,1790000.0,18.0,Solo,Jawa Tengah
NS002924,NIK0002924,1965-02-02,L,Pertanian,2060000.0,2.0,Makassar,Sulawesi Selatan
NS002925,NIK0002925,1980-02-29,P,Pedagang Pasar,4500000.0,16.0,Solo,Jawa Tengah
NS002926,NIK0002926,1997-04-28,P,Salon,8510000.0,4.0,Kudus,Jawa Tengah
NS002927,NIK0002927,1960-06-01,L,Pertanian,4020000.0,10.0,Bogor,Jawa Barat
NS002928,NIK0002928,2003-01-01,P,Toko Bangunan,3110000.0,13.0,Malang,Jawa Timur
NS002929,NIK0002929,1994-04-22,L,Bengkel,2260000.0,5.0,Makassar,Sulawesi Selatan
NS002930,NIK0002930,2000-09-07,L,Salon,4700000.0,10.0,Kediri,Jawa Timur
NS002931,NIK0002931,1963-03-21,P,Salon,,10.0,Pematangsiantar,Sumatera Utara
NS002932,NIK0002932,1974-11-03,P,Pedagang Pasar,5900000.0,1.0,Solo,Jawa Tengah
NS002933,NIK0002933,1971-07-21,L,Bengkel,1730000.0,10.0,Sidoarjo,Jawa Timur
NS002934,NIK0002934,1981-08-19,P,Kerajinan,6830000.0,11.0,Malang,Jawa Timur
NS002935,NIK0002935,1992-06-27,L,Pertanian,,8.0,Bogor,Jawa Barat
NS002936,NIK0002936,1979-03-17,P,Salon,1590000.0,12.0,Kudus,Jawa Tengah
NS002937,NIK0002937,1992-07-10,L,Pertanian,3210000.0,13.0,Kediri,Jawa Timur
NS002938,NIK0002938,1961-02-22,P,Perikanan,4420000.0,7.0,Pematangsiantar,Sumatera Utara
NS002939,NIK0002939,1991-08-04,P,Peternakan,717600000.0,11.0,Surabaya,Jawa Timur
NS002940,NIK0002940,1978-05-18,L,Kerajinan,20850000.0,2.0,Pematangsiantar,Sumatera Utara
NS002941,NIK0002941,1987-05-05,L,Peternakan,4940000.0,10.0,Cirebon,Jawa Barat
NS002942,NIK0002942,1965-04-01,L,Pedagang Pasar,15200000.0,12.0,Makassar,Sulawesi Selatan
NS002943,NIK0002943,1976-11-23,L,Tidak Diketahui,1080000.0,4.0,Jember,Jawa Timur
NS002944,NIK0002944,1995-01-16,P,Peternakan,4220000.0,17.0,Kudus,Jawa Tengah
NS002945,NIK0002945,1986-12-22,L,Pedagang Pasar,1940000.0,5.0,Singaraja ,Bali
NS002946,NIK0002946,1985-08-30,P,Pertanian,2120000.0,7.0,Kudus,Jawa Tengah
NS002947,NIK0002947,1990-06-03,L,Jasa Jahit,,20.0,Sidoarjo,Jawa Timur
NS002948,NIK0002948,1996-09-23,P,Toko Bangunan,10470000.0,3.0,Sidoarjo,Jawa Timur
NS002949,NIK0002949,1990-04-23,P,Kerajinan,6750000.0,11.0,Gresik ,Jawa Timur
NS002950,NIK0002950,1962-12-09,L,Jasa Jahit,7490000.0,7.0,Magelang,Jawa Tengah
NS002951,NIK0002027,1990-07-18,L,Jasa Jahit,2750000.0,10.0,Sidoarjo,Jawa Timur
NS002952,NIK0000380,1963-01-08,P,Salon,6730000.0,21.0,  Kediri,Jawa Timur
NS002953,NIK0000348,2002-05-10,P,Kuliner,3310000.0,19.0,Pematangsiantar,Sumatera Utara
NS002954,NIK0002529,1998-07-15,L,Pedagang Pasar,,19.0,Gresik,Jawa Timur
NS002955,NIK0000086,1973-12-23,P,Salon,2670000.0,15.0,Bekasi,Jawa Barat
NS002956,NIK0002416,1970-09-16,P,Toko Bangunan,,5.0,Surabaya,Jawa Timur
NS002957,NIK0001360,2001-10-12,P,Laundry,2880000.0,2.0,kudus,Jawa Tengah
NS002958,NIK0002895,1981-04-10,L,Pedagang Pasar,4290000.0,16.0,Parepare,Sulawesi Selatan
NS002959,NIK0002499,2002-05-15,P,Pertanian,4540000.0,15.0,Surabaya,Jawa Timur
NS002960,NIK0000539,1999-08-29,L,Kuliner,2720000.0,21.0,Jember,Jawa Timur
NS002961,NIK0001011,1990-07-29,P,Laundry,3740000.0,8.0,surabaya,Jawa Timur
NS002962,NIK0000516,2000-09-26,P,Warung Kelontong,14350000.0,17.0,Parepare,Sulawesi Selatan
NS002963,NIK0000331,1972-05-05,L,Salon,3090000.0,21.0,Bogor,Jawa Barat
NS002964,NIK0001143,1987-11-22,L,Salon,8330000.0,5.0,Magelang,Jawa Tengah
NS002965,NIK0000159,1971-11-15,P,Salon,7240000.0,18.0,Solo,Jawa Tengah
NS002966,NIK0001287,1972-06-24,L,Bengkel,13040000.0,10.0,Malang,Jawa Timur
NS002967,NIK0001788,1989-10-04,L,Salon,2256000.0,10.0,Pematangsiantar,Sumatera Utara
NS002968,NIK0000753,1960-03-31,P,Peternakan,8900000.0,20.0,Parepare,Sulawesi Selatan
NS002969,NIK0000620,1997-04-21,L,Bengkel,2010000.0,17.0,Makassar,Sulawesi Selatan
NS002970,NIK0001294,1965-02-07,L,Perikanan,3640000.0,17.0,Cirebon,Jawa Barat
NS002971,NIK0000075,1970-10-28,P,Bengkel,3980000.0,10.0,Bekasi,Jawa Barat
NS002972,NIK0000223,1985-03-02,L,Perikanan,2360000.0,2.0,Singaraja,Bali
NS002973,NIK0000397,1966-09-21,P,Bengkel,2570000.0,8.0,Parepare,Sulawesi Selatan
NS002974,NIK0000934,1962-07-05,P,Tidak Diketahui,4740000.0,4.0,Medan,Sumatera Utara
NS002975,NIK0001048,1974-11-24,P,Kerajinan,4980000.0,9.0,Solo,Jawa Tengah
NS002976,NIK0002196,1976-11-14,P,Warung Kelontong,8060000.0,3.0,Cirebon,Jawa Barat
NS002977,NIK0001441,1969-06-20,L,Kuliner,6670000.0,10.0,Medan,Sumatera Utara
NS002978,NIK0002503,1988-04-06,P,Tidak Diketahui,,9.0,Surabaya,Jawa Timur
NS002979,NIK0001493,1970-01-16,P,Kuliner,2280000.0,20.0,Pematangsiantar,Sumatera Utara
NS002980,NIK0001531,1987-01-14,P,Perikanan,3640000.0,17.0,Magelang,Jawa Tengah
NS002981,NIK0002662,1963-12-22,P,Kuliner,3490000.0,19.0,Parepare,Sulawesi Selatan
NS002982,NIK0000446,1972-01-09,P,Tidak Diketahui,4460000.0,15.0,Bogor,Jawa Barat
NS002983,NIK0001902,1966-07-22,L,Toko Bangunan,2010000.0,17.0,Parepare,Sulawesi Selatan
NS002984,NIK0002110,1969-06-11,L,Peternakan,8640000.0,9.0,Solo,Jawa Tengah
NS002985,NIK0002834,1966-10-31,L,LAINNYA,6600000.0,3.0,Malang,Jawa Timur
NS002986,NIK0001911,1982-05-11,P,Kerajinan,3330000.0,17.0,Gresik,Jawa Timur
NS002987,NIK0001202,1974-01-11,P,Perikanan,1650000.0,10.0,Semarang,Jawa Tengah
NS002988,NIK0000347,1973-03-17,P,Tidak Diketahui,1630000.0,19.0,Gresik,Jawa Timur
NS002989,NIK0002233,1978-02-27,L,Warung Kelontong,3450000.0,15.0,Jember,Jawa Timur
NS002990,NIK0001070,1961-06-08,L,Kerajinan,3510000.0,15.0,Medan,Sumatera Utara
NS002991,NIK0001336,1999-05-11,L,Kerajinan,2276820000.0,9.0,Gresik,Jawa Timur
NS002992,NIK0000279,1966-04-15,L,Pedagang Pasar,3640000.0,21.0,Malang,Jawa Timur
NS002993,NIK0000534,1985-10-31,L,Pertanian,3550000.0,16.0,Magelang,Jawa Tengah
NS002994,NIK0000681,1985-02-07,L,Perikanan,13090000.0,7.0,Makassar,Sulawesi Selatan
NS002995,NIK0002903,1974-06-27,L,Kerajinan,7460000.0,18.0,Magelang,Jawa Tengah
NS002996,NIK0002803,1976-11-16,P,Tidak Diketahui,7320000.0,18.0,Kediri,Jawa Timur
NS002997,NIK0001398,1967-05-04,P,Kuliner,11490000.0,13.0,Gresik,Jawa Timur
NS002998,NIK0001880,1966-06-23,P,Laundry,4460000.0,8.0,Jember,Jawa Timur
NS002999,NIK0002257,1966-12-25,L,Jasa Jahit,2490000.0,6.0,Semarang,Jawa Tengah
NS003000,NIK0000467,1967-02-18,P,Pertanian,11030000.0,16.0,Jember,Jawa Timur
NS003001,NIK0000473,1999-07-20,P,Perikanan,16470000.0,12.0,Medan,Sumatera Utara
NS003002,NIK0000488,1974-08-13,L,Peternakan,146000000.0,1.0,Bekasi,Jawa Barat
NS003003,NIK0002265,1980-09-21,L,Jasa Jahit,8650000.0,21.0,Kediri,Jawa Timur
NS003004,NIK0001407,1962-07-22,P,Warung Kelontong,8720000.0,8.0,Pematangsiantar,Sumatera Utara
NS003005,NIK0001433,1962-02-19,L,Tidak Diketahui,5210000.0,20.0,Semarang,Jawa Tengah
NS003006,NIK0000220,1964-08-16,P,Jasa Jahit,4210000.0,21.0,Gresik,Jawa Timur
NS003007,NIK0002948,1988-04-01,P,Bengkel,9190000.0,6.0,Semarang,Jawa Tengah
NS003008,NIK0000179,1969-04-26,L,Peternakan,6560000.0,4.0,Kediri,Jawa Timur
NS003009,NIK0002396,1986-10-14,P,Laundry,4890000.0,1.0,Medan,Sumatera Utara
NS003010,NIK0002526,1992-01-07,P,Laundry,5350000.0,3.0,Pematangsiantar,Sumatera Utara
NS003011,NIK0001596,1991-08-06,L,Kuliner,2410000.0,13.0,Medan,Sumatera Utara
NS003012,NIK0001940,1960-06-12,P,Pertanian,1960000.0,11.0,Magelang,Jawa Tengah
NS003013,NIK0000753,1964-11-02,L,Warung Kelontong,10470000.0,17.0,Solo,Jawa Tengah
NS003014,NIK0002892,1963-12-30,L,Pertanian,5300000.0,3.0,Bekasi,Jawa Barat
NS003015,NIK0001421,1978-04-25,P,Warung Kelontong,,8.0,Magelang,Jawa Tengah
NS003016,NIK0002693,2003-07-04,L,Pedagang Pasar,5270000.0,12.0,Malang,Jawa Timur
NS003017,NIK0002346,1978-10-31,P,Perikanan,7230000.0,5.0,Solo,Jawa Tengah
NS003018,NIK0000450,1977-05-16,P,Tidak Diketahui,2200000.0,3.0,MALANG,Jawa Timur
NS003019,NIK0001016,1994-07-30,L,Pedagang Pasar,6290000.0,18.0,Gresik,Jawa Timur
NS003020,NIK0001466,2000-10-29,L,LAINNYA,3030000.0,9.0,Bandung,Jawa Barat
NS003021,NIK0002559,1970-05-07,L,Tidak Diketahui,2310000.0,18.0,Pematangsiantar,Sumatera Utara
NS003022,NIK0001181,1967-05-31,P,Kuliner,4730000.0,21.0,Gresik,Jawa Timur
NS003023,NIK0000716,1991-02-19,P,Toko Bangunan,1610000.0,2.0,  Denpasar,Bali
NS003024,NIK0002644,1978-10-16,P,Warung Kelontong,11140000.0,17.0,bandung,Jawa Barat
NS003025,NIK0001942,1992-02-04,P,Kuliner,2330000.0,1.0,Medan,Sumatera Utara
NS003026,NIK0000509,1980-12-24,P,Pertanian,8390000.0,7.0,Malang,Jawa Timur
NS003027,NIK0001897,1984-04-18,P,Bengkel,3680000.0,4.0,Malang,Jawa Timur
NS003028,NIK0002271,2001-11-10,P,Jasa Jahit,2950000.0,16.0,Makassar,Sulawesi Selatan
NS003029,NIK0002236,1968-08-16,L,Pertanian,6320000.0,11.0,Denpasar,Bali
NS003030,NIK0000247,1969-10-25,L,Warung Kelontong,3880000.0,12.0,Bogor,Jawa Barat
NS003031,NIK0000521,1982-08-29,L,Bengkel,8620000.0,21.0,Pematangsiantar,Sumatera Utara
NS003032,NIK0002189,1965-01-10,L,Warung Kelontong,3640000.0,14.0,Magelang,Jawa Tengah
NS003033,NIK0002933,1992-04-21,P,Kerajinan,3230000.0,7.0,Bekasi,Jawa Barat
NS003034,NIK0002070,1996-02-29,P,Salon,3350000.0,11.0,Makassar,Sulawesi Selatan
NS003035,NIK0002637,1994-04-04,P,Laundry,5660000.0,2.0,Cirebon,Jawa Barat
NS003036,NIK0002424,1994-08-13,L,Jasa Jahit,1500000.0,1.0,Malang,Jawa Timur
NS003037,NIK0000101,1987-12-25,L,Jasa Jahit,2910000.0,20.0,Denpasar,Bali
NS003038,NIK0000753,1973-07-03,P,Laundry,2430000.0,7.0,Bekasi,Jawa Barat
NS003039,NIK0001577,1962-02-07,P,Kuliner,,10.0,Kudus,Jawa Tengah
NS003040,NIK0000162,1995-12-22,P,Pedagang Pasar,1580000.0,13.0,Malang,Jawa Timur
NS003041,NIK0001859,1984-06-16,P,Kuliner,5180000.0,10.0,Surabaya,Jawa Timur
NS003042,NIK0002802,1968-08-21,L,Jasa Jahit,3790000.0,17.0,Gresik,Jawa Timur
NS003043,NIK0000705,1983-09-29,P,Salon,5130000.0,4.0,Solo,Jawa Tengah
NS003044,NIK0000618,1977-09-26,P,Pedagang Pasar,3760000.0,7.0,Jember,Jawa Timur
NS003045,NIK0001948,1967-02-25,P,Pedagang Pasar,6490000.0,19.0,Sidoarjo,Jawa Timur
NS003046,NIK0000415,1960-08-06,L,LAINNYA,6390000.0,11.0,Bandung,Jawa Barat
NS003047,NIK0001925,1989-09-21,P,Pedagang Pasar,2890000.0,18.0,Semarang,Jawa Tengah
NS003048,NIK0000276,1967-01-16,P,Kerajinan,5000000.0,5.0,Kediri,Jawa Timur
NS003049,NIK0001231,2003-07-04,L,Salon,,10.0,Singaraja,Bali
NS003050,NIK0001106,1998-10-22,L,Perikanan,1560000.0,11.0,Solo ,Jawa Tengah
NS003051,NIK0002700,1990-03-10,L,Pedagang Pasar,5840000.0,12.0,Surabaya,Jawa Timur
NS003052,NIK0001751,1978-02-12,P,Laundry,2910000.0,16.0,Malang,Jawa Timur
NS003053,NIK0001273,1993-10-09,P,Pertanian,4330000.0,13.0,Bekasi,Jawa Barat
NS003054,NIK0001462,1960-05-31,L,Perikanan,3680000.0,13.0,cirebon,Jawa Barat
NS003055,NIK0001059,1967-12-29,P,Kuliner,2770000.0,16.0,Kudus,Jawa Tengah
NS003056,NIK0000941,1961-02-06,P,Laundry,7480000.0,11.0,Malang,Jawa Timur
NS003057,NIK0002221,1980-04-24,P,Kuliner,4820000.0,12.0,Surabaya,Jawa Timur
NS003058,NIK0001912,1974-07-26,P,Toko Bangunan,4720000.0,20.0,Solo,Jawa Tengah
NS003059,NIK0000522,1996-05-18,L,Pedagang Pasar,5370000.0,15.0,Gresik,Jawa Timur
NS003060,NIK0001191,1971-06-21,P,Laundry,3210000.0,3.0,Singaraja,Bali
NS003061,NIK0000353,1984-07-13,P,Laundry,1750000.0,21.0,Jember,Jawa Timur
NS003062,NIK0002657,1963-09-07,L,Warung Kelontong,4300000.0,11.0,Malang,Jawa Timur
NS003063,NIK0002472,1989-10-09,P,Toko Bangunan,6250000.0,9.0,Kediri,Jawa Timur
NS003064,NIK0001125,1976-04-13,L,Peternakan,3320000.0,20.0,Medan ,Sumatera Utara
NS003065,NIK0000294,1964-11-17,P,Salon,5370000.0,21.0,Pematangsiantar,Sumatera Utara
NS003066,NIK0002657,1973-12-23,P,Warung Kelontong,1550000.0,18.0,Magelang,Jawa Tengah
NS003067,NIK0001879,1986-07-01,L,Pedagang Pasar,13240000.0,19.0,Bandung,Jawa Barat
NS003068,NIK0001790,1986-05-26,P,Bengkel,3520000.0,21.0,Denpasar,Bali
NS003069,NIK0000368,1976-03-24,P,Kuliner,11300000.0,9.0,Bekasi,Jawa Barat
NS003070,NIK0000491,1995-04-23,P,Salon,2470000.0,4.0,Semarang,Jawa Tengah
NS003071,NIK0000797,1982-02-05,P,Toko Bangunan,17950000.0,5.0,Parepare,Sulawesi Selatan
NS003072,NIK0000982,1967-02-13,P,Jasa Jahit,5750000.0,21.0,Surabaya,Jawa Timur
NS003073,NIK0001734,1984-04-03,L,Pedagang Pasar,9350000.0,5.0,Surabaya,Jawa Timur
NS003074,NIK0002097,1981-12-30,P,Jasa Jahit,1690000.0,12.0,Makassar,Sulawesi Selatan
NS003075,NIK0000421,1975-12-03,L,Kuliner,2540000.0,10.0,Surabaya,Jawa Timur
NS003076,NIK0001851,1986-11-12,P,Kerajinan,4180000.0,9.0,Semarang,Jawa Tengah
NS003077,NIK0000434,1988-12-03,P,Tidak Diketahui,3120000.0,10.0,  Cirebon,Jawa Barat
NS003078,NIK0000794,1978-02-07,L,Pertanian,7450000.0,6.0,GRESIK,Jawa Timur
NS003079,NIK0001637,1978-08-18,L,Kuliner,4380000.0,21.0,Cirebon,Jawa Barat
NS003080,NIK0000519,1967-02-05,P,Peternakan,4760000.0,17.0,Medan,Sumatera Utara
NS003081,NIK0000469,1980-07-13,P,Pedagang Pasar,,21.0,Kudus,Jawa Tengah
NS003082,NIK0000987,1961-06-16,L,Kerajinan,2240000.0,9.0,Sidoarjo,Jawa Timur
NS003083,NIK0002277,1968-01-12,L,Kerajinan,3420000.0,13.0,Semarang,Jawa Tengah
NS003084,NIK0002131,2001-10-29,L,LAINNYA,1700000.0,1.0,Pematangsiantar,Sumatera Utara
NS003085,NIK0000611,1965-04-28,L,Toko Bangunan,4450000.0,19.0,bogor,Jawa Barat
NS003086,NIK0001303,1995-05-13,L,Pertanian,4620000.0,6.0,  Jember,Jawa Timur
NS003087,NIK0000524,1982-11-18,L,Pertanian,3010000.0,3.0,Singaraja,Bali
NS003088,NIK0000221,2003-03-04,L,Pedagang Pasar,11910000.0,15.0,Cirebon,Jawa Barat
NS003089,NIK0002833,1977-10-14,P,Pertanian,2020000.0,8.0,BEKASI,Jawa Barat
NS003090,NIK0002292,1974-05-02,L,Laundry,10410000.0,13.0,jember,Jawa Timur
NS003091,NIK0001039,1986-08-23,P,Toko Bangunan,5310000.0,20.0,Surabaya,Jawa Timur
NS003092,NIK0000093,1968-08-06,P,Warung Kelontong,4910000.0,14.0,Semarang,Jawa Tengah
NS003093,NIK0000713,1981-06-08,L,Jasa Jahit,7970000.0,10.0,Bekasi,Jawa Barat
NS003094,NIK0000991,1972-07-12,P,Jasa Jahit,6400000.0,10.0,Gresik,Jawa Timur
NS003095,NIK0000539,1988-09-14,P,Kerajinan,5880000.0,10.0,Singaraja,Bali
NS003096,NIK0000967,2001-05-12,L,Laundry,3350000.0,17.0,Pematangsiantar,Sumatera Utara
NS003097,NIK0001204,1997-06-01,P,Tidak Diketahui,6250000.0,13.0,Cirebon,Jawa Barat
NS003098,NIK0000372,1968-12-01,L,Warung Kelontong,4290000.0,7.0,Parepare,Sulawesi Selatan
NS003099,NIK0000081,1976-01-11,P,Kuliner,4520000.0,4.0,Bandung,Jawa Barat
NS003100,NIK0000244,1962-10-27,P,Peternakan,7000000.0,2.0,Makassar,Sulawesi Selatan
NS003101,NIK0000987,1978-11-05,P,Salon,2680000.0,20.0,Bandung,Jawa Barat
NS003102,NIK0002239,1965-02-09,P,Pedagang Pasar,3070000.0,2.0,Solo,Jawa Tengah
NS003103,NIK0000974,1997-05-02,L,Salon,1110000.0,12.0,Parepare,Sulawesi Selatan
NS003104,NIK0001113,1965-07-25,P,Pedagang Pasar,11030000.0,6.0,Kudus,Jawa Tengah
NS003105,NIK0001955,1978-01-25,P,Jasa Jahit,17990000.0,14.0,Kudus,Jawa Tengah
NS003106,NIK0000890,1960-07-27,P,Toko Bangunan,7640000.0,10.0,Semarang,Jawa Tengah
NS003107,NIK0002241,1982-03-21,L,Salon,3230000.0,14.0,Cirebon,Jawa Barat
NS003108,NIK0002403,1979-11-30,L,Toko Bangunan,,7.0,Makassar,Sulawesi Selatan
NS003109,NIK0000697,1996-09-23,P,Pedagang Pasar,1490000.0,10.0,Parepare,Sulawesi Selatan
NS003110,NIK0002312,1982-10-26,P,Warung Kelontong,1280000.0,5.0,Bekasi,Jawa Barat
NS003111,NIK0001897,1962-11-02,L,Bengkel,4020000.0,10.0,Parepare,Sulawesi Selatan
NS003112,NIK0002419,1980-10-23,P,Jasa Jahit,2400000.0,15.0,Solo,Jawa Tengah
NS003113,NIK0000365,1996-12-02,L,Toko Bangunan,,21.0,Pematangsiantar,Sumatera Utara
NS003114,NIK0002730,1966-01-20,P,Pertanian,6990000.0,11.0,Bandung,Jawa Barat
NS003115,NIK0002924,1960-04-12,P,Pertanian,4960000.0,13.0,Singaraja,Bali
NS003116,NIK0001774,1971-09-12,L,Pedagang Pasar,5100000.0,10.0,Sidoarjo,Jawa Timur
NS003117,NIK0001566,1991-05-30,P,Bengkel,3290000.0,16.0,Jember,Jawa Timur
NS003118,NIK0000809,1998-08-21,P,Kerajinan,6280000.0,1.0,Makassar,Sulawesi Selatan
NS003119,NIK0000280,1973-01-28,P,Perikanan,3440000.0,20.0,Semarang,Jawa Tengah
NS003120,NIK0001470,1978-02-02,P,Kerajinan,870320000.0,3.0,Sidoarjo,Jawa Timur
NS003121,NIK0001919,1995-11-12,L,Pertanian,4610000.0,7.0,Bandung,Jawa Barat
NS003122,NIK0001647,1997-01-04,L,Jasa Jahit,11810000.0,1.0,Kediri,Jawa Timur
NS003123,NIK0000906,1968-03-27,L,Pertanian,3900000.0,17.0,Bogor,Jawa Barat
NS003124,NIK0000483,1981-04-30,P,Warung Kelontong,14790000.0,18.0,Bekasi,Jawa Barat
NS003125,NIK0000602,1977-08-21,L,Pedagang Pasar,3220000.0,17.0,Jember,Jawa Timur
NS003126,NIK0002707,1986-08-27,L,Perikanan,3750000.0,3.0,Singaraja,Bali
NS003127,NIK0002374,1995-08-28,L,Salon,3630000.0,5.0,Surabaya,Jawa Timur
NS003128,NIK0001331,1976-02-06,L,Kuliner,4390000.0,17.0,Magelang,Jawa Tengah
NS003129,NIK0000472,1984-03-06,P,Salon,2770000.0,19.0,Singaraja,Bali
NS003130,NIK0002255,1973-10-03,P,Bengkel,3630000.0,4.0,Malang,Jawa Timur
NS003131,NIK0001173,1964-12-29,P,Kerajinan,4660000.0,16.0,Parepare,Sulawesi Selatan
NS003132,NIK0002311,1977-02-10,P,Laundry,4290000.0,19.0,Medan,Sumatera Utara
NS003133,NIK0001212,1961-01-22,L,Salon,,20.0,  Malang,Jawa Timur
NS003134,NIK0000994,1973-03-16,L,Jasa Jahit,2970000.0,5.0,Medan,Sumatera Utara
NS003135,NIK0001275,2001-09-26,P,Bengkel,2850000.0,17.0,Kediri,Jawa Timur
NS003136,NIK0002707,1983-05-19,L,Salon,8180000.0,9.0,Makassar,Sulawesi Selatan
NS003137,NIK0000068,1973-03-26,L,Warung Kelontong,4040000.0,3.0,Semarang,Jawa Tengah
NS003138,NIK0002637,1960-08-11,L,Bengkel,1850000.0,3.0,Jember,Jawa Timur
NS003139,NIK0001397,1997-06-10,L,Peternakan,8510000.0,4.0,Bandung,Jawa Barat
NS003140,NIK0001418,2000-09-04,P,Peternakan,4660000.0,9.0,Malang,Jawa Timur
NS003141,NIK0002864,1965-11-09,P,Salon,3890000.0,10.0,kediri,Jawa Timur
NS003142,NIK0000585,1969-05-21,P,Pedagang Pasar,13040000.0,1.0,Kediri,Jawa Timur
NS003143,NIK0001717,1975-08-19,L,Toko Bangunan,3320000.0,4.0,Singaraja,Bali
NS003144,NIK0002214,1977-01-22,P,Kerajinan,,21.0,Medan,Sumatera Utara
NS003145,NIK0002685,1980-01-16,L,Bengkel,6950000.0,9.0,Magelang,Jawa Tengah
NS003146,NIK0000117,1987-06-09,L,Pedagang Pasar,2340000.0,2.0,  Malang,Jawa Timur
NS003147,NIK0000125,1970-04-29,P,Perikanan,3740000.0,5.0,Bogor,Jawa Barat
NS003148,NIK0002370,1996-06-19,L,Kuliner,3200000.0,19.0,Parepare,Sulawesi Selatan
NS003149,NIK0000855,1992-12-13,L,Kerajinan,4510000.0,10.0,Semarang,Jawa Tengah
NS003150,NIK0001854,1998-02-24,P,Peternakan,4180000.0,13.0,Surabaya,Jawa Timur
NS003151,NIK0001003,1960-02-13,L,Jasa Jahit,2900000.0,1.0,GRESIK,Jawa Timur
NS003152,NIK0001985,1963-03-28,L,LAINNYA,3570000.0,21.0,Magelang,Jawa Tengah
NS003153,NIK0001066,1996-11-01,L,Jasa Jahit,4610000.0,11.0,Semarang,Jawa Tengah
NS003154,NIK0000945,1990-09-05,L,Tidak Diketahui,2160000.0,15.0,Cirebon,Jawa Barat
NS003155,NIK0002600,1974-11-13,L,Jasa Jahit,4830000.0,16.0,  Sidoarjo,Jawa Timur
NS003156,NIK0000912,1986-08-17,P,Jasa Jahit,7970000.0,12.0,Sidoarjo,Jawa Timur
NS003157,NIK0000484,1970-11-23,P,Warung Kelontong,11850000.0,3.0,Parepare,Sulawesi Selatan
NS003158,NIK0000712,1997-05-06,P,Kerajinan,2310000.0,10.0,Medan,Sumatera Utara
NS003159,NIK0001099,1994-09-03,L,Jasa Jahit,2840000.0,10.0,Sidoarjo,Jawa Timur
NS003160,NIK0001994,1974-07-28,P,Salon,4150000.0,12.0,Parepare,Sulawesi Selatan
NS003161,NIK0002625,1990-03-03,P,LAINNYA,2700000.0,19.0,Cirebon,Jawa Barat
NS003162,NIK0000078,1974-01-13,L,Peternakan,7470000.0,21.0,Cirebon,Jawa Barat
NS003163,NIK0000133,1984-12-19,P,Kerajinan,8430000.0,7.0,  Bogor,Jawa Barat
NS003164,NIK0000352,1996-04-15,L,Perikanan,10360000.0,5.0,Sidoarjo,Jawa Timur
NS003165,NIK0001911,1964-08-16,P,Pedagang Pasar,4050000.0,14.0,Semarang,Jawa Tengah
NS003166,NIK0001365,1962-03-02,P,Toko Bangunan,5240000.0,18.0,Malang,Jawa Timur
NS003167,NIK0002562,1961-07-22,L,Perikanan,4970000.0,16.0,Gresik,Jawa Timur
NS003168,NIK0001769,1972-04-24,P,LAINNYA,5060000.0,15.0,Malang,Jawa Timur
NS003169,NIK0001427,1983-10-13,P,Laundry,4980000.0,9.0,Malang,Jawa Timur
NS003170,NIK0001885,1997-02-26,L,Peternakan,7260000.0,7.0,Bandung,Jawa Barat
NS003171,NIK0001510,1967-02-10,L,Warung Kelontong,10130000.0,8.0,Parepare,Sulawesi Selatan
NS003172,NIK0001805,1978-04-16,P,Kuliner,7860000.0,18.0,Gresik ,Jawa Timur
NS003173,NIK0001247,1999-04-03,L,Perikanan,4260000.0,16.0,Medan,Sumatera Utara
NS003174,NIK0000029,1968-04-18,P,Bengkel,1310000.0,20.0,Cirebon,Jawa Barat
NS003175,NIK0002681,1993-10-23,P,Perikanan,,12.0,  Cirebon,Jawa Barat
NS003176,NIK0002708,1978-05-30,P,Perikanan,25990000.0,19.0,Singaraja,Bali
NS003177,NIK0002256,1964-07-24,P,Laundry,3730000.0,10.0,Bekasi,Jawa Barat
NS003178,NIK0000022,1962-04-07,L,Pedagang Pasar,,9.0,Semarang,Jawa Tengah
NS003179,NIK0002622,1964-09-21,L,Peternakan,6420000.0,19.0,Bogor,Jawa Barat
NS003180,NIK0001351,1960-03-13,L,Jasa Jahit,4990000.0,11.0,Semarang,Jawa Tengah
NS003181,NIK0000662,1995-06-21,P,Laundry,2550000.0,10.0,Bogor,Jawa Barat
NS003182,NIK0000582,1989-01-27,P,Perikanan,5090000.0,20.0,Bogor,Jawa Barat
NS003183,NIK0000636,1969-05-02,P,Warung Kelontong,4370000.0,9.0,Gresik,Jawa Timur
NS003184,NIK0002626,1961-12-05,L,Peternakan,,3.0,Sidoarjo,Jawa Timur
NS003185,NIK0000898,1963-01-29,P,Salon,4890000.0,9.0,Surabaya,Jawa Timur
NS003186,NIK0002482,1993-01-14,L,Salon,2750000.0,6.0,parepare,Sulawesi Selatan
NS003187,NIK0002618,1968-08-28,P,Pertanian,4300000.0,5.0,Malang,Jawa Timur
NS003188,NIK0002336,1960-02-17,L,Warung Kelontong,5280000.0,13.0,MALANG,Jawa Timur
NS003189,NIK0000093,1962-08-06,P,Salon,3550000.0,9.0,Bandung,Jawa Barat
NS003190,NIK0000682,1962-06-17,P,Peternakan,2390000.0,9.0,Bogor,Jawa Barat
NS003191,NIK0002045,1972-06-02,P,Pedagang Pasar,,9.0,Bekasi,Jawa Barat
NS003192,NIK0001203,1977-09-02,P,Kuliner,2560000.0,8.0,Semarang,Jawa Tengah
NS003193,NIK0001592,1990-02-21,P,Kuliner,5080000.0,9.0,Denpasar,Bali
NS003194,NIK0000811,1997-05-02,P,Bengkel,5560000.0,20.0,Makassar,Sulawesi Selatan
NS003195,NIK0001222,1996-11-04,P,Kerajinan,2790000.0,6.0,  Bandung,Jawa Barat
NS003196,NIK0001929,1977-05-12,P,Pedagang Pasar,2270000.0,8.0,Pematangsiantar,Sumatera Utara
NS003197,NIK0001515,1981-12-15,P,Perikanan,2030000.0,8.0,Singaraja,Bali
NS003198,NIK0002755,1972-08-15,P,Jasa Jahit,3010000.0,11.0,Kediri,Jawa Timur
NS003199,NIK0000004,1994-04-14,L,Kerajinan,4020000.0,6.0,Sidoarjo,Jawa Timur
NS003200,NIK0002320,1983-08-23,L,Perikanan,6980000.0,17.0,Malang,Jawa Timur
NS003201,NIK0002766,1974-07-04,L,Warung Kelontong,,9.0,Denpasar,Bali
NS003202,NIK0002003,2000-12-14,P,Jasa Jahit,3140000.0,7.0,Bekasi,Jawa Barat
NS003203,NIK0000320,2001-09-16,P,Laundry,3780000.0,5.0,Semarang,Jawa Tengah
NS003204,NIK0002837,1970-12-28,P,Perikanan,4350000.0,1.0,Semarang,Jawa Tengah
NS003205,NIK0002557,1994-11-06,L,Toko Bangunan,3160000.0,19.0,Kudus,Jawa Tengah
NS003206,NIK0000436,1988-03-02,L,Bengkel,4830000.0,5.0,Semarang,Jawa Tengah
NS003207,NIK0000923,1974-11-25,P,Laundry,5560000.0,8.0,Pematangsiantar,Sumatera Utara
NS003208,NIK0001250,1991-07-03,L,Salon,10868750.0,21.0,KUDUS,Jawa Tengah
NS003209,NIK0001026,1967-12-12,P,Bengkel,4340000.0,21.0,Bekasi,Jawa Barat
NS003210,NIK0000052,1976-08-06,L,Warung Kelontong,5130000.0,15.0,Medan,Sumatera Utara
NS003211,NIK0000771,1972-09-29,P,Jasa Jahit,11100000.0,13.0,MEDAN,Sumatera Utara
NS003212,NIK0001653,1991-08-10,L,Kuliner,5540000.0,12.0,surabaya,Jawa Timur
NS003213,NIK0001220,1983-08-26,P,Warung Kelontong,7730000.0,3.0,Kediri,Jawa Timur
NS003214,NIK0002552,1996-06-08,L,Pertanian,2810000.0,21.0,Makassar,Sulawesi Selatan
NS003215,NIK0001822,1987-04-19,P,Perikanan,10120000.0,21.0,Sidoarjo,Jawa Timur
NS003216,NIK0002790,1968-01-30,P,Toko Bangunan,3454500.0,12.0,Malang,Jawa Timur
NS003217,NIK0000293,1969-07-21,P,Warung Kelontong,1080000.0,7.0,Bandung,Jawa Barat
NS003218,NIK0001037,1966-03-11,P,Warung Kelontong,3730000.0,4.0,Bekasi,Jawa Barat
NS003219,NIK0002532,1991-09-17,L,Kuliner,,16.0,Gresik,Jawa Timur
NS003220,NIK0001968,1972-04-12,L,Pertanian,,7.0,Bekasi,Jawa Barat
NS003221,NIK0001174,1988-12-18,P,Bengkel,19560000.0,7.0,Pematangsiantar,Sumatera Utara
NS003222,NIK0002057,1981-10-17,L,Kerajinan,2410000.0,8.0,Bekasi,Jawa Barat
NS003223,NIK0002067,1997-07-08,L,Bengkel,,20.0,Bekasi,Jawa Barat
NS003224,NIK0001354,1998-06-28,L,Jasa Jahit,4540000.0,14.0,Denpasar,Bali
NS003225,NIK0000691,1995-02-16,P,Salon,5920000.0,15.0,Bekasi,Jawa Barat
NS003226,NIK0002557,2000-06-06,L,Jasa Jahit,7270000.0,3.0,Denpasar,Bali
NS003227,NIK0001713,1984-05-16,P,Salon,1700000.0,6.0,Cirebon,Jawa Barat
NS003228,NIK0001700,2002-09-15,L,Bengkel,9500000.0,9.0,Bekasi,Jawa Barat
NS003229,NIK0000807,1966-07-27,L,Perikanan,4970000.0,2.0,Kudus,Jawa Tengah
NS003230,NIK0002286,1969-03-17,L,Toko Bangunan,3660000.0,3.0,Medan,Sumatera Utara
NS003231,NIK0001636,1974-05-20,P,Pertanian,8000000.0,10.0,Gresik,Jawa Timur
NS003232,NIK0000506,1993-10-28,L,Kuliner,11160000.0,2.0,Kudus,Jawa Tengah
NS003233,NIK0001774,2003-10-25,L,Pertanian,2780000.0,14.0,Denpasar,Bali
NS003234,NIK0002190,1964-07-10,L,Peternakan,3240000.0,11.0,Singaraja,Bali
NS003235,NIK0001938,1993-07-28,L,Peternakan,4030000.0,11.0,Parepare,Sulawesi Selatan
NS003236,NIK0000539,1965-10-17,P,Perikanan,12750000.0,8.0,Parepare,Sulawesi Selatan
NS003237,NIK0001831,1997-10-13,P,Laundry,1710000.0,20.0,Singaraja,Bali
NS003238,NIK0000582,1971-06-04,P,Jasa Jahit,7190000.0,15.0,Singaraja,Bali
NS003239,NIK0000006,1982-12-27,L,Perikanan,,21.0,Surabaya,Jawa Timur
NS003240,NIK0000100,1984-01-22,L,Tidak Diketahui,7420000.0,12.0,Makassar,Sulawesi Selatan
NS003241,NIK0002503,1962-12-25,P,Warung Kelontong,6270000.0,15.0,Denpasar,Bali
NS003242,NIK0000795,1977-01-03,P,Warung Kelontong,5570000.0,2.0,Makassar,Sulawesi Selatan
NS003243,NIK0001373,1987-04-09,L,Pertanian,5130000.0,1.0,Bandung,Jawa Barat
NS003244,NIK0000251,1961-01-09,P,Tidak Diketahui,4430000.0,6.0,Bogor,Jawa Barat
NS003245,NIK0000874,1992-12-15,P,Pedagang Pasar,3280000.0,7.0,Bekasi,Jawa Barat
NS003246,NIK0001378,1982-03-18,L,Kuliner,,1.0,Jember,Jawa Timur
NS003247,NIK0001178,1980-01-08,P,Salon,13500000.0,4.0,Jember,Jawa Timur
NS003248,NIK0002250,1966-04-18,P,Perikanan,3419250.0,13.0,Denpasar,Bali
NS003249,NIK0000482,1996-04-18,L,Laundry,5980000.0,10.0,Makassar,Sulawesi Selatan
NS003250,NIK0000462,1998-11-02,L,Peternakan,1819840000.0,10.0,Malang,Jawa Timur
NS003251,NIK0002421,1999-11-12,P,Kuliner,6480000.0,20.0,Bandung,Jawa Barat
NS003252,NIK0002608,1985-10-22,P,Laundry,,6.0,Makassar,Sulawesi Selatan
NS003253,NIK0000116,1981-12-22,P,Kerajinan,5090000.0,18.0,Singaraja ,Bali
NS003254,NIK0001609,1993-09-25,L,Pertanian,7490000.0,3.0,Solo,Jawa Tengah
NS003255,NIK0001859,1968-03-23,P,Jasa Jahit,6790000.0,8.0,Bekasi,Jawa Barat
NS003256,NIK0000045,1992-10-23,P,Peternakan,1930000.0,15.0,Parepare,Sulawesi Selatan
NS003257,NIK0000524,2002-11-22,P,Perikanan,3220000.0,5.0,Singaraja,Bali
NS003258,NIK0000882,2001-02-06,L,Peternakan,6860000.0,5.0,Parepare,Sulawesi Selatan
NS003259,NIK0002858,1983-11-11,L,Toko Bangunan,2900000.0,3.0,Bekasi,Jawa Barat
NS003260,NIK0001462,1980-11-02,P,Bengkel,6700000.0,12.0,  Parepare,Sulawesi Selatan
NS003261,NIK0001701,1989-12-21,P,Perikanan,7750000.0,17.0,Semarang,Jawa Tengah
NS003262,NIK0000235,2002-07-26,P,Salon,3650000.0,18.0,Gresik,Jawa Timur
NS003263,NIK0001696,1993-08-30,P,Kuliner,6350000.0,13.0,  Magelang,Jawa Tengah
NS003264,NIK0002511,1961-07-13,L,Jasa Jahit,9770000.0,5.0,Semarang,Jawa Tengah
NS003265,NIK0002124,1970-02-27,P,Kerajinan,2240000.0,21.0,Kediri,Jawa Timur
NS003266,NIK0002927,2003-03-21,L,Pedagang Pasar,5390000.0,20.0,Jember,Jawa Timur
NS003267,NIK0001467,1998-05-21,L,Pedagang Pasar,,12.0,Parepare,Sulawesi Selatan
NS003268,NIK0001760,1997-10-01,P,Kerajinan,4140000.0,2.0,Bogor,Jawa Barat
NS003269,NIK0002441,1967-09-15,L,Salon,4430000.0,8.0,semarang,Jawa Tengah
NS003270,NIK0001983,1994-01-16,P,Peternakan,2770000.0,20.0,Sidoarjo,Jawa Timur
NS003271,NIK0002949,1980-07-15,L,Salon,5720000.0,6.0,Jember,Jawa Timur
NS003272,NIK0002873,1982-03-22,P,Peternakan,12050000.0,5.0,Gresik,Jawa Timur
NS003273,NIK0001181,1964-09-07,L,Kerajinan,2930000.0,10.0,Denpasar,Bali
NS003274,NIK0000571,1979-10-21,P,Kerajinan,18530000.0,21.0,Bogor,Jawa Barat
NS003275,NIK0001411,2002-05-11,P,Perikanan,1120000.0,6.0,Kediri,Jawa Timur
NS003276,NIK0002006,1995-12-15,L,Salon,15440000.0,4.0,Kediri,Jawa Timur
NS003277,NIK0002779,1996-07-18,L,Kuliner,2400000.0,7.0,Surabaya,Jawa Timur
NS003278,NIK0001258,1960-12-14,L,Laundry,2750000.0,2.0,Sidoarjo,Jawa Timur
NS003279,NIK0001939,1981-04-29,P,Jasa Jahit,7690000.0,17.0,Kudus,Jawa Tengah
NS003280,NIK0001728,1960-07-17,P,Bengkel,4460000.0,9.0,Parepare,Sulawesi Selatan
NS003281,NIK0002112,1974-02-12,P,Toko Bangunan,8470000.0,10.0,Pematangsiantar,Sumatera Utara
NS003282,NIK0002795,1992-06-26,P,Peternakan,5540000.0,19.0,Cirebon,Jawa Barat
NS003283,NIK0000651,1969-03-26,L,Salon,2280000.0,11.0,Gresik,Jawa Timur
NS003284,NIK0002845,1971-03-13,L,Pertanian,3250000.0,20.0,Kediri,Jawa Timur
NS003285,NIK0000926,1976-03-04,L,Kuliner,5260000.0,8.0,Singaraja,Bali
NS003286,NIK0002134,1973-07-24,P,Toko Bangunan,2970000.0,1.0,Cirebon,Jawa Barat
NS003287,NIK0002322,1966-05-08,P,Bengkel,3460000.0,19.0,Jember,Jawa Timur
NS003288,NIK0002098,1976-03-26,P,Toko Bangunan,6580000.0,5.0,Pematangsiantar,Sumatera Utara
NS003289,NIK0002528,1991-11-24,P,Peternakan,3980000.0,16.0,Bandung,Jawa Barat
NS003290,NIK0002495,1977-08-06,L,Warung Kelontong,10210000.0,18.0,Bekasi,Jawa Barat
NS003291,NIK0002774,1991-10-12,L,Warung Kelontong,1770000.0,20.0,Solo,Jawa Tengah
NS003292,NIK0001422,1984-08-08,P,Kuliner,4150000.0,11.0,  Kudus,Jawa Tengah
NS003293,NIK0002645,1969-07-29,P,Kerajinan,6280000.0,20.0,Malang,Jawa Timur
NS003294,NIK0001007,1994-12-16,P,Kuliner,4140000.0,2.0,Cirebon,Jawa Barat
NS003295,NIK0002509,1996-07-06,P,Peternakan,3460000.0,16.0,Kediri,Jawa Timur
NS003296,NIK0001836,1960-10-04,P,Perikanan,4270000.0,17.0,Makassar,Sulawesi Selatan
NS003297,NIK0000751,2000-05-04,P,Jasa Jahit,2710000.0,7.0,Kediri,Jawa Timur
NS003298,NIK0002346,1978-05-08,P,Pertanian,7280000.0,20.0,Denpasar,Bali
NS003299,NIK0000699,1995-11-05,P,Perikanan,2470000.0,3.0,Pematangsiantar,Sumatera Utara
NS003300,NIK0000094,1990-06-27,P,Jasa Jahit,12940000.0,5.0,Semarang,Jawa Tengah
NS003301,NIK0001421,2000-11-11,L,Pertanian,3590000.0,1.0,Medan,Sumatera Utara
NS003302,NIK0001423,1990-09-30,L,Warung Kelontong,3900000.0,13.0,Solo,Jawa Tengah
NS003303,NIK0000347,1995-05-04,L,Toko Bangunan,6720000.0,21.0,Kudus,Jawa Tengah
NS003304,NIK0002675,1978-02-23,P,Salon,4220000.0,5.0,Sidoarjo,Jawa Timur
NS003305,NIK0000298,1963-01-05,L,Peternakan,,5.0,Malang,Jawa Timur
NS003306,NIK0002643,1990-11-07,L,Peternakan,,2.0,Pematangsiantar,Sumatera Utara
NS003307,NIK0001488,1965-09-27,L,Jasa Jahit,4650000.0,19.0,Magelang,Jawa Tengah
NS003308,NIK0002789,1982-05-01,P,Pedagang Pasar,2060000.0,16.0,Jember,Jawa Timur
NS003309,NIK0000514,1984-01-04,L,Jasa Jahit,6160000.0,8.0,Parepare,Sulawesi Selatan
NS003310,NIK0002160,1967-09-07,P,Peternakan,5530000.0,2.0,Sidoarjo,Jawa Timur
NS003311,NIK0002575,1995-12-29,L,Toko Bangunan,3630000.0,1.0,Jember,Jawa Timur
NS003312,NIK0000080,1994-05-16,L,Jasa Jahit,6040000.0,3.0,Cirebon,Jawa Barat
NS003313,NIK0001899,1981-01-18,P,Laundry,12820000.0,1.0,Singaraja,Bali
NS003314,NIK0002881,2000-09-25,L,Bengkel,3740000.0,14.0,Makassar,Sulawesi Selatan
NS003315,NIK0000157,1981-02-02,P,Peternakan,4790000.0,3.0,Bogor,Jawa Barat
NS003316,NIK0000395,1990-09-24,L,Kerajinan,3370000.0,1.0,Medan,Sumatera Utara
NS003317,NIK0002534,1960-07-09,P,Jasa Jahit,4890000.0,1.0,Cirebon,Jawa Barat
NS003318,NIK0001298,1977-10-12,P,Kerajinan,5110000.0,3.0,Solo,Jawa Tengah
NS003319,NIK0000357,1974-08-03,L,Pertanian,4030000.0,8.0,Magelang,Jawa Tengah
NS003320,NIK0001698,1971-07-05,P,Kerajinan,8377750.0,3.0,kudus,Jawa Tengah
NS003321,NIK0001310,1973-09-14,P,Laundry,6160000.0,5.0,Bekasi,Jawa Barat
NS003322,NIK0002418,1999-01-09,P,Jasa Jahit,1910000.0,16.0,Semarang,Jawa Tengah
NS003323,NIK0000744,1990-02-15,P,Salon,10150000.0,18.0,Sidoarjo,Jawa Timur
NS003324,NIK0002711,2000-05-21,L,Jasa Jahit,3800000.0,13.0,Bandung,Jawa Barat
NS003325,NIK0000460,1989-11-27,P,Peternakan,4440000.0,3.0,Bandung,Jawa Barat
NS003326,NIK0000925,1989-06-14,L,Perikanan,5820000.0,4.0,Sidoarjo,Jawa Timur
NS003327,NIK0000090,1980-04-10,L,Jasa Jahit,3990000.0,8.0,Bogor,Jawa Barat
NS003328,NIK0002781,1999-01-16,P,Bengkel,3870000.0,3.0,Kudus,Jawa Tengah
NS003329,NIK0002543,1988-08-10,P,Kuliner,5500000.0,18.0,Surabaya,Jawa Timur
NS003330,NIK0002562,1966-03-04,P,Jasa Jahit,3520000.0,20.0,Malang,Jawa Timur
NS003331,NIK0001064,1994-04-20,P,Pertanian,10830000.0,1.0,Singaraja,Bali
NS003332,NIK0001933,1980-02-14,L,Perikanan,6690000.0,6.0,Singaraja,Bali
NS003333,NIK0001941,1993-06-08,L,Warung Kelontong,12610000.0,21.0,Bogor,Jawa Barat
NS003334,NIK0001725,1991-06-22,P,Salon,6410000.0,4.0,Denpasar,Bali
NS003335,NIK0001784,1985-01-16,P,Salon,2420000.0,17.0,Sidoarjo,Jawa Timur
NS003336,NIK0001195,1975-06-13,L,Laundry,4760000.0,7.0,Solo,Jawa Tengah
NS003337,NIK0002098,1997-12-04,L,Warung Kelontong,6270000.0,1.0,Gresik,Jawa Timur
NS003338,NIK0002170,1969-02-17,L,Peternakan,4330000.0,17.0,Cirebon,Jawa Barat
NS003339,NIK0002376,1982-12-16,L,Bengkel,1320000.0,11.0,Cirebon,Jawa Barat
NS003340,NIK0001416,1964-08-30,P,Warung Kelontong,1890000.0,11.0,Kudus,Jawa Tengah
NS003341,NIK0000652,1973-03-04,P,Pedagang Pasar,8370000.0,6.0,Surabaya,Jawa Timur
NS003342,NIK0002137,2000-02-25,L,Jasa Jahit,,20.0,Denpasar,Bali
NS003343,NIK0001920,1992-12-14,P,Bengkel,1530000.0,20.0,Bandung,Jawa Barat
NS003344,NIK0000742,1994-12-26,P,Laundry,4782250.0,19.0,Pematangsiantar,Sumatera Utara
NS003345,NIK0002822,1999-04-14,L,Jasa Jahit,3570000.0,7.0,Smg,Jawa Tengah
NS003346,NIK0001744,1962-03-16,P,Pedagang Pasar,16530000.0,4.0,Surabaya,Jawa Timur
NS003347,NIK0000680,1970-01-20,P,Pertanian,13470000.0,7.0,Surabaya,Jawa Timur
NS003348,NIK0002283,1963-10-05,L,Bengkel,12370000.0,11.0,Medan,Sumatera Utara
NS003349,NIK0001558,1995-12-21,L,Toko Bangunan,4400000.0,11.0,Kediri,Jawa Timur
NS003350,NIK0000706,1999-05-21,L,Laundry,4530000.0,5.0,Bekasi,Jawa Barat
NS003351,NIK0001124,1974-08-23,P,Warung Kelontong,7450000.0,13.0,Medan,Sumatera Utara
NS003352,NIK0002496,1968-03-20,P,Pedagang Pasar,8530000.0,4.0,Medan,Sumatera Utara
NS003353,NIK0001205,1967-11-17,P,Salon,6060000.0,4.0,Surabaya,Jawa Timur
NS003354,NIK0002086,1988-03-16,P,Bengkel,3980000.0,17.0,Semarang,Jawa Tengah
NS003355,NIK0002345,1993-07-05,P,Pedagang Pasar,4480000.0,5.0,Kudus,Jawa Tengah
NS003356,NIK0000923,1996-07-27,L,Warung Kelontong,3980000.0,9.0,Magelang,Jawa Tengah
NS003357,NIK0000484,1989-07-05,P,Kerajinan,393900000.0,17.0,Malang,Jawa Timur
NS003358,NIK0002762,1993-03-01,P,Jasa Jahit,3190000.0,18.0,Pematangsiantar,Sumatera Utara
NS003359,NIK0000609,1999-07-18,L,Perikanan,8190000.0,4.0,Denpasar,Bali
NS003360,NIK0000615,1986-01-17,P,Jasa Jahit,6230000.0,10.0,  Solo,Jawa Tengah
NS003361,NIK0000524,1967-02-18,P,Peternakan,9270000.0,6.0,Bandung,Jawa Barat
NS003362,NIK0002880,1992-11-11,P,Laundry,3630000.0,13.0,Bogor,Jawa Barat
NS003363,NIK0000062,1968-10-03,P,Kerajinan,6590000.0,8.0,Pematangsiantar,Sumatera Utara
NS003364,NIK0002666,1979-08-03,P,Pedagang Pasar,,3.0,Malang,Jawa Timur
NS003365,NIK0000057,1980-05-26,L,Peternakan,4400000.0,18.0,Kediri,Jawa Timur
NS003366,NIK0000800,1996-12-11,L,Jasa Jahit,10060000.0,13.0,Singaraja,Bali
NS003367,NIK0000175,1989-07-22,L,Kerajinan,3780000.0,9.0,Magelang,Jawa Tengah
NS003368,NIK0000248,1999-07-11,P,Bengkel,,14.0,Sidoarjo,Jawa Timur
NS003369,NIK0001592,1982-02-11,P,Pedagang Pasar,4030000.0,15.0,Denpasar,Bali
NS003370,NIK0002481,1966-09-30,L,Pertanian,3570000.0,19.0,  Parepare,Sulawesi Selatan
NS003371,NIK0000373,1988-10-26,P,Toko Bangunan,4710000.0,4.0,Kediri,Jawa Timur
NS003372,NIK0000272,2002-10-31,P,Toko Bangunan,18036250.0,18.0,Bandung,Jawa Barat
NS003373,NIK0000622,1979-12-29,L,Perikanan,2760000.0,16.0,Singaraja,Bali
NS003374,NIK0000679,1972-05-02,P,Salon,4340000.0,19.0,Surabaya,Jawa Timur
NS003375,NIK0002766,1994-07-21,L,Salon,7900000.0,18.0,Cirebon,Jawa Barat
NS003376,NIK0001198,1964-06-29,L,LAINNYA,3860000.0,15.0,Magelang,Jawa Tengah
NS003377,NIK0000480,1989-09-30,L,Jasa Jahit,15680000.0,5.0,Jember,Jawa Timur
NS003378,NIK0000172,1963-05-09,P,Toko Bangunan,4100000.0,15.0,Semarang,Jawa Tengah
NS003379,NIK0002714,2003-06-09,P,Perikanan,5080000.0,7.0,Bekasi,Jawa Barat
NS003380,NIK0000641,1974-10-06,P,Toko Bangunan,4850000.0,17.0,Kudus,Jawa Tengah
NS003381,NIK0000922,1969-10-05,P,Toko Bangunan,4900000.0,21.0,Malang,Jawa Timur
NS003382,NIK0001521,1972-09-12,L,Laundry,5470000.0,1.0,Jember,Jawa Timur
NS003383,NIK0001443,1974-12-17,L,Salon,8550000.0,15.0,Parepare,Sulawesi Selatan
NS003384,NIK0002334,1992-05-07,P,Kuliner,3570000.0,6.0,Surabaya,Jawa Timur
NS003385,NIK0002098,1961-08-29,P,Kerajinan,1019590000.0,21.0,Cirebon,Jawa Barat
NS003386,NIK0000273,1990-03-28,P,Perikanan,5220000.0,16.0,Semarang,Jawa Tengah
NS003387,NIK0002337,1965-01-11,P,Toko Bangunan,6060000.0,1.0,Sidoarjo,Jawa Timur
NS003388,NIK0002794,1968-03-11,P,Laundry,3170000.0,17.0,Bogor,Jawa Barat
NS003389,NIK0001181,1996-07-14,P,Laundry,4060000.0,14.0,Sidoarjo,Jawa Timur
NS003390,NIK0002134,1986-04-26,P,Kerajinan,8020000.0,17.0,Semarang,Jawa Tengah
NS003391,NIK0001065,1970-05-31,L,Warung Kelontong,,18.0,Denpasar,Bali
NS003392,NIK0000111,1972-08-11,L,Pertanian,3980000.0,5.0,Medan,Sumatera Utara
NS003393,NIK0001102,1999-09-03,P,Pertanian,5040000.0,1.0,Magelang,Jawa Tengah
NS003394,NIK0001745,1997-01-03,P,Toko Bangunan,8060000.0,10.0,Magelang,Jawa Tengah
NS003395,NIK0001893,2001-05-03,L,Toko Bangunan,8000000.0,14.0,Pematangsiantar ,Sumatera Utara
NS003396,NIK0000243,1985-06-11,L,Perikanan,3480000.0,1.0,Gresik,Jawa Timur
NS003397,NIK0000395,1969-09-11,P,Jasa Jahit,3320000.0,2.0,Makassar,Sulawesi Selatan
NS003398,NIK0001424,1974-04-17,P,Perikanan,3860000.0,14.0,Medan,Sumatera Utara
NS003399,NIK0001357,1976-08-09,L,Pedagang Pasar,2010000.0,4.0,Surabaya,Jawa Timur
NS003400,NIK0002746,1989-08-29,P,Jasa Jahit,3410000.0,7.0,Cirebon,Jawa Barat
NS003401,NIK0001405,2003-07-25,P,Salon,10800000.0,16.0,Gresik,Jawa Timur
NS003402,NIK0002071,1969-10-14,L,Peternakan,4270000.0,21.0,KUDUS,Jawa Tengah
NS003403,NIK0000588,1995-11-20,L,Peternakan,3540000.0,16.0,Gresik,Jawa Timur
NS003404,NIK0001207,1975-07-18,P,Laundry,4720000.0,7.0,  Semarang,Jawa Tengah
NS003405,NIK0001192,1984-04-30,P,Warung Kelontong,3290000.0,6.0,Surabaya,Jawa Timur
NS003406,NIK0001739,2002-06-29,P,Toko Bangunan,7690000.0,12.0,Kediri,Jawa Timur
NS003407,NIK0002719,1977-04-26,L,Tidak Diketahui,2520000.0,2.0,Solo,Jawa Tengah
NS003408,NIK0001182,1989-01-11,P,Salon,3410000.0,2.0,Cirebon,Jawa Barat
NS003409,NIK0002301,2002-08-13,P,Kuliner,7910000.0,5.0,Kudus,Jawa Tengah
NS003410,NIK0002871,1985-11-09,P,Warung Kelontong,7420000.0,6.0,Medan,Sumatera Utara
NS003411,NIK0002286,1994-09-18,L,Perikanan,11760000.0,10.0,Magelang,Jawa Tengah
NS003412,NIK0001810,1978-01-14,P,Pertanian,2150000.0,11.0,Magelang,Jawa Tengah
NS003413,NIK0002911,1983-11-03,L,Salon,1550000.0,9.0,Kudus,Jawa Tengah
NS003414,NIK0000607,1969-08-01,P,Toko Bangunan,3250000.0,11.0,Kediri,Jawa Timur
NS003415,NIK0002689,1977-09-08,P,Jasa Jahit,,6.0,Pematangsiantar,Sumatera Utara
NS003416,NIK0000905,1990-09-15,P,Warung Kelontong,2440000.0,16.0,Surabaya,Jawa Timur
NS003417,NIK0000915,1996-07-03,P,Warung Kelontong,5620000.0,8.0,Bandung,Jawa Barat
NS003418,NIK0001669,2003-05-19,L,Tidak Diketahui,3660000.0,19.0,Bandung,Jawa Barat
NS003419,NIK0000165,1976-09-08,L,Bengkel,2750000.0,19.0,Makassar,Sulawesi Selatan
NS003420,NIK0002937,2003-04-28,L,Kuliner,17690000.0,4.0,Bogor,Jawa Barat
NS003421,NIK0001410,1961-07-26,P,Kuliner,9630000.0,17.0,  Medan,Sumatera Utara
NS003422,NIK0002674,1983-04-27,P,Warung Kelontong,2780000.0,1.0,Bekasi,Jawa Barat
NS003423,NIK0001964,1968-10-03,L,Kerajinan,5770000.0,16.0,Medan,Sumatera Utara
NS003424,NIK0001084,1972-04-25,L,Warung Kelontong,3900000.0,8.0,Gresik,Jawa Timur
NS003425,NIK0001835,1981-12-10,P,Kerajinan,5060000.0,9.0,Cirebon,Jawa Barat
NS003426,NIK0000864,1990-07-23,P,Tidak Diketahui,,14.0,Kediri ,Jawa Timur
NS003427,NIK0000719,1985-10-03,L,Salon,11033250.0,12.0,Solo,Jawa Tengah
NS003428,NIK0000534,1975-03-29,L,Tidak Diketahui,8770000.0,21.0,Makassar,Sulawesi Selatan
NS003429,NIK0002414,1967-05-29,P,Kuliner,3960000.0,11.0,Kediri,Jawa Timur
NS003430,NIK0001741,1995-05-05,L,Kerajinan,4250000.0,13.0,Semarang,Jawa Tengah
NS003431,NIK0002660,1998-06-19,P,Perikanan,,14.0,Bandung,Jawa Barat
NS003432,NIK0002772,1990-08-20,P,Peternakan,3620000.0,9.0,Singaraja,Bali
NS003433,NIK0000572,1962-01-20,P,Tidak Diketahui,2990000.0,16.0,Makassar,Sulawesi Selatan
NS003434,NIK0002616,1990-10-07,P,Tidak Diketahui,3340000.0,18.0,Singaraja,Bali
NS003435,NIK0001579,1966-05-11,P,Warung Kelontong,5180000.0,15.0,Gresik,Jawa Timur
NS003436,NIK0001529,1960-06-05,P,Kuliner,3140000.0,15.0,Kediri,Jawa Timur
NS003437,NIK0000132,1986-07-09,P,Peternakan,4430000.0,20.0,Surabaya,Jawa Timur
NS003438,NIK0001010,1989-04-03,P,Bengkel,1430000.0,5.0,Parepare,Sulawesi Selatan
NS003439,NIK0001555,1975-12-07,P,Laundry,4270000.0,8.0,Makassar,Sulawesi Selatan
NS003440,NIK0002343,1970-04-06,P,Kuliner,5240000.0,15.0,Denpasar,Bali
NS003441,NIK0000472,1982-07-15,L,Tidak Diketahui,2160000.0,20.0,Gresik,Jawa Timur
NS003442,NIK0001231,1991-07-28,P,Kerajinan,4430000.0,20.0,Magelang,Jawa Tengah
NS003443,NIK0000774,1971-07-26,P,Peternakan,2380000.0,3.0,Denpasar,Bali
NS003444,NIK0002085,1968-12-10,L,Laundry,4220000.0,14.0,Kudus,Jawa Tengah
NS003445,NIK0001755,1964-11-09,L,Bengkel,1210000.0,18.0,Bogor,Jawa Barat
NS003446,NIK0002940,1976-05-11,L,Jasa Jahit,6300000.0,13.0,Gresik,Jawa Timur
NS003447,NIK0000692,1999-01-11,P,Jasa Jahit,,21.0,Solo,Jawa Tengah
NS003448,NIK0000246,1973-02-23,L,Pertanian,3172500.0,5.0,Kediri,Jawa Timur
NS003449,NIK0001073,1962-05-17,L,Kuliner,4050000.0,7.0,Solo,Jawa Tengah
NS003450,NIK0000362,1977-12-16,L,Salon,3120000.0,1.0,Kediri,Jawa Timur
NS003451,NIK0002125,1980-04-20,P,Warung Kelontong,5510000.0,20.0,Jember,Jawa Timur
NS003452,NIK0000919,1965-10-22,P,Perikanan,846240000.0,11.0,Cirebon,Jawa Barat
NS003453,NIK0002490,1997-07-13,L,Warung Kelontong,2970000.0,21.0,Denpasar,Bali
NS003454,NIK0000876,1993-08-05,P,Salon,6230000.0,1.0,Semarang,Jawa Tengah
NS003455,NIK0001408,1962-03-05,P,Salon,6800000.0,10.0,pematangsiantar,Sumatera Utara
NS003456,NIK0000999,1981-10-16,L,Peternakan,4980000.0,7.0,Pematangsiantar,Sumatera Utara
NS003457,NIK0002478,1976-03-15,P,Pedagang Pasar,6930000.0,13.0,Bekasi,Jawa Barat
NS003458,NIK0001264,1980-01-23,P,Salon,14860000.0,3.0,Gresik,Jawa Timur
NS003459,NIK0002243,1977-11-30,L,Perikanan,2400000.0,1.0,Denpasar,Bali
NS003460,NIK0000523,1991-03-24,P,Bengkel,,1.0,Malang,Jawa Timur
NS003461,NIK0001713,1973-11-13,P,Warung Kelontong,4990000.0,20.0,Semarang ,Jawa Tengah
NS003462,NIK0000448,1968-02-14,L,Toko Bangunan,5687000.0,20.0,Bandung,Jawa Barat
NS003463,NIK0001396,1984-06-01,P,Pertanian,4570000.0,6.0,Semarang,Jawa Tengah
NS003464,NIK0000571,1974-03-17,L,Kerajinan,4206500.0,5.0,Sidoarjo,Jawa Timur
NS003465,NIK0001842,1973-10-11,L,Perikanan,5180000.0,11.0,Magelang,Jawa Tengah
NS003466,NIK0002662,1975-10-21,P,Kuliner,6170000.0,20.0,Pematangsiantar,Sumatera Utara
NS003467,NIK0001713,1969-10-20,L,Pertanian,5180000.0,6.0,Jember,Jawa Timur
NS003468,NIK0000786,2002-03-08,P,Jasa Jahit,6030000.0,3.0,Parepare,Sulawesi Selatan
NS003469,NIK0000259,1978-07-13,L,Warung Kelontong,4620000.0,15.0,Bogor,Jawa Barat
NS003470,NIK0001585,1995-10-24,L,Salon,11760000.0,19.0,Semarang,Jawa Tengah
NS003471,NIK0002131,1991-02-15,P,Warung Kelontong,3410000.0,5.0,Bandung,Jawa Barat
NS003472,NIK0001046,1996-10-02,P,Pertanian,5700000.0,6.0,Bogor,Jawa Barat
NS003473,NIK0002256,1983-11-25,P,Peternakan,5910000.0,10.0,Denpasar,Bali
NS003474,NIK0001466,1963-07-13,P,Toko Bangunan,4580000.0,20.0,Solo,Jawa Tengah
NS003475,NIK0001012,1989-09-23,P,Salon,3100000.0,17.0,Bandung,Jawa Barat
NS003476,NIK0000011,1991-01-09,P,Toko Bangunan,1660000.0,2.0,Bekasi,Jawa Barat
NS003477,NIK0001075,1991-10-10,L,Toko Bangunan,3440000.0,9.0,Bogor,Jawa Barat
NS003478,NIK0001334,1960-07-27,P,Kerajinan,,12.0,parepare,Sulawesi Selatan
NS003479,NIK0001502,1967-11-15,L,Pertanian,3540000.0,7.0,Surabaya,Jawa Timur
NS003480,NIK0002171,1994-12-02,L,Salon,22720000.0,7.0,Bekasi,Jawa Barat
NS003481,NIK0002500,1982-08-08,P,Kerajinan,8960000.0,8.0,Cirebon,Jawa Barat
NS003482,NIK0001421,1972-11-14,L,Jasa Jahit,4090000.0,9.0,  Magelang,Jawa Tengah
NS003483,NIK0002161,1973-09-11,L,Perikanan,5610000.0,16.0,Cirebon,Jawa Barat
NS003484,NIK0002670,1962-02-16,P,Salon,3410000.0,2.0,Singaraja,Bali
NS003485,NIK0000301,1971-10-03,L,Warung Kelontong,3640000.0,5.0,Semarang,Jawa Tengah
NS003486,NIK0001127,1980-06-28,L,Perikanan,1372280000.0,12.0,Sidoarjo,Jawa Timur
NS003487,NIK0002403,1987-11-07,P,Perikanan,6570000.0,12.0,Cirebon,Jawa Barat
NS003488,NIK0002434,1970-07-17,P,Pedagang Pasar,,19.0,Semarang,Jawa Tengah
NS003489,NIK0000917,1960-08-09,P,Tidak Diketahui,4150000.0,13.0,Pematangsiantar,Sumatera Utara
NS003490,NIK0002626,1964-10-27,L,Pedagang Pasar,3890000.0,15.0,Pematangsiantar,Sumatera Utara
NS003491,NIK0002374,1982-02-07,L,Tidak Diketahui,5130000.0,12.0,Magelang,Jawa Tengah
NS003492,NIK0001808,1997-06-14,L,Salon,4910000.0,11.0,Pematangsiantar,Sumatera Utara
NS003493,NIK0001009,1969-05-19,L,Perikanan,2630000.0,8.0,Cirebon,Jawa Barat
NS003494,NIK0001745,1964-03-31,P,Laundry,347190000.0,3.0,Singaraja,Bali
NS003495,NIK0002089,1986-05-16,L,Pedagang Pasar,3440000.0,12.0,Cirebon,Jawa Barat
NS003496,NIK0002231,1988-11-21,L,Pedagang Pasar,,14.0,Kediri,Jawa Timur
NS003497,NIK0002561,1964-12-14,L,Perikanan,4110000.0,5.0,Magelang,Jawa Tengah
NS003498,NIK0002325,2003-03-30,P,Salon,3340000.0,7.0,Makassar,Sulawesi Selatan
NS003499,NIK0000819,1968-01-14,P,Laundry,4460000.0,5.0,Pematangsiantar,Sumatera Utara
NS003500,NIK0001110,1985-10-15,P,Laundry,4360000.0,1.0,Denpasar,Bali
UNKNOWN,UNKNOWN,,Tidak Diketahui,Tidak Diketahui,,,Tidak Diketahui,Tidak Diketahui
